date,store_id,product_id,category,forecast_demand,closing,reorder_lvl,lead_days,stockout_probability,risk_level,safety_stock,reorder_point,recommended_reorder_qty,top_reason_1,top_reason_2,manager_recommendation
2026-08-18,S01,P101,Dairy,152.41,0,123,4,1.0,HIGH,10.06,97.15,97,Stock-out active (Closing stock: 0 units),Long lead time (4 days) requires safety buffer,HIGH RISK: Reorder approximately 97 units immediately before the next replenishment cycle.
2026-08-18,S01,P102,Dairy,115.55,14,84,4,0.0,MEDIUM,18.61,84.64,71,High 7-day predicted demand forecast (116 units),Long lead time (4 days) requires safety buffer,MEDIUM RISK: Monitor closely; projected demand is 116 units. Recommended buffer order: 71 units.
2026-08-18,S01,P103,Dairy,51.68,270,44,2,0.0,LOW,9.32,24.09,0,Stable closing inventory position (270 units),Reorder trigger point set at 24 units,LOW RISK: Stock position is adequate. No immediate reorder required.
2026-08-18,S01,P104,Dairy,46.82,508,40,4,0.0,LOW,9.28,36.03,0,Stable closing inventory position (508 units),Long lead time (4 days) requires safety buffer,LOW RISK: Stock position is adequate. No immediate reorder required.
2026-08-18,S01,P201,Personal Care,45.81,698,40,2,0.0,LOW,6.42,19.51,0,Stable closing inventory position (698 units),Reorder trigger point set at 20 units,LOW RISK: Stock position is adequate. No immediate reorder required.
2026-08-18,S01,P202,Personal Care,140.55,93,100,3,0.0,MEDIUM,11.53,71.77,0,High 7-day predicted demand forecast (141 units),Active promotional campaign boosting velocity,MEDIUM RISK: Monitor closely; projected demand is 141 units. Recommended buffer order: 0 units.
2026-08-18,S01,P203,Personal Care,75.3,421,50,3,0.0,LOW,6.97,39.24,0,Stable closing inventory position (421 units),Reorder trigger point set at 39 units,LOW RISK: Stock position is adequate. No immediate reorder required.
2026-08-18,S01,P204,Personal Care,41.69,495,40,3,0.0,LOW,4.32,22.19,0,Stable closing inventory position (495 units),Reorder trigger point set at 22 units,LOW RISK: Stock position is adequate. No immediate reorder required.
2026-08-18,S01,P301,Beverages,133.89,0,112,1,1.0,HIGH,4.83,23.96,24,Stock-out active (Closing stock: 0 units),Active promotional campaign boosting velocity,HIGH RISK: Reorder approximately 24 units immediately before the next replenishment cycle.
2026-08-18,S01,P302,Beverages,86.04,0,67,3,1.0,HIGH,12.39,49.26,49,Stock-out active (Closing stock: 0 units),Reorder trigger point set at 49 units,HIGH RISK: Reorder approximately 49 units immediately before the next replenishment cycle.
2026-08-18,S01,P303,Beverages,52.47,93,40,1,0.0,LOW,3.16,10.66,0,Stable closing inventory position (93 units),Reorder trigger point set at 11 units,LOW RISK: Stock position is adequate. No immediate reorder required.
2026-08-18,S01,P304,Beverages,219.1,0,156,2,1.0,HIGH,12.95,75.55,76,Stock-out active (Closing stock: 0 units),Reorder trigger point set at 76 units,HIGH RISK: Reorder approximately 76 units immediately before the next replenishment cycle.
2026-08-18,S01,P401,Snacks,191.47,0,140,3,1.0,HIGH,20.74,102.8,103,Stock-out active (Closing stock: 0 units),Active promotional campaign boosting velocity,HIGH RISK: Reorder approximately 103 units immediately before the next replenishment cycle.
2026-08-18,S01,P402,Snacks,239.87,0,168,4,1.0,HIGH,17.74,154.81,155,Stock-out active (Closing stock: 0 units),Long lead time (4 days) requires safety buffer,HIGH RISK: Reorder approximately 155 units immediately before the next replenishment cycle.
2026-08-18,S01,P403,Snacks,111.3,159,89,2,0.0,LOW,7.47,39.27,0,High 7-day predicted demand forecast (111 units),Active promotional campaign boosting velocity,LOW RISK: Stock position is adequate. No immediate reorder required.
2026-08-18,S01,P404,Snacks,0.0,329,40,2,0.0,LOW,2.33,2.33,0,Stable closing inventory position (329 units),Reorder trigger point set at 2 units,LOW RISK: Stock position is adequate. No immediate reorder required.
2026-08-18,S01,P501,Household,72.1,163,56,1,0.0,LOW,6.59,16.89,0,Stable closing inventory position (163 units),Reorder trigger point set at 17 units,LOW RISK: Stock position is adequate. No immediate reorder required.
2026-08-18,S01,P502,Household,53.48,370,44,2,0.0,LOW,7.13,22.41,0,Stable closing inventory position (370 units),Reorder trigger point set at 22 units,LOW RISK: Stock position is adequate. No immediate reorder required.
2026-08-18,S01,P503,Household,86.52,4,67,2,0.0,MEDIUM,7.43,32.15,28,Stable closing inventory position (4 units),Reorder trigger point set at 32 units,MEDIUM RISK: Monitor closely; projected demand is 87 units. Recommended buffer order: 28 units.
2026-08-18,S01,P601,Frozen,111.81,0,78,3,1.0,HIGH,12.64,60.56,61,Stock-out active (Closing stock: 0 units),Reorder trigger point set at 61 units,HIGH RISK: Reorder approximately 61 units immediately before the next replenishment cycle.
2026-08-18,S02,P101,Dairy,233.08,0,178,1,1.0,HIGH,12.15,45.45,45,Stock-out active (Closing stock: 0 units),Reorder trigger point set at 45 units,HIGH RISK: Reorder approximately 45 units immediately before the next replenishment cycle.
2026-08-18,S02,P102,Dairy,159.52,0,121,2,1.0,HIGH,13.02,58.6,59,Stock-out active (Closing stock: 0 units),Reorder trigger point set at 59 units,HIGH RISK: Reorder approximately 59 units immediately before the next replenishment cycle.
2026-08-18,S02,P103,Dairy,90.64,253,64,2,0.0,LOW,12.7,38.6,0,Stable closing inventory position (253 units),Reorder trigger point set at 39 units,LOW RISK: Stock position is adequate. No immediate reorder required.
2026-08-18,S02,P104,Dairy,55.07,209,40,2,0.0,LOW,4.99,20.72,0,Stable closing inventory position (209 units),Reorder trigger point set at 21 units,LOW RISK: Stock position is adequate. No immediate reorder required.
2026-08-18,S02,P201,Personal Care,62.65,83,48,2,0.0,LOW,6.3,24.2,0,Stable closing inventory position (83 units),Reorder trigger point set at 24 units,LOW RISK: Stock position is adequate. No immediate reorder required.
2026-08-18,S02,P202,Personal Care,191.46,41,146,3,0.0,MEDIUM,27.36,109.41,68,High 7-day predicted demand forecast (191 units),Reorder trigger point set at 109 units,MEDIUM RISK: Monitor closely; projected demand is 191 units. Recommended buffer order: 68 units.
2026-08-18,S02,P203,Personal Care,95.44,291,73,3,0.0,LOW,17.18,58.08,0,Stable closing inventory position (291 units),Reorder trigger point set at 58 units,LOW RISK: Stock position is adequate. No immediate reorder required.
2026-08-18,S02,P204,Personal Care,40.76,270,40,2,0.0,LOW,6.13,17.78,0,Stable closing inventory position (270 units),Reorder trigger point set at 18 units,LOW RISK: Stock position is adequate. No immediate reorder required.
2026-08-18,S02,P301,Beverages,198.56,63,162,2,0.0,MEDIUM,7.22,63.95,1,High 7-day predicted demand forecast (199 units),Reorder trigger point set at 64 units,MEDIUM RISK: Monitor closely; projected demand is 199 units. Recommended buffer order: 1 units.
2026-08-18,S02,P302,Beverages,139.53,236,97,4,0.0,LOW,10.23,89.96,0,High 7-day predicted demand forecast (140 units),Long lead time (4 days) requires safety buffer,LOW RISK: Stock position is adequate. No immediate reorder required.
2026-08-18,S02,P303,Beverages,69.41,469,56,3,0.0,LOW,16.96,46.71,0,Stable closing inventory position (469 units),Reorder trigger point set at 47 units,LOW RISK: Stock position is adequate. No immediate reorder required.
2026-08-18,S02,P304,Beverages,291.51,0,227,3,1.0,HIGH,18.3,143.23,143,Stock-out active (Closing stock: 0 units),Reorder trigger point set at 143 units,HIGH RISK: Reorder approximately 143 units immediately before the next replenishment cycle.
2026-08-18,S02,P401,Snacks,252.04,0,203,4,1.0,HIGH,12.56,156.58,157,Stock-out active (Closing stock: 0 units),Long lead time (4 days) requires safety buffer,HIGH RISK: Reorder approximately 157 units immediately before the next replenishment cycle.
2026-08-18,S02,P402,Snacks,340.3,0,243,1,1.0,HIGH,25.86,74.47,74,Stock-out active (Closing stock: 0 units),Reorder trigger point set at 74 units,HIGH RISK: Reorder approximately 74 units immediately before the next replenishment cycle.
2026-08-18,S02,P403,Snacks,169.54,0,129,4,1.0,HIGH,22.28,119.16,119,Stock-out active (Closing stock: 0 units),Long lead time (4 days) requires safety buffer,HIGH RISK: Reorder approximately 119 units immediately before the next replenishment cycle.
2026-08-18,S02,P404,Snacks,0.0,778,40,3,0.0,LOW,2.86,2.86,0,Stable closing inventory position (778 units),Reorder trigger point set at 3 units,LOW RISK: Stock position is adequate. No immediate reorder required.
2026-08-18,S02,P501,Household,107.89,0,81,1,1.0,HIGH,6.9,22.31,22,Stock-out active (Closing stock: 0 units),Reorder trigger point set at 22 units,HIGH RISK: Reorder approximately 22 units immediately before the next replenishment cycle.
2026-08-18,S02,P502,Household,85.15,109,64,4,0.0,LOW,5.53,54.19,0,Stable closing inventory position (109 units),Long lead time (4 days) requires safety buffer,LOW RISK: Stock position is adequate. No immediate reorder required.
2026-08-18,S02,P503,Household,117.47,0,97,3,1.0,HIGH,22.68,73.02,73,Stock-out active (Closing stock: 0 units),Active promotional campaign boosting velocity,HIGH RISK: Reorder approximately 73 units immediately before the next replenishment cycle.
2026-08-18,S02,P601,Frozen,160.19,0,113,1,1.0,HIGH,10.32,33.2,33,Stock-out active (Closing stock: 0 units),Active promotional campaign boosting velocity,HIGH RISK: Reorder approximately 33 units immediately before the next replenishment cycle.
2026-08-18,S03,P101,Dairy,110.76,88,88,2,0.0,LOW,7.94,39.59,0,High 7-day predicted demand forecast (111 units),Reorder trigger point set at 40 units,LOW RISK: Stock position is adequate. No immediate reorder required.
2026-08-18,S03,P102,Dairy,75.85,268,60,1,0.0,LOW,4.2,15.04,0,Stable closing inventory position (268 units),Reorder trigger point set at 15 units,LOW RISK: Stock position is adequate. No immediate reorder required.
2026-08-18,S03,P103,Dairy,43.95,204,40,3,0.0,LOW,5.65,24.49,0,Stable closing inventory position (204 units),Active promotional campaign boosting velocity,LOW RISK: Stock position is adequate. No immediate reorder required.
2026-08-18,S03,P104,Dairy,26.53,1154,40,1,0.0,LOW,3.4,7.19,0,Stable closing inventory position (1154 units),Reorder trigger point set at 7 units,LOW RISK: Stock position is adequate. No immediate reorder required.
2026-08-18,S03,P201,Personal Care,30.5,1308,40,4,0.0,LOW,7.79,25.22,0,Stable closing inventory position (1308 units),Long lead time (4 days) requires safety buffer,LOW RISK: Stock position is adequate. No immediate reorder required.
2026-08-18,S03,P202,Personal Care,98.51,0,72,3,1.0,HIGH,10.57,52.79,53,Stock-out active (Closing stock: 0 units),Reorder trigger point set at 53 units,HIGH RISK: Reorder approximately 53 units immediately before the next replenishment cycle.
2026-08-18,S03,P203,Personal Care,47.55,80,40,2,0.0,LOW,7.09,20.68,0,Stable closing inventory position (80 units),Reorder trigger point set at 21 units,LOW RISK: Stock position is adequate. No immediate reorder required.
2026-08-18,S03,P204,Personal Care,27.33,571,40,4,0.0,LOW,5.19,20.81,0,Stable closing inventory position (571 units),Long lead time (4 days) requires safety buffer,LOW RISK: Stock position is adequate. No immediate reorder required.
2026-08-18,S03,P301,Beverages,104.7,84,80,3,0.0,LOW,7.74,52.61,0,High 7-day predicted demand forecast (105 units),Reorder trigger point set at 53 units,LOW RISK: Stock position is adequate. No immediate reorder required.
2026-08-18,S03,P302,Beverages,57.35,270,48,1,0.0,LOW,4.12,12.31,0,Stable closing inventory position (270 units),Active promotional campaign boosting velocity,LOW RISK: Stock position is adequate. No immediate reorder required.
2026-08-18,S03,P303,Beverages,41.85,56,40,3,0.0,LOW,4.32,22.26,0,Stable closing inventory position (56 units),Reorder trigger point set at 22 units,LOW RISK: Stock position is adequate. No immediate reorder required.
2026-08-18,S03,P304,Beverages,135.01,121,112,4,0.0,LOW,13.72,90.87,0,High 7-day predicted demand forecast (135 units),Long lead time (4 days) requires safety buffer,LOW RISK: Stock position is adequate. No immediate reorder required.
2026-08-18,S03,P401,Snacks,137.05,19,100,1,0.0,MEDIUM,8.67,28.25,9,High 7-day predicted demand forecast (137 units),Reorder trigger point set at 28 units,MEDIUM RISK: Monitor closely; projected demand is 137 units. Recommended buffer order: 9 units.
2026-08-18,S03,P402,Snacks,154.72,216,120,2,0.0,LOW,9.18,53.39,0,High 7-day predicted demand forecast (155 units),Reorder trigger point set at 53 units,LOW RISK: Stock position is adequate. No immediate reorder required.
2026-08-18,S03,P403,Snacks,85.1,195,64,1,0.0,LOW,5.78,17.94,0,Stable closing inventory position (195 units),Active promotional campaign boosting velocity,LOW RISK: Stock position is adequate. No immediate reorder required.
2026-08-18,S03,P404,Snacks,0.0,776,40,2,0.0,LOW,2.33,2.33,0,Stable closing inventory position (776 units),Reorder trigger point set at 2 units,LOW RISK: Stock position is adequate. No immediate reorder required.
2026-08-18,S03,P501,Household,57.51,559,40,1,0.0,LOW,6.59,14.81,0,Stable closing inventory position (559 units),Reorder trigger point set at 15 units,LOW RISK: Stock position is adequate. No immediate reorder required.
2026-08-18,S03,P502,Household,46.88,240,40,1,0.0,LOW,4.65,11.35,0,Stable closing inventory position (240 units),Reorder trigger point set at 11 units,LOW RISK: Stock position is adequate. No immediate reorder required.
2026-08-18,S03,P503,Household,63.35,221,48,3,0.0,LOW,8.95,36.1,0,Stable closing inventory position (221 units),Reorder trigger point set at 36 units,LOW RISK: Stock position is adequate. No immediate reorder required.
2026-08-18,S03,P601,Frozen,70.97,527,56,4,0.0,LOW,12.33,52.88,0,Stable closing inventory position (527 units),Long lead time (4 days) requires safety buffer,LOW RISK: Stock position is adequate. No immediate reorder required.
2026-08-18,S04,P101,Dairy,142.72,95,110,3,0.0,MEDIUM,13.27,74.44,0,High 7-day predicted demand forecast (143 units),Reorder trigger point set at 74 units,MEDIUM RISK: Monitor closely; projected demand is 143 units. Recommended buffer order: 0 units.
2026-08-18,S04,P102,Dairy,111.49,306,75,4,0.0,LOW,17.01,80.72,0,High 7-day predicted demand forecast (111 units),Long lead time (4 days) requires safety buffer,LOW RISK: Stock position is adequate. No immediate reorder required.
2026-08-18,S04,P103,Dairy,51.94,330,40,4,0.0,LOW,9.66,39.34,0,Stable closing inventory position (330 units),Long lead time (4 days) requires safety buffer,LOW RISK: Stock position is adequate. No immediate reorder required.
2026-08-18,S04,P104,Dairy,39.26,489,40,3,0.0,LOW,4.79,21.62,0,Stable closing inventory position (489 units),Reorder trigger point set at 22 units,LOW RISK: Stock position is adequate. No immediate reorder required.
2026-08-18,S04,P201,Personal Care,36.11,766,40,4,0.0,LOW,5.39,26.02,0,Stable closing inventory position (766 units),Long lead time (4 days) requires safety buffer,LOW RISK: Stock position is adequate. No immediate reorder required.
2026-08-18,S04,P202,Personal Care,110.63,0,90,1,1.0,HIGH,6.39,22.19,22,Stock-out active (Closing stock: 0 units),Reorder trigger point set at 22 units,HIGH RISK: Reorder approximately 22 units immediately before the next replenishment cycle.
2026-08-18,S04,P203,Personal Care,68.81,0,45,3,1.0,HIGH,6.77,36.26,36,Stock-out active (Closing stock: 0 units),Reorder trigger point set at 36 units,HIGH RISK: Reorder approximately 36 units immediately before the next replenishment cycle.
2026-08-18,S04,P204,Personal Care,38.39,237,40,1,0.0,LOW,3.78,9.26,0,Stable closing inventory position (237 units),Reorder trigger point set at 9 units,LOW RISK: Stock position is adequate. No immediate reorder required.
2026-08-18,S04,P301,Beverages,136.26,12,100,2,0.0,MEDIUM,11.17,50.1,38,High 7-day predicted demand forecast (136 units),Active promotional campaign boosting velocity,MEDIUM RISK: Monitor closely; projected demand is 136 units. Recommended buffer order: 38 units.
2026-08-18,S04,P302,Beverages,75.35,260,60,3,0.0,LOW,7.14,39.43,0,Stable closing inventory position (260 units),Reorder trigger point set at 39 units,LOW RISK: Stock position is adequate. No immediate reorder required.
2026-08-18,S04,P303,Beverages,44.74,310,40,4,0.0,LOW,8.24,33.81,0,Stable closing inventory position (310 units),Long lead time (4 days) requires safety buffer,LOW RISK: Stock position is adequate. No immediate reorder required.
2026-08-18,S04,P304,Beverages,184.5,60,141,4,0.0,MEDIUM,18.32,123.75,64,High 7-day predicted demand forecast (184 units),Long lead time (4 days) requires safety buffer,MEDIUM RISK: Monitor closely; projected demand is 184 units. Recommended buffer order: 64 units.
2026-08-18,S04,P401,Snacks,157.65,22,126,3,0.0,MEDIUM,11.83,79.39,57,High 7-day predicted demand forecast (158 units),Reorder trigger point set at 79 units,MEDIUM RISK: Monitor closely; projected demand is 158 units. Recommended buffer order: 57 units.
2026-08-18,S04,P402,Snacks,193.62,0,151,3,1.0,HIGH,19.86,102.84,103,Stock-out active (Closing stock: 0 units),Reorder trigger point set at 103 units,HIGH RISK: Reorder approximately 103 units immediately before the next replenishment cycle.
2026-08-18,S04,P403,Snacks,101.99,216,80,2,0.0,LOW,14.35,43.49,0,High 7-day predicted demand forecast (102 units),Reorder trigger point set at 43 units,LOW RISK: Stock position is adequate. No immediate reorder required.
2026-08-18,S04,P404,Snacks,0.0,594,40,4,0.0,LOW,3.3,3.3,0,Stable closing inventory position (594 units),Long lead time (4 days) requires safety buffer,LOW RISK: Stock position is adequate. No immediate reorder required.
2026-08-18,S04,P501,Household,77.23,377,50,1,0.0,LOW,2.69,13.72,0,Stable closing inventory position (377 units),Reorder trigger point set at 14 units,LOW RISK: Stock position is adequate. No immediate reorder required.
2026-08-18,S04,P502,Household,53.75,564,40,1,0.0,LOW,3.14,10.82,0,Stable closing inventory position (564 units),Reorder trigger point set at 11 units,LOW RISK: Stock position is adequate. No immediate reorder required.
2026-08-18,S04,P503,Household,74.27,204,60,4,0.0,LOW,9.22,51.66,0,Stable closing inventory position (204 units),Long lead time (4 days) requires safety buffer,LOW RISK: Stock position is adequate. No immediate reorder required.
2026-08-18,S04,P601,Frozen,86.52,60,70,3,0.0,MEDIUM,11.12,48.2,0,Stable closing inventory position (60 units),Reorder trigger point set at 48 units,MEDIUM RISK: Monitor closely; projected demand is 87 units. Recommended buffer order: 0 units.
2026-08-19,S01,P101,Dairy,151.86,0,123,1,1.0,HIGH,4.83,26.52,27,Stock-out active (Closing stock: 0 units),Reorder trigger point set at 27 units,HIGH RISK: Reorder approximately 27 units immediately before the next replenishment cycle.
2026-08-19,S01,P102,Dairy,114.74,0,84,2,1.0,HIGH,13.26,46.04,46,Stock-out active (Closing stock: 0 units),Reorder trigger point set at 46 units,HIGH RISK: Reorder approximately 46 units immediately before the next replenishment cycle.
2026-08-19,S01,P103,Dairy,53.64,293,44,1,0.0,LOW,6.66,14.32,0,Stable closing inventory position (293 units),Reorder trigger point set at 14 units,LOW RISK: Stock position is adequate. No immediate reorder required.
2026-08-19,S01,P104,Dairy,47.41,504,40,4,0.0,LOW,8.7,35.79,0,Stable closing inventory position (504 units),Long lead time (4 days) requires safety buffer,LOW RISK: Stock position is adequate. No immediate reorder required.
2026-08-19,S01,P201,Personal Care,47.67,691,40,3,0.0,LOW,7.86,28.29,0,Stable closing inventory position (691 units),Reorder trigger point set at 28 units,LOW RISK: Stock position is adequate. No immediate reorder required.
2026-08-19,S01,P202,Personal Care,140.82,67,100,1,0.0,MEDIUM,7.25,27.37,0,High 7-day predicted demand forecast (141 units),Reorder trigger point set at 27 units,MEDIUM RISK: Monitor closely; projected demand is 141 units. Recommended buffer order: 0 units.
2026-08-19,S01,P203,Personal Care,74.92,413,50,3,0.0,LOW,6.97,39.08,0,Stable closing inventory position (413 units),Reorder trigger point set at 39 units,LOW RISK: Stock position is adequate. No immediate reorder required.
2026-08-19,S01,P204,Personal Care,42.48,572,40,2,0.0,LOW,4.2,16.34,0,Stable closing inventory position (572 units),Reorder trigger point set at 16 units,LOW RISK: Stock position is adequate. No immediate reorder required.
2026-08-19,S01,P301,Beverages,136.89,0,112,3,1.0,HIGH,9.14,67.81,68,Stock-out active (Closing stock: 0 units),Reorder trigger point set at 68 units,HIGH RISK: Reorder approximately 68 units immediately before the next replenishment cycle.
2026-08-19,S01,P302,Beverages,88.43,0,67,1,1.0,HIGH,7.38,20.01,20,Stock-out active (Closing stock: 0 units),Active promotional campaign boosting velocity,HIGH RISK: Reorder approximately 20 units immediately before the next replenishment cycle.
2026-08-19,S01,P303,Beverages,54.38,86,40,4,0.0,LOW,9.69,40.76,0,Stable closing inventory position (86 units),Long lead time (4 days) requires safety buffer,LOW RISK: Stock position is adequate. No immediate reorder required.
2026-08-19,S01,P304,Beverages,218.03,0,156,4,1.0,HIGH,18.32,142.91,143,Stock-out active (Closing stock: 0 units),Active promotional campaign boosting velocity,HIGH RISK: Reorder approximately 143 units immediately before the next replenishment cycle.
2026-08-19,S01,P401,Snacks,191.71,0,140,1,1.0,HIGH,12.91,40.3,40,Stock-out active (Closing stock: 0 units),Reorder trigger point set at 40 units,HIGH RISK: Reorder approximately 40 units immediately before the next replenishment cycle.
2026-08-19,S01,P402,Snacks,243.82,0,168,4,1.0,HIGH,16.98,156.31,156,Stock-out active (Closing stock: 0 units),Long lead time (4 days) requires safety buffer,HIGH RISK: Reorder approximately 156 units immediately before the next replenishment cycle.
2026-08-19,S01,P403,Snacks,110.73,138,89,4,0.0,LOW,10.41,73.68,0,High 7-day predicted demand forecast (111 units),Long lead time (4 days) requires safety buffer,LOW RISK: Stock position is adequate. No immediate reorder required.
2026-08-19,S01,P404,Snacks,0.0,329,40,3,0.0,LOW,2.86,2.86,0,Stable closing inventory position (329 units),Reorder trigger point set at 3 units,LOW RISK: Stock position is adequate. No immediate reorder required.
2026-08-19,S01,P501,Household,66.78,148,56,1,0.0,LOW,7.67,17.21,0,Stable closing inventory position (148 units),Active promotional campaign boosting velocity,LOW RISK: Stock position is adequate. No immediate reorder required.
2026-08-19,S01,P502,Household,53.41,434,44,3,0.0,LOW,8.48,31.37,0,Stable closing inventory position (434 units),Reorder trigger point set at 31 units,LOW RISK: Stock position is adequate. No immediate reorder required.
2026-08-19,S01,P503,Household,93.78,0,67,4,1.0,HIGH,8.3,61.89,62,Stock-out active (Closing stock: 0 units),Long lead time (4 days) requires safety buffer,HIGH RISK: Reorder approximately 62 units immediately before the next replenishment cycle.
2026-08-19,S01,P601,Frozen,112.24,0,78,4,1.0,HIGH,13.72,77.86,78,Stock-out active (Closing stock: 0 units),Long lead time (4 days) requires safety buffer,HIGH RISK: Reorder approximately 78 units immediately before the next replenishment cycle.
2026-08-19,S02,P101,Dairy,234.06,0,178,1,1.0,HIGH,11.86,45.3,45,Stock-out active (Closing stock: 0 units),Reorder trigger point set at 45 units,HIGH RISK: Reorder approximately 45 units immediately before the next replenishment cycle.
2026-08-19,S02,P102,Dairy,157.43,0,121,4,1.0,HIGH,18.25,108.21,108,Stock-out active (Closing stock: 0 units),Long lead time (4 days) requires safety buffer,HIGH RISK: Reorder approximately 108 units immediately before the next replenishment cycle.
2026-08-19,S02,P103,Dairy,90.84,358,64,2,0.0,LOW,12.77,38.72,0,Stable closing inventory position (358 units),Reorder trigger point set at 39 units,LOW RISK: Stock position is adequate. No immediate reorder required.
2026-08-19,S02,P104,Dairy,55.84,201,40,4,0.0,LOW,7.09,39.0,0,Stable closing inventory position (201 units),Long lead time (4 days) requires safety buffer,LOW RISK: Stock position is adequate. No immediate reorder required.
2026-08-19,S02,P201,Personal Care,62.17,76,48,4,0.0,LOW,7.38,42.91,0,Stable closing inventory position (76 units),Long lead time (4 days) requires safety buffer,LOW RISK: Stock position is adequate. No immediate reorder required.
2026-08-19,S02,P202,Personal Care,184.86,13,146,3,0.0,MEDIUM,26.44,105.67,93,High 7-day predicted demand forecast (185 units),Reorder trigger point set at 106 units,MEDIUM RISK: Monitor closely; projected demand is 185 units. Recommended buffer order: 93 units.
2026-08-19,S02,P203,Personal Care,98.45,278,73,4,0.0,LOW,19.59,75.85,0,Stable closing inventory position (278 units),Long lead time (4 days) requires safety buffer,LOW RISK: Stock position is adequate. No immediate reorder required.
2026-08-19,S02,P204,Personal Care,41.21,264,40,4,0.0,LOW,8.82,32.37,0,Stable closing inventory position (264 units),Long lead time (4 days) requires safety buffer,LOW RISK: Stock position is adequate. No immediate reorder required.
2026-08-19,S02,P301,Beverages,196.9,34,162,3,0.0,MEDIUM,10.0,94.39,60,High 7-day predicted demand forecast (197 units),Reorder trigger point set at 94 units,MEDIUM RISK: Monitor closely; projected demand is 197 units. Recommended buffer order: 60 units.
2026-08-19,S02,P302,Beverages,138.6,375,97,3,0.0,LOW,8.69,68.09,0,High 7-day predicted demand forecast (139 units),Active promotional campaign boosting velocity,LOW RISK: Stock position is adequate. No immediate reorder required.
2026-08-19,S02,P303,Beverages,69.23,463,56,1,0.0,LOW,8.24,18.13,0,Stable closing inventory position (463 units),Reorder trigger point set at 18 units,LOW RISK: Stock position is adequate. No immediate reorder required.
2026-08-19,S02,P304,Beverages,295.28,0,227,3,1.0,HIGH,16.98,143.53,144,Stock-out active (Closing stock: 0 units),Active promotional campaign boosting velocity,HIGH RISK: Reorder approximately 144 units immediately before the next replenishment cycle.
2026-08-19,S02,P401,Snacks,254.83,0,203,3,1.0,HIGH,6.94,116.15,116,Stock-out active (Closing stock: 0 units),Reorder trigger point set at 116 units,HIGH RISK: Reorder approximately 116 units immediately before the next replenishment cycle.
2026-08-19,S02,P402,Snacks,342.2,0,243,3,1.0,HIGH,41.99,188.65,189,Stock-out active (Closing stock: 0 units),Reorder trigger point set at 189 units,HIGH RISK: Reorder approximately 189 units immediately before the next replenishment cycle.
2026-08-19,S02,P403,Snacks,168.79,0,129,3,1.0,HIGH,18.07,90.41,90,Stock-out active (Closing stock: 0 units),Reorder trigger point set at 90 units,HIGH RISK: Reorder approximately 90 units immediately before the next replenishment cycle.
2026-08-19,S02,P404,Snacks,0.0,778,40,3,0.0,LOW,2.86,2.86,0,Stable closing inventory position (778 units),Reorder trigger point set at 3 units,LOW RISK: Stock position is adequate. No immediate reorder required.
2026-08-19,S02,P501,Household,109.76,0,81,1,1.0,HIGH,6.49,22.17,22,Stock-out active (Closing stock: 0 units),Reorder trigger point set at 22 units,HIGH RISK: Reorder approximately 22 units immediately before the next replenishment cycle.
2026-08-19,S02,P502,Household,85.17,96,64,4,0.0,LOW,5.53,54.2,0,Stable closing inventory position (96 units),Long lead time (4 days) requires safety buffer,LOW RISK: Stock position is adequate. No immediate reorder required.
2026-08-19,S02,P503,Household,118.16,0,97,4,1.0,HIGH,25.9,93.42,93,Stock-out active (Closing stock: 0 units),Long lead time (4 days) requires safety buffer,HIGH RISK: Reorder approximately 93 units immediately before the next replenishment cycle.
2026-08-19,S02,P601,Frozen,156.24,101,113,2,0.0,MEDIUM,14.22,58.86,0,High 7-day predicted demand forecast (156 units),Reorder trigger point set at 59 units,MEDIUM RISK: Monitor closely; projected demand is 156 units. Recommended buffer order: 0 units.
2026-08-19,S03,P101,Dairy,111.27,69,88,1,0.0,MEDIUM,5.55,21.45,0,High 7-day predicted demand forecast (111 units),Reorder trigger point set at 21 units,MEDIUM RISK: Monitor closely; projected demand is 111 units. Recommended buffer order: 0 units.
2026-08-19,S03,P102,Dairy,75.82,259,60,4,0.0,LOW,8.4,51.73,0,Stable closing inventory position (259 units),Long lead time (4 days) requires safety buffer,LOW RISK: Stock position is adequate. No immediate reorder required.
2026-08-19,S03,P103,Dairy,46.33,200,40,3,0.0,LOW,6.14,26.0,0,Stable closing inventory position (200 units),Reorder trigger point set at 26 units,LOW RISK: Stock position is adequate. No immediate reorder required.
2026-08-19,S03,P104,Dairy,25.06,1152,40,4,0.0,LOW,5.72,20.04,0,Stable closing inventory position (1152 units),Long lead time (4 days) requires safety buffer,LOW RISK: Stock position is adequate. No immediate reorder required.
2026-08-19,S03,P201,Personal Care,33.3,1302,40,3,0.0,LOW,5.88,20.15,0,Stable closing inventory position (1302 units),Active promotional campaign boosting velocity,LOW RISK: Stock position is adequate. No immediate reorder required.
2026-08-19,S03,P202,Personal Care,105.54,0,72,1,1.0,HIGH,7.17,22.25,22,Stock-out active (Closing stock: 0 units),Reorder trigger point set at 22 units,HIGH RISK: Reorder approximately 22 units immediately before the next replenishment cycle.
2026-08-19,S03,P203,Personal Care,45.4,185,40,2,0.0,LOW,7.36,20.33,0,Stable closing inventory position (185 units),Active promotional campaign boosting velocity,LOW RISK: Stock position is adequate. No immediate reorder required.
2026-08-19,S03,P204,Personal Care,27.08,566,40,4,0.0,LOW,4.55,20.02,0,Stable closing inventory position (566 units),Long lead time (4 days) requires safety buffer,LOW RISK: Stock position is adequate. No immediate reorder required.
2026-08-19,S03,P301,Beverages,105.17,71,80,3,0.0,MEDIUM,6.77,51.84,0,High 7-day predicted demand forecast (105 units),Reorder trigger point set at 52 units,MEDIUM RISK: Monitor closely; projected demand is 105 units. Recommended buffer order: 0 units.
2026-08-19,S03,P302,Beverages,54.88,263,48,3,0.0,LOW,6.48,30.0,0,Stable closing inventory position (263 units),Reorder trigger point set at 30 units,LOW RISK: Stock position is adequate. No immediate reorder required.
2026-08-19,S03,P303,Beverages,42.04,49,40,4,0.0,LOW,4.14,28.16,0,Stable closing inventory position (49 units),Active promotional campaign boosting velocity,LOW RISK: Stock position is adequate. No immediate reorder required.
2026-08-19,S03,P304,Beverages,141.59,99,112,4,0.0,MEDIUM,12.41,93.32,0,High 7-day predicted demand forecast (142 units),Long lead time (4 days) requires safety buffer,MEDIUM RISK: Monitor closely; projected demand is 142 units. Recommended buffer order: 0 units.
2026-08-19,S03,P401,Snacks,131.95,0,100,4,1.0,HIGH,10.39,85.79,86,Stock-out active (Closing stock: 0 units),Active promotional campaign boosting velocity,HIGH RISK: Reorder approximately 86 units immediately before the next replenishment cycle.
2026-08-19,S03,P402,Snacks,158.05,195,120,1,0.0,LOW,4.15,26.73,0,High 7-day predicted demand forecast (158 units),Reorder trigger point set at 27 units,LOW RISK: Stock position is adequate. No immediate reorder required.
2026-08-19,S03,P403,Snacks,84.79,182,64,4,0.0,LOW,12.26,60.71,0,Stable closing inventory position (182 units),Long lead time (4 days) requires safety buffer,LOW RISK: Stock position is adequate. No immediate reorder required.
2026-08-19,S03,P404,Snacks,0.0,901,40,4,0.0,LOW,3.3,3.3,0,Stable closing inventory position (901 units),Long lead time (4 days) requires safety buffer,LOW RISK: Stock position is adequate. No immediate reorder required.
2026-08-19,S03,P501,Household,56.79,551,40,2,0.0,LOW,8.8,25.03,0,Stable closing inventory position (551 units),Reorder trigger point set at 25 units,LOW RISK: Stock position is adequate. No immediate reorder required.
2026-08-19,S03,P502,Household,48.96,239,40,2,0.0,LOW,6.44,20.43,0,Stable closing inventory position (239 units),Reorder trigger point set at 20 units,LOW RISK: Stock position is adequate. No immediate reorder required.
2026-08-19,S03,P503,Household,63.86,211,48,1,0.0,LOW,5.34,14.46,0,Stable closing inventory position (211 units),Reorder trigger point set at 14 units,LOW RISK: Stock position is adequate. No immediate reorder required.
2026-08-19,S03,P601,Frozen,69.25,514,56,1,0.0,LOW,5.67,15.56,0,Stable closing inventory position (514 units),Reorder trigger point set at 16 units,LOW RISK: Stock position is adequate. No immediate reorder required.
2026-08-19,S04,P101,Dairy,145.56,235,110,3,0.0,LOW,12.83,75.21,0,High 7-day predicted demand forecast (146 units),Reorder trigger point set at 75 units,LOW RISK: Stock position is adequate. No immediate reorder required.
2026-08-19,S04,P102,Dairy,109.39,293,75,4,0.0,LOW,15.12,77.63,0,High 7-day predicted demand forecast (109 units),Long lead time (4 days) requires safety buffer,LOW RISK: Stock position is adequate. No immediate reorder required.
2026-08-19,S04,P103,Dairy,57.04,325,40,4,0.0,LOW,9.87,42.46,0,Stable closing inventory position (325 units),Long lead time (4 days) requires safety buffer,LOW RISK: Stock position is adequate. No immediate reorder required.
2026-08-19,S04,P104,Dairy,41.08,483,40,2,0.0,LOW,5.02,16.76,0,Stable closing inventory position (483 units),Reorder trigger point set at 17 units,LOW RISK: Stock position is adequate. No immediate reorder required.
2026-08-19,S04,P201,Personal Care,36.89,760,40,4,0.0,LOW,5.39,26.47,0,Stable closing inventory position (760 units),Active promotional campaign boosting velocity,LOW RISK: Stock position is adequate. No immediate reorder required.
2026-08-19,S04,P202,Personal Care,111.33,0,90,4,1.0,HIGH,13.12,76.74,77,Stock-out active (Closing stock: 0 units),Long lead time (4 days) requires safety buffer,HIGH RISK: Reorder approximately 77 units immediately before the next replenishment cycle.
2026-08-19,S04,P203,Personal Care,65.06,0,45,3,1.0,HIGH,9.04,36.92,37,Stock-out active (Closing stock: 0 units),Reorder trigger point set at 37 units,HIGH RISK: Reorder approximately 37 units immediately before the next replenishment cycle.
2026-08-19,S04,P204,Personal Care,40.7,229,40,2,0.0,LOW,5.36,16.99,0,Stable closing inventory position (229 units),Active promotional campaign boosting velocity,LOW RISK: Stock position is adequate. No immediate reorder required.
2026-08-19,S04,P301,Beverages,132.85,1,100,2,0.0,MEDIUM,10.93,48.89,48,High 7-day predicted demand forecast (133 units),Reorder trigger point set at 49 units,MEDIUM RISK: Monitor closely; projected demand is 133 units. Recommended buffer order: 48 units.
2026-08-19,S04,P302,Beverages,76.0,251,60,3,0.0,LOW,7.64,40.21,0,Stable closing inventory position (251 units),Active promotional campaign boosting velocity,LOW RISK: Stock position is adequate. No immediate reorder required.
2026-08-19,S04,P303,Beverages,41.02,300,40,3,0.0,LOW,7.14,24.72,0,Stable closing inventory position (300 units),Reorder trigger point set at 25 units,LOW RISK: Stock position is adequate. No immediate reorder required.
2026-08-19,S04,P304,Beverages,187.47,39,141,4,0.0,MEDIUM,17.45,124.58,86,High 7-day predicted demand forecast (187 units),Active promotional campaign boosting velocity,MEDIUM RISK: Monitor closely; projected demand is 187 units. Recommended buffer order: 86 units.
2026-08-19,S04,P401,Snacks,156.56,4,126,4,0.0,MEDIUM,15.11,104.57,101,High 7-day predicted demand forecast (157 units),Active promotional campaign boosting velocity,MEDIUM RISK: Monitor closely; projected demand is 157 units. Recommended buffer order: 101 units.
2026-08-19,S04,P402,Snacks,195.71,0,151,1,1.0,HIGH,13.92,41.88,42,Stock-out active (Closing stock: 0 units),Reorder trigger point set at 42 units,HIGH RISK: Reorder approximately 42 units immediately before the next replenishment cycle.
2026-08-19,S04,P403,Snacks,100.6,203,80,4,0.0,LOW,19.4,76.89,0,High 7-day predicted demand forecast (101 units),Long lead time (4 days) requires safety buffer,LOW RISK: Stock position is adequate. No immediate reorder required.
2026-08-19,S04,P404,Snacks,0.0,594,40,1,0.0,LOW,1.65,1.65,0,Stable closing inventory position (594 units),Reorder trigger point set at 2 units,LOW RISK: Stock position is adequate. No immediate reorder required.
2026-08-19,S04,P501,Household,76.32,368,50,2,0.0,LOW,6.56,28.37,0,Stable closing inventory position (368 units),Reorder trigger point set at 28 units,LOW RISK: Stock position is adequate. No immediate reorder required.
2026-08-19,S04,P502,Household,53.01,558,40,1,0.0,LOW,4.67,12.24,0,Stable closing inventory position (558 units),Reorder trigger point set at 12 units,LOW RISK: Stock position is adequate. No immediate reorder required.
2026-08-19,S04,P503,Household,73.75,190,60,2,0.0,LOW,6.52,27.59,0,Stable closing inventory position (190 units),Active promotional campaign boosting velocity,LOW RISK: Stock position is adequate. No immediate reorder required.
2026-08-19,S04,P601,Frozen,84.91,46,70,2,0.0,MEDIUM,10.03,34.29,0,Stable closing inventory position (46 units),Reorder trigger point set at 34 units,MEDIUM RISK: Monitor closely; projected demand is 85 units. Recommended buffer order: 0 units.
2026-08-20,S01,P101,Dairy,160.89,0,123,2,1.0,HIGH,6.72,52.69,53,Stock-out active (Closing stock: 0 units),Reorder trigger point set at 53 units,HIGH RISK: Reorder approximately 53 units immediately before the next replenishment cycle.
2026-08-20,S01,P102,Dairy,113.87,0,84,3,1.0,HIGH,14.65,63.45,63,Stock-out active (Closing stock: 0 units),Reorder trigger point set at 63 units,HIGH RISK: Reorder approximately 63 units immediately before the next replenishment cycle.
2026-08-20,S01,P103,Dairy,52.52,353,44,1,0.0,LOW,5.87,13.37,0,Stable closing inventory position (353 units),Reorder trigger point set at 13 units,LOW RISK: Stock position is adequate. No immediate reorder required.
2026-08-20,S01,P104,Dairy,47.11,496,40,3,0.0,LOW,7.64,27.83,0,Stable closing inventory position (496 units),Reorder trigger point set at 28 units,LOW RISK: Stock position is adequate. No immediate reorder required.
2026-08-20,S01,P201,Personal Care,46.21,682,40,2,0.0,LOW,4.67,17.87,0,Stable closing inventory position (682 units),Reorder trigger point set at 18 units,LOW RISK: Stock position is adequate. No immediate reorder required.
2026-08-20,S01,P202,Personal Care,137.69,50,100,4,0.0,MEDIUM,17.61,96.29,46,High 7-day predicted demand forecast (138 units),Long lead time (4 days) requires safety buffer,MEDIUM RISK: Monitor closely; projected demand is 138 units. Recommended buffer order: 46 units.
2026-08-20,S01,P203,Personal Care,75.26,401,50,3,0.0,LOW,7.81,40.06,0,Stable closing inventory position (401 units),Reorder trigger point set at 40 units,LOW RISK: Stock position is adequate. No immediate reorder required.
2026-08-20,S01,P204,Personal Care,43.5,566,40,2,0.0,LOW,4.75,17.18,0,Stable closing inventory position (566 units),Reorder trigger point set at 17 units,LOW RISK: Stock position is adequate. No immediate reorder required.
2026-08-20,S01,P301,Beverages,138.54,0,112,4,1.0,HIGH,8.67,87.84,88,Stock-out active (Closing stock: 0 units),Long lead time (4 days) requires safety buffer,HIGH RISK: Reorder approximately 88 units immediately before the next replenishment cycle.
2026-08-20,S01,P302,Beverages,85.81,0,67,1,1.0,HIGH,7.53,19.79,20,Stock-out active (Closing stock: 0 units),Reorder trigger point set at 20 units,HIGH RISK: Reorder approximately 20 units immediately before the next replenishment cycle.
2026-08-20,S01,P303,Beverages,53.31,77,40,4,0.0,LOW,9.79,40.25,0,Stable closing inventory position (77 units),Long lead time (4 days) requires safety buffer,LOW RISK: Stock position is adequate. No immediate reorder required.
2026-08-20,S01,P304,Beverages,218.11,0,156,4,1.0,HIGH,19.03,143.66,144,Stock-out active (Closing stock: 0 units),Long lead time (4 days) requires safety buffer,HIGH RISK: Reorder approximately 144 units immediately before the next replenishment cycle.
2026-08-20,S01,P401,Snacks,193.38,0,140,1,1.0,HIGH,13.18,40.81,41,Stock-out active (Closing stock: 0 units),Reorder trigger point set at 41 units,HIGH RISK: Reorder approximately 41 units immediately before the next replenishment cycle.
2026-08-20,S01,P402,Snacks,240.29,33,168,4,0.0,MEDIUM,15.44,152.75,120,High 7-day predicted demand forecast (240 units),Long lead time (4 days) requires safety buffer,MEDIUM RISK: Monitor closely; projected demand is 240 units. Recommended buffer order: 120 units.
2026-08-20,S01,P403,Snacks,108.59,125,89,3,0.0,LOW,10.3,56.84,0,High 7-day predicted demand forecast (109 units),Active promotional campaign boosting velocity,LOW RISK: Stock position is adequate. No immediate reorder required.
2026-08-20,S01,P404,Snacks,0.0,396,40,3,0.0,LOW,2.86,2.86,0,Stable closing inventory position (396 units),Reorder trigger point set at 3 units,LOW RISK: Stock position is adequate. No immediate reorder required.
2026-08-20,S01,P501,Household,67.29,136,56,2,0.0,LOW,11.14,30.37,0,Stable closing inventory position (136 units),Active promotional campaign boosting velocity,LOW RISK: Stock position is adequate. No immediate reorder required.
2026-08-20,S01,P502,Household,53.63,430,44,2,0.0,LOW,6.87,22.19,0,Stable closing inventory position (430 units),Reorder trigger point set at 22 units,LOW RISK: Stock position is adequate. No immediate reorder required.
2026-08-20,S01,P503,Household,87.66,0,67,2,1.0,HIGH,5.94,30.99,31,Stock-out active (Closing stock: 0 units),Reorder trigger point set at 31 units,HIGH RISK: Reorder approximately 31 units immediately before the next replenishment cycle.
2026-08-20,S01,P601,Frozen,110.89,0,78,3,1.0,HIGH,11.88,59.4,59,Stock-out active (Closing stock: 0 units),Reorder trigger point set at 59 units,HIGH RISK: Reorder approximately 59 units immediately before the next replenishment cycle.
2026-08-20,S02,P101,Dairy,232.04,0,178,2,1.0,HIGH,18.32,84.62,85,Stock-out active (Closing stock: 0 units),Active promotional campaign boosting velocity,HIGH RISK: Reorder approximately 85 units immediately before the next replenishment cycle.
2026-08-20,S02,P102,Dairy,163.08,0,121,3,1.0,HIGH,15.48,85.37,85,Stock-out active (Closing stock: 0 units),Reorder trigger point set at 85 units,HIGH RISK: Reorder approximately 85 units immediately before the next replenishment cycle.
2026-08-20,S02,P103,Dairy,90.04,349,64,4,0.0,LOW,18.06,69.51,0,Stable closing inventory position (349 units),Long lead time (4 days) requires safety buffer,LOW RISK: Stock position is adequate. No immediate reorder required.
2026-08-20,S02,P104,Dairy,55.72,196,40,3,0.0,LOW,4.79,28.67,0,Stable closing inventory position (196 units),Reorder trigger point set at 29 units,LOW RISK: Stock position is adequate. No immediate reorder required.
2026-08-20,S02,P201,Personal Care,65.11,64,48,3,0.0,LOW,8.37,36.27,0,Stable closing inventory position (64 units),Reorder trigger point set at 36 units,LOW RISK: Stock position is adequate. No immediate reorder required.
2026-08-20,S02,P202,Personal Care,187.0,30,146,3,0.0,MEDIUM,24.74,104.88,75,High 7-day predicted demand forecast (187 units),Reorder trigger point set at 105 units,MEDIUM RISK: Monitor closely; projected demand is 187 units. Recommended buffer order: 75 units.
2026-08-20,S02,P203,Personal Care,97.34,265,73,3,0.0,LOW,16.5,58.22,0,Stable closing inventory position (265 units),Reorder trigger point set at 58 units,LOW RISK: Stock position is adequate. No immediate reorder required.
2026-08-20,S02,P204,Personal Care,45.39,251,40,3,0.0,LOW,7.64,27.09,0,Stable closing inventory position (251 units),Reorder trigger point set at 27 units,LOW RISK: Stock position is adequate. No immediate reorder required.
2026-08-20,S02,P301,Beverages,194.9,0,162,1,1.0,HIGH,6.76,34.6,35,Stock-out active (Closing stock: 0 units),Reorder trigger point set at 35 units,HIGH RISK: Reorder approximately 35 units immediately before the next replenishment cycle.
2026-08-20,S02,P302,Beverages,138.94,360,97,2,0.0,LOW,6.79,46.49,0,High 7-day predicted demand forecast (139 units),Reorder trigger point set at 46 units,LOW RISK: Stock position is adequate. No immediate reorder required.
2026-08-20,S02,P303,Beverages,69.56,454,56,2,0.0,LOW,11.03,30.9,0,Stable closing inventory position (454 units),Reorder trigger point set at 31 units,LOW RISK: Stock position is adequate. No immediate reorder required.
2026-08-20,S02,P304,Beverages,292.41,0,227,1,1.0,HIGH,11.35,53.12,53,Stock-out active (Closing stock: 0 units),Reorder trigger point set at 53 units,HIGH RISK: Reorder approximately 53 units immediately before the next replenishment cycle.
2026-08-20,S02,P401,Snacks,254.66,0,203,3,1.0,HIGH,18.44,127.58,128,Stock-out active (Closing stock: 0 units),Active promotional campaign boosting velocity,HIGH RISK: Reorder approximately 128 units immediately before the next replenishment cycle.
2026-08-20,S02,P402,Snacks,340.32,0,243,2,1.0,HIGH,35.23,132.46,132,Stock-out active (Closing stock: 0 units),Active promotional campaign boosting velocity,HIGH RISK: Reorder approximately 132 units immediately before the next replenishment cycle.
2026-08-20,S02,P403,Snacks,167.22,0,129,3,1.0,HIGH,19.92,91.59,92,Stock-out active (Closing stock: 0 units),Reorder trigger point set at 92 units,HIGH RISK: Reorder approximately 92 units immediately before the next replenishment cycle.
2026-08-20,S02,P404,Snacks,0.0,778,40,3,0.0,LOW,2.86,2.86,0,Stable closing inventory position (778 units),Reorder trigger point set at 3 units,LOW RISK: Stock position is adequate. No immediate reorder required.
2026-08-20,S02,P501,Household,106.85,0,81,3,1.0,HIGH,12.43,58.22,58,Stock-out active (Closing stock: 0 units),Active promotional campaign boosting velocity,HIGH RISK: Reorder approximately 58 units immediately before the next replenishment cycle.
2026-08-20,S02,P502,Household,86.67,126,64,2,0.0,LOW,3.91,28.67,0,Stable closing inventory position (126 units),Reorder trigger point set at 29 units,LOW RISK: Stock position is adequate. No immediate reorder required.
2026-08-20,S02,P503,Household,117.2,98,97,2,0.0,LOW,18.71,52.2,0,High 7-day predicted demand forecast (117 units),Reorder trigger point set at 52 units,LOW RISK: Stock position is adequate. No immediate reorder required.
2026-08-20,S02,P601,Frozen,158.23,77,113,1,0.0,MEDIUM,10.41,33.01,0,High 7-day predicted demand forecast (158 units),Reorder trigger point set at 33 units,MEDIUM RISK: Monitor closely; projected demand is 158 units. Recommended buffer order: 0 units.
2026-08-20,S03,P101,Dairy,110.69,53,88,1,0.0,MEDIUM,5.62,21.43,0,High 7-day predicted demand forecast (111 units),Reorder trigger point set at 21 units,MEDIUM RISK: Monitor closely; projected demand is 111 units. Recommended buffer order: 0 units.
2026-08-20,S03,P102,Dairy,76.13,248,60,4,0.0,LOW,7.59,51.09,0,Stable closing inventory position (248 units),Long lead time (4 days) requires safety buffer,LOW RISK: Stock position is adequate. No immediate reorder required.
2026-08-20,S03,P103,Dairy,45.02,195,40,2,0.0,LOW,5.22,18.08,0,Stable closing inventory position (195 units),Reorder trigger point set at 18 units,LOW RISK: Stock position is adequate. No immediate reorder required.
2026-08-20,S03,P104,Dairy,25.87,1149,40,2,0.0,LOW,4.41,11.8,0,Stable closing inventory position (1149 units),Reorder trigger point set at 12 units,LOW RISK: Stock position is adequate. No immediate reorder required.
2026-08-20,S03,P201,Personal Care,32.21,1298,40,3,0.0,LOW,5.18,18.98,0,Stable closing inventory position (1298 units),Reorder trigger point set at 19 units,LOW RISK: Stock position is adequate. No immediate reorder required.
2026-08-20,S03,P202,Personal Care,101.32,0,72,2,1.0,HIGH,9.79,38.74,39,Stock-out active (Closing stock: 0 units),Reorder trigger point set at 39 units,HIGH RISK: Reorder approximately 39 units immediately before the next replenishment cycle.
2026-08-20,S03,P203,Personal Care,44.46,179,40,2,0.0,LOW,8.02,20.72,0,Stable closing inventory position (179 units),Reorder trigger point set at 21 units,LOW RISK: Stock position is adequate. No immediate reorder required.
2026-08-20,S03,P204,Personal Care,29.88,560,40,2,0.0,LOW,2.33,10.87,0,Stable closing inventory position (560 units),Reorder trigger point set at 11 units,LOW RISK: Stock position is adequate. No immediate reorder required.
2026-08-20,S03,P301,Beverages,105.82,59,80,2,0.0,MEDIUM,5.85,36.08,0,High 7-day predicted demand forecast (106 units),Reorder trigger point set at 36 units,MEDIUM RISK: Monitor closely; projected demand is 106 units. Recommended buffer order: 0 units.
2026-08-20,S03,P302,Beverages,54.12,251,48,2,0.0,LOW,4.83,20.29,0,Stable closing inventory position (251 units),Active promotional campaign boosting velocity,LOW RISK: Stock position is adequate. No immediate reorder required.
2026-08-20,S03,P303,Beverages,44.23,45,40,3,0.0,LOW,4.58,23.54,0,Stable closing inventory position (45 units),Reorder trigger point set at 24 units,LOW RISK: Stock position is adequate. No immediate reorder required.
2026-08-20,S03,P304,Beverages,142.13,79,112,3,0.0,MEDIUM,10.53,71.44,0,High 7-day predicted demand forecast (142 units),Reorder trigger point set at 71 units,MEDIUM RISK: Monitor closely; projected demand is 142 units. Recommended buffer order: 0 units.
2026-08-20,S03,P401,Snacks,130.52,0,100,4,1.0,HIGH,14.72,89.3,89,Stock-out active (Closing stock: 0 units),Long lead time (4 days) requires safety buffer,HIGH RISK: Reorder approximately 89 units immediately before the next replenishment cycle.
2026-08-20,S03,P402,Snacks,160.7,174,120,4,0.0,LOW,8.61,100.44,0,High 7-day predicted demand forecast (161 units),Long lead time (4 days) requires safety buffer,LOW RISK: Stock position is adequate. No immediate reorder required.
2026-08-20,S03,P403,Snacks,84.45,167,64,3,0.0,LOW,9.74,45.93,0,Stable closing inventory position (167 units),Reorder trigger point set at 46 units,LOW RISK: Stock position is adequate. No immediate reorder required.
2026-08-20,S03,P404,Snacks,0.0,901,40,4,0.0,LOW,3.3,3.3,0,Stable closing inventory position (901 units),Long lead time (4 days) requires safety buffer,LOW RISK: Stock position is adequate. No immediate reorder required.
2026-08-20,S03,P501,Household,57.38,542,40,1,0.0,LOW,6.38,14.58,0,Stable closing inventory position (542 units),Reorder trigger point set at 15 units,LOW RISK: Stock position is adequate. No immediate reorder required.
2026-08-20,S03,P502,Household,47.62,230,40,4,0.0,LOW,10.44,37.65,0,Stable closing inventory position (230 units),Long lead time (4 days) requires safety buffer,LOW RISK: Stock position is adequate. No immediate reorder required.
2026-08-20,S03,P503,Household,66.09,358,48,1,0.0,LOW,5.34,14.78,0,Stable closing inventory position (358 units),Reorder trigger point set at 15 units,LOW RISK: Stock position is adequate. No immediate reorder required.
2026-08-20,S03,P601,Frozen,70.36,504,56,2,0.0,LOW,8.02,28.12,0,Stable closing inventory position (504 units),Reorder trigger point set at 28 units,LOW RISK: Stock position is adequate. No immediate reorder required.
2026-08-20,S04,P101,Dairy,146.74,221,110,3,0.0,LOW,14.37,77.26,0,High 7-day predicted demand forecast (147 units),Reorder trigger point set at 77 units,LOW RISK: Stock position is adequate. No immediate reorder required.
2026-08-20,S04,P102,Dairy,110.47,280,75,2,0.0,LOW,10.07,41.63,0,High 7-day predicted demand forecast (110 units),Active promotional campaign boosting velocity,LOW RISK: Stock position is adequate. No immediate reorder required.
2026-08-20,S04,P103,Dairy,51.63,319,40,1,0.0,LOW,5.64,13.02,0,Stable closing inventory position (319 units),Reorder trigger point set at 13 units,LOW RISK: Stock position is adequate. No immediate reorder required.
2026-08-20,S04,P104,Dairy,44.27,481,40,1,0.0,LOW,3.08,9.4,0,Stable closing inventory position (481 units),Reorder trigger point set at 9 units,LOW RISK: Stock position is adequate. No immediate reorder required.
2026-08-20,S04,P201,Personal Care,36.93,754,40,3,0.0,LOW,4.91,20.74,0,Stable closing inventory position (754 units),Reorder trigger point set at 21 units,LOW RISK: Stock position is adequate. No immediate reorder required.
2026-08-20,S04,P202,Personal Care,114.97,0,90,1,1.0,HIGH,7.82,24.24,24,Stock-out active (Closing stock: 0 units),Reorder trigger point set at 24 units,HIGH RISK: Reorder approximately 24 units immediately before the next replenishment cycle.
2026-08-20,S04,P203,Personal Care,62.62,125,45,2,0.0,LOW,7.79,25.68,0,Stable closing inventory position (125 units),Active promotional campaign boosting velocity,LOW RISK: Stock position is adequate. No immediate reorder required.
2026-08-20,S04,P204,Personal Care,38.99,226,40,3,0.0,LOW,7.08,23.79,0,Stable closing inventory position (226 units),Reorder trigger point set at 24 units,LOW RISK: Stock position is adequate. No immediate reorder required.
2026-08-20,S04,P301,Beverages,134.86,0,100,3,1.0,HIGH,15.45,73.25,73,Stock-out active (Closing stock: 0 units),Reorder trigger point set at 73 units,HIGH RISK: Reorder approximately 73 units immediately before the next replenishment cycle.
2026-08-20,S04,P302,Beverages,74.34,240,60,3,0.0,LOW,7.74,39.6,0,Stable closing inventory position (240 units),Reorder trigger point set at 40 units,LOW RISK: Stock position is adequate. No immediate reorder required.
2026-08-20,S04,P303,Beverages,44.44,295,40,3,0.0,LOW,7.35,26.4,0,Stable closing inventory position (295 units),Reorder trigger point set at 26 units,LOW RISK: Stock position is adequate. No immediate reorder required.
2026-08-20,S04,P304,Beverages,183.46,23,141,4,0.0,MEDIUM,18.86,123.69,101,High 7-day predicted demand forecast (183 units),Long lead time (4 days) requires safety buffer,MEDIUM RISK: Monitor closely; projected demand is 183 units. Recommended buffer order: 101 units.
2026-08-20,S04,P401,Snacks,156.71,28,126,1,0.0,MEDIUM,7.71,30.1,2,High 7-day predicted demand forecast (157 units),Reorder trigger point set at 30 units,MEDIUM RISK: Monitor closely; projected demand is 157 units. Recommended buffer order: 2 units.
2026-08-20,S04,P402,Snacks,196.16,0,151,3,1.0,HIGH,24.53,108.6,109,Stock-out active (Closing stock: 0 units),Active promotional campaign boosting velocity,HIGH RISK: Reorder approximately 109 units immediately before the next replenishment cycle.
2026-08-20,S04,P403,Snacks,104.63,335,80,3,0.0,LOW,16.33,61.17,0,High 7-day predicted demand forecast (105 units),Reorder trigger point set at 61 units,LOW RISK: Stock position is adequate. No immediate reorder required.
2026-08-20,S04,P404,Snacks,0.0,594,40,2,0.0,LOW,2.33,2.33,0,Stable closing inventory position (594 units),Reorder trigger point set at 2 units,LOW RISK: Stock position is adequate. No immediate reorder required.
2026-08-20,S04,P501,Household,76.29,357,50,1,0.0,LOW,4.47,15.37,0,Stable closing inventory position (357 units),Reorder trigger point set at 15 units,LOW RISK: Stock position is adequate. No immediate reorder required.
2026-08-20,S04,P502,Household,51.73,689,40,4,0.0,LOW,9.5,39.06,0,Stable closing inventory position (689 units),Long lead time (4 days) requires safety buffer,LOW RISK: Stock position is adequate. No immediate reorder required.
2026-08-20,S04,P503,Household,72.09,178,60,3,0.0,LOW,9.58,40.48,0,Stable closing inventory position (178 units),Reorder trigger point set at 40 units,LOW RISK: Stock position is adequate. No immediate reorder required.
2026-08-20,S04,P601,Frozen,87.43,37,70,2,0.0,MEDIUM,9.5,34.48,0,Stable closing inventory position (37 units),Reorder trigger point set at 34 units,MEDIUM RISK: Monitor closely; projected demand is 87 units. Recommended buffer order: 0 units.
2026-08-21,S01,P101,Dairy,154.03,0,123,3,1.0,HIGH,10.68,76.69,77,Stock-out active (Closing stock: 0 units),Active promotional campaign boosting velocity,HIGH RISK: Reorder approximately 77 units immediately before the next replenishment cycle.
2026-08-21,S01,P102,Dairy,107.83,0,84,1,1.0,HIGH,8.88,24.28,24,Stock-out active (Closing stock: 0 units),Reorder trigger point set at 24 units,HIGH RISK: Reorder approximately 24 units immediately before the next replenishment cycle.
2026-08-21,S01,P103,Dairy,52.98,347,44,3,0.0,LOW,9.58,32.29,0,Stable closing inventory position (347 units),Reorder trigger point set at 32 units,LOW RISK: Stock position is adequate. No immediate reorder required.
2026-08-21,S01,P104,Dairy,46.13,487,40,4,0.0,LOW,9.14,35.5,0,Stable closing inventory position (487 units),Long lead time (4 days) requires safety buffer,LOW RISK: Stock position is adequate. No immediate reorder required.
2026-08-21,S01,P201,Personal Care,48.45,675,40,4,0.0,LOW,7.06,34.75,0,Stable closing inventory position (675 units),Long lead time (4 days) requires safety buffer,LOW RISK: Stock position is adequate. No immediate reorder required.
2026-08-21,S01,P202,Personal Care,138.49,37,100,3,0.0,MEDIUM,13.58,72.93,36,High 7-day predicted demand forecast (138 units),Reorder trigger point set at 73 units,MEDIUM RISK: Monitor closely; projected demand is 138 units. Recommended buffer order: 36 units.
2026-08-21,S01,P203,Personal Care,73.87,500,50,4,0.0,LOW,9.02,51.23,0,Stable closing inventory position (500 units),Long lead time (4 days) requires safety buffer,LOW RISK: Stock position is adequate. No immediate reorder required.
2026-08-21,S01,P204,Personal Care,43.17,585,40,1,0.0,LOW,3.4,9.57,0,Stable closing inventory position (585 units),Reorder trigger point set at 10 units,LOW RISK: Stock position is adequate. No immediate reorder required.
2026-08-21,S01,P301,Beverages,135.27,0,112,1,1.0,HIGH,6.49,25.81,26,Stock-out active (Closing stock: 0 units),Reorder trigger point set at 26 units,HIGH RISK: Reorder approximately 26 units immediately before the next replenishment cycle.
2026-08-21,S01,P302,Beverages,87.61,0,67,4,1.0,HIGH,14.09,64.15,64,Stock-out active (Closing stock: 0 units),Long lead time (4 days) requires safety buffer,HIGH RISK: Reorder approximately 64 units immediately before the next replenishment cycle.
2026-08-21,S01,P303,Beverages,53.48,67,40,3,0.0,LOW,8.53,31.45,0,Stable closing inventory position (67 units),Reorder trigger point set at 31 units,LOW RISK: Stock position is adequate. No immediate reorder required.
2026-08-21,S01,P304,Beverages,222.52,0,156,2,1.0,HIGH,11.39,74.97,75,Stock-out active (Closing stock: 0 units),Reorder trigger point set at 75 units,HIGH RISK: Reorder approximately 75 units immediately before the next replenishment cycle.
2026-08-21,S01,P401,Snacks,191.14,64,140,2,0.0,MEDIUM,18.7,73.31,9,High 7-day predicted demand forecast (191 units),Reorder trigger point set at 73 units,MEDIUM RISK: Monitor closely; projected demand is 191 units. Recommended buffer order: 9 units.
2026-08-21,S01,P402,Snacks,249.57,1,168,4,0.0,MEDIUM,12.98,155.59,155,High 7-day predicted demand forecast (250 units),Long lead time (4 days) requires safety buffer,MEDIUM RISK: Monitor closely; projected demand is 250 units. Recommended buffer order: 155 units.
2026-08-21,S01,P403,Snacks,110.54,105,89,4,0.0,LOW,11.9,75.07,0,High 7-day predicted demand forecast (111 units),Active promotional campaign boosting velocity,LOW RISK: Stock position is adequate. No immediate reorder required.
2026-08-21,S01,P404,Snacks,0.0,396,40,2,0.0,LOW,2.33,2.33,0,Stable closing inventory position (396 units),Reorder trigger point set at 2 units,LOW RISK: Stock position is adequate. No immediate reorder required.
2026-08-21,S01,P501,Household,74.47,133,56,2,0.0,LOW,8.46,29.74,0,Stable closing inventory position (133 units),Reorder trigger point set at 30 units,LOW RISK: Stock position is adequate. No immediate reorder required.
2026-08-21,S01,P502,Household,53.04,423,44,4,0.0,LOW,10.34,40.65,0,Stable closing inventory position (423 units),Long lead time (4 days) requires safety buffer,LOW RISK: Stock position is adequate. No immediate reorder required.
2026-08-21,S01,P503,Household,86.61,104,67,4,0.0,LOW,8.4,57.89,0,Stable closing inventory position (104 units),Long lead time (4 days) requires safety buffer,LOW RISK: Stock position is adequate. No immediate reorder required.
2026-08-21,S01,P601,Frozen,111.22,0,78,4,1.0,HIGH,14.22,77.77,78,Stock-out active (Closing stock: 0 units),Long lead time (4 days) requires safety buffer,HIGH RISK: Reorder approximately 78 units immediately before the next replenishment cycle.
2026-08-21,S02,P101,Dairy,232.27,14,178,2,0.0,MEDIUM,16.37,82.73,69,High 7-day predicted demand forecast (232 units),Reorder trigger point set at 83 units,MEDIUM RISK: Monitor closely; projected demand is 232 units. Recommended buffer order: 69 units.
2026-08-21,S02,P102,Dairy,159.69,0,121,2,1.0,HIGH,16.36,61.99,62,Stock-out active (Closing stock: 0 units),Reorder trigger point set at 62 units,HIGH RISK: Reorder approximately 62 units immediately before the next replenishment cycle.
2026-08-21,S02,P103,Dairy,90.55,337,64,2,0.0,LOW,12.95,38.82,0,Stable closing inventory position (337 units),Reorder trigger point set at 39 units,LOW RISK: Stock position is adequate. No immediate reorder required.
2026-08-21,S02,P104,Dairy,56.19,189,40,3,0.0,LOW,4.95,29.03,0,Stable closing inventory position (189 units),Reorder trigger point set at 29 units,LOW RISK: Stock position is adequate. No immediate reorder required.
2026-08-21,S02,P201,Personal Care,65.42,60,48,3,0.0,LOW,8.37,36.41,0,Stable closing inventory position (60 units),Reorder trigger point set at 36 units,LOW RISK: Stock position is adequate. No immediate reorder required.
2026-08-21,S02,P202,Personal Care,185.79,7,146,3,0.0,MEDIUM,24.73,104.35,97,High 7-day predicted demand forecast (186 units),Reorder trigger point set at 104 units,MEDIUM RISK: Monitor closely; projected demand is 186 units. Recommended buffer order: 97 units.
2026-08-21,S02,P203,Personal Care,99.82,273,73,2,0.0,LOW,12.49,41.01,0,Stable closing inventory position (273 units),Reorder trigger point set at 41 units,LOW RISK: Stock position is adequate. No immediate reorder required.
2026-08-21,S02,P204,Personal Care,52.32,244,40,1,0.0,LOW,5.17,12.64,0,Stable closing inventory position (244 units),Reorder trigger point set at 13 units,LOW RISK: Stock position is adequate. No immediate reorder required.
2026-08-21,S02,P301,Beverages,197.56,0,162,3,1.0,HIGH,12.72,97.39,97,Stock-out active (Closing stock: 0 units),Reorder trigger point set at 97 units,HIGH RISK: Reorder approximately 97 units immediately before the next replenishment cycle.
2026-08-21,S02,P302,Beverages,138.11,338,97,4,0.0,LOW,10.68,89.6,0,High 7-day predicted demand forecast (138 units),Long lead time (4 days) requires safety buffer,LOW RISK: Stock position is adequate. No immediate reorder required.
2026-08-21,S02,P303,Beverages,69.77,440,56,1,0.0,LOW,7.67,17.64,0,Stable closing inventory position (440 units),Reorder trigger point set at 18 units,LOW RISK: Stock position is adequate. No immediate reorder required.
2026-08-21,S02,P304,Beverages,296.42,0,227,4,1.0,HIGH,21.64,191.02,191,Stock-out active (Closing stock: 0 units),Long lead time (4 days) requires safety buffer,HIGH RISK: Reorder approximately 191 units immediately before the next replenishment cycle.
2026-08-21,S02,P401,Snacks,252.07,0,203,2,1.0,HIGH,16.1,88.12,88,Stock-out active (Closing stock: 0 units),Reorder trigger point set at 88 units,HIGH RISK: Reorder approximately 88 units immediately before the next replenishment cycle.
2026-08-21,S02,P402,Snacks,341.55,0,243,3,1.0,HIGH,45.03,191.41,191,Stock-out active (Closing stock: 0 units),Active promotional campaign boosting velocity,HIGH RISK: Reorder approximately 191 units immediately before the next replenishment cycle.
2026-08-21,S02,P403,Snacks,167.78,0,129,3,1.0,HIGH,17.2,89.11,89,Stock-out active (Closing stock: 0 units),Reorder trigger point set at 89 units,HIGH RISK: Reorder approximately 89 units immediately before the next replenishment cycle.
2026-08-21,S02,P404,Snacks,0.0,778,40,2,0.0,LOW,2.33,2.33,0,Stable closing inventory position (778 units),Reorder trigger point set at 2 units,LOW RISK: Stock position is adequate. No immediate reorder required.
2026-08-21,S02,P501,Household,103.28,0,81,2,1.0,HIGH,8.6,38.11,38,Stock-out active (Closing stock: 0 units),Reorder trigger point set at 38 units,HIGH RISK: Reorder approximately 38 units immediately before the next replenishment cycle.
2026-08-21,S02,P502,Household,84.87,116,64,1,0.0,LOW,2.67,14.79,0,Stable closing inventory position (116 units),Reorder trigger point set at 15 units,LOW RISK: Stock position is adequate. No immediate reorder required.
2026-08-21,S02,P503,Household,131.43,84,97,4,0.0,MEDIUM,27.33,102.43,18,High 7-day predicted demand forecast (131 units),Long lead time (4 days) requires safety buffer,MEDIUM RISK: Monitor closely; projected demand is 131 units. Recommended buffer order: 18 units.
2026-08-21,S02,P601,Frozen,153.97,112,113,3,0.0,MEDIUM,17.73,83.72,0,High 7-day predicted demand forecast (154 units),Active promotional campaign boosting velocity,MEDIUM RISK: Monitor closely; projected demand is 154 units. Recommended buffer order: 0 units.
2026-08-21,S03,P101,Dairy,112.01,41,88,4,0.0,MEDIUM,11.34,75.35,34,High 7-day predicted demand forecast (112 units),Long lead time (4 days) requires safety buffer,MEDIUM RISK: Monitor closely; projected demand is 112 units. Recommended buffer order: 34 units.
2026-08-21,S03,P102,Dairy,76.4,237,60,4,0.0,LOW,6.72,50.38,0,Stable closing inventory position (237 units),Long lead time (4 days) requires safety buffer,LOW RISK: Stock position is adequate. No immediate reorder required.
2026-08-21,S03,P103,Dairy,44.4,190,40,2,0.0,LOW,4.94,17.63,0,Stable closing inventory position (190 units),Reorder trigger point set at 18 units,LOW RISK: Stock position is adequate. No immediate reorder required.
2026-08-21,S03,P104,Dairy,27.01,1148,40,2,0.0,LOW,4.44,12.16,0,Stable closing inventory position (1148 units),Reorder trigger point set at 12 units,LOW RISK: Stock position is adequate. No immediate reorder required.
2026-08-21,S03,P201,Personal Care,32.0,1293,40,4,0.0,LOW,6.56,24.85,0,Stable closing inventory position (1293 units),Long lead time (4 days) requires safety buffer,LOW RISK: Stock position is adequate. No immediate reorder required.
2026-08-21,S03,P202,Personal Care,103.64,0,72,2,1.0,HIGH,11.18,40.79,41,Stock-out active (Closing stock: 0 units),Active promotional campaign boosting velocity,HIGH RISK: Reorder approximately 41 units immediately before the next replenishment cycle.
2026-08-21,S03,P203,Personal Care,48.42,172,40,3,0.0,LOW,9.9,30.65,0,Stable closing inventory position (172 units),Reorder trigger point set at 31 units,LOW RISK: Stock position is adequate. No immediate reorder required.
2026-08-21,S03,P204,Personal Care,28.81,557,40,2,0.0,LOW,2.6,10.83,0,Stable closing inventory position (557 units),Reorder trigger point set at 11 units,LOW RISK: Stock position is adequate. No immediate reorder required.
2026-08-21,S03,P301,Beverages,107.48,47,80,4,0.0,MEDIUM,9.22,70.64,24,High 7-day predicted demand forecast (107 units),Long lead time (4 days) requires safety buffer,MEDIUM RISK: Monitor closely; projected demand is 107 units. Recommended buffer order: 24 units.
2026-08-21,S03,P302,Beverages,64.07,239,48,1,0.0,LOW,4.75,13.9,0,Stable closing inventory position (239 units),Reorder trigger point set at 14 units,LOW RISK: Stock position is adequate. No immediate reorder required.
2026-08-21,S03,P303,Beverages,41.11,176,40,2,0.0,LOW,3.53,15.28,0,Stable closing inventory position (176 units),Reorder trigger point set at 15 units,LOW RISK: Stock position is adequate. No immediate reorder required.
2026-08-21,S03,P304,Beverages,144.57,60,112,2,0.0,MEDIUM,8.51,49.82,0,High 7-day predicted demand forecast (145 units),Reorder trigger point set at 50 units,MEDIUM RISK: Monitor closely; projected demand is 145 units. Recommended buffer order: 0 units.
2026-08-21,S03,P401,Snacks,134.12,0,100,4,1.0,HIGH,14.81,91.45,91,Stock-out active (Closing stock: 0 units),Long lead time (4 days) requires safety buffer,HIGH RISK: Reorder approximately 91 units immediately before the next replenishment cycle.
2026-08-21,S03,P402,Snacks,159.23,149,120,4,0.0,LOW,8.61,99.6,0,High 7-day predicted demand forecast (159 units),Long lead time (4 days) requires safety buffer,LOW RISK: Stock position is adequate. No immediate reorder required.
2026-08-21,S03,P403,Snacks,85.66,152,64,1,0.0,LOW,6.13,18.37,0,Stable closing inventory position (152 units),Reorder trigger point set at 18 units,LOW RISK: Stock position is adequate. No immediate reorder required.
2026-08-21,S03,P404,Snacks,0.0,901,40,4,0.0,LOW,3.3,3.3,0,Stable closing inventory position (901 units),Long lead time (4 days) requires safety buffer,LOW RISK: Stock position is adequate. No immediate reorder required.
2026-08-21,S03,P501,Household,57.71,534,40,1,0.0,LOW,6.23,14.47,0,Stable closing inventory position (534 units),Active promotional campaign boosting velocity,LOW RISK: Stock position is adequate. No immediate reorder required.
2026-08-21,S03,P502,Household,47.2,222,40,1,0.0,LOW,5.28,12.02,0,Stable closing inventory position (222 units),Reorder trigger point set at 12 units,LOW RISK: Stock position is adequate. No immediate reorder required.
2026-08-21,S03,P503,Household,62.9,350,48,4,0.0,LOW,10.68,46.62,0,Stable closing inventory position (350 units),Long lead time (4 days) requires safety buffer,LOW RISK: Stock position is adequate. No immediate reorder required.
2026-08-21,S03,P601,Frozen,70.66,493,56,3,0.0,LOW,9.82,40.1,0,Stable closing inventory position (493 units),Reorder trigger point set at 40 units,LOW RISK: Stock position is adequate. No immediate reorder required.
2026-08-21,S04,P101,Dairy,144.67,199,110,3,0.0,LOW,14.37,76.37,0,High 7-day predicted demand forecast (145 units),Reorder trigger point set at 76 units,LOW RISK: Stock position is adequate. No immediate reorder required.
2026-08-21,S04,P102,Dairy,109.98,294,75,4,0.0,LOW,12.31,75.16,0,High 7-day predicted demand forecast (110 units),Long lead time (4 days) requires safety buffer,LOW RISK: Stock position is adequate. No immediate reorder required.
2026-08-21,S04,P103,Dairy,51.47,390,40,2,0.0,LOW,8.24,22.95,0,Stable closing inventory position (390 units),Reorder trigger point set at 23 units,LOW RISK: Stock position is adequate. No immediate reorder required.
2026-08-21,S04,P104,Dairy,38.63,477,40,2,0.0,LOW,5.51,16.55,0,Stable closing inventory position (477 units),Active promotional campaign boosting velocity,LOW RISK: Stock position is adequate. No immediate reorder required.
2026-08-21,S04,P201,Personal Care,38.6,747,40,4,0.0,LOW,4.67,26.73,0,Stable closing inventory position (747 units),Long lead time (4 days) requires safety buffer,LOW RISK: Stock position is adequate. No immediate reorder required.
2026-08-21,S04,P202,Personal Care,111.73,0,90,3,1.0,HIGH,12.96,60.84,61,Stock-out active (Closing stock: 0 units),Reorder trigger point set at 61 units,HIGH RISK: Reorder approximately 61 units immediately before the next replenishment cycle.
2026-08-21,S04,P203,Personal Care,60.95,113,45,3,0.0,LOW,9.29,35.41,0,Stable closing inventory position (113 units),Reorder trigger point set at 35 units,LOW RISK: Stock position is adequate. No immediate reorder required.
2026-08-21,S04,P204,Personal Care,38.13,225,40,2,0.0,LOW,4.35,15.24,0,Stable closing inventory position (225 units),Reorder trigger point set at 15 units,LOW RISK: Stock position is adequate. No immediate reorder required.
2026-08-21,S04,P301,Beverages,134.29,0,100,4,1.0,HIGH,18.81,95.55,96,Stock-out active (Closing stock: 0 units),Long lead time (4 days) requires safety buffer,HIGH RISK: Reorder approximately 96 units immediately before the next replenishment cycle.
2026-08-21,S04,P302,Beverages,74.22,223,60,3,0.0,LOW,6.14,37.95,0,Stable closing inventory position (223 units),Reorder trigger point set at 38 units,LOW RISK: Stock position is adequate. No immediate reorder required.
2026-08-21,S04,P303,Beverages,45.0,286,40,4,0.0,LOW,7.72,33.43,0,Stable closing inventory position (286 units),Long lead time (4 days) requires safety buffer,LOW RISK: Stock position is adequate. No immediate reorder required.
2026-08-21,S04,P304,Beverages,179.31,1,141,1,0.0,MEDIUM,10.77,36.39,35,High 7-day predicted demand forecast (179 units),Reorder trigger point set at 36 units,MEDIUM RISK: Monitor closely; projected demand is 179 units. Recommended buffer order: 35 units.
2026-08-21,S04,P401,Snacks,161.49,13,126,4,0.0,MEDIUM,15.41,107.69,95,High 7-day predicted demand forecast (161 units),Long lead time (4 days) requires safety buffer,MEDIUM RISK: Monitor closely; projected demand is 161 units. Recommended buffer order: 95 units.
2026-08-21,S04,P402,Snacks,196.71,0,151,1,1.0,HIGH,12.94,41.04,41,Stock-out active (Closing stock: 0 units),Reorder trigger point set at 41 units,HIGH RISK: Reorder approximately 41 units immediately before the next replenishment cycle.
2026-08-21,S04,P403,Snacks,101.67,325,80,4,0.0,LOW,17.96,76.06,0,High 7-day predicted demand forecast (102 units),Long lead time (4 days) requires safety buffer,LOW RISK: Stock position is adequate. No immediate reorder required.
2026-08-21,S04,P404,Snacks,0.0,594,40,4,0.0,LOW,3.3,3.3,0,Stable closing inventory position (594 units),Long lead time (4 days) requires safety buffer,LOW RISK: Stock position is adequate. No immediate reorder required.
2026-08-21,S04,P501,Household,75.12,347,50,4,0.0,LOW,8.94,51.87,0,Stable closing inventory position (347 units),Long lead time (4 days) requires safety buffer,LOW RISK: Stock position is adequate. No immediate reorder required.
2026-08-21,S04,P502,Household,53.29,686,40,3,0.0,LOW,8.53,31.37,0,Stable closing inventory position (686 units),Reorder trigger point set at 31 units,LOW RISK: Stock position is adequate. No immediate reorder required.
2026-08-21,S04,P503,Household,72.75,166,60,4,0.0,LOW,10.58,52.15,0,Stable closing inventory position (166 units),Long lead time (4 days) requires safety buffer,LOW RISK: Stock position is adequate. No immediate reorder required.
2026-08-21,S04,P601,Frozen,88.34,22,70,3,0.0,MEDIUM,11.63,49.49,27,Stable closing inventory position (22 units),Reorder trigger point set at 49 units,MEDIUM RISK: Monitor closely; projected demand is 88 units. Recommended buffer order: 27 units.
2026-08-22,S01,P101,Dairy,153.91,0,123,4,1.0,HIGH,11.34,99.29,99,Stock-out active (Closing stock: 0 units),Long lead time (4 days) requires safety buffer,HIGH RISK: Reorder approximately 99 units immediately before the next replenishment cycle.
2026-08-22,S01,P102,Dairy,107.07,0,84,1,1.0,HIGH,9.14,24.44,24,Stock-out active (Closing stock: 0 units),Reorder trigger point set at 24 units,HIGH RISK: Reorder approximately 24 units immediately before the next replenishment cycle.
2026-08-22,S01,P103,Dairy,51.54,334,44,4,0.0,LOW,11.41,40.86,0,Stable closing inventory position (334 units),Long lead time (4 days) requires safety buffer,LOW RISK: Stock position is adequate. No immediate reorder required.
2026-08-22,S01,P104,Dairy,47.29,480,40,4,0.0,LOW,9.87,36.89,0,Stable closing inventory position (480 units),Long lead time (4 days) requires safety buffer,LOW RISK: Stock position is adequate. No immediate reorder required.
2026-08-22,S01,P201,Personal Care,50.08,667,40,3,0.0,LOW,5.72,27.18,0,Stable closing inventory position (667 units),Reorder trigger point set at 27 units,LOW RISK: Stock position is adequate. No immediate reorder required.
2026-08-22,S01,P202,Personal Care,139.54,134,100,4,0.0,LOW,16.8,96.54,0,High 7-day predicted demand forecast (140 units),Long lead time (4 days) requires safety buffer,LOW RISK: Stock position is adequate. No immediate reorder required.
2026-08-22,S01,P203,Personal Care,74.02,497,50,2,0.0,LOW,6.66,27.81,0,Stable closing inventory position (497 units),Reorder trigger point set at 28 units,LOW RISK: Stock position is adequate. No immediate reorder required.
2026-08-22,S01,P204,Personal Care,42.8,579,40,2,0.0,LOW,4.64,16.87,0,Stable closing inventory position (579 units),Reorder trigger point set at 17 units,LOW RISK: Stock position is adequate. No immediate reorder required.
2026-08-22,S01,P301,Beverages,135.96,0,112,3,1.0,HIGH,10.27,68.54,69,Stock-out active (Closing stock: 0 units),Reorder trigger point set at 69 units,HIGH RISK: Reorder approximately 69 units immediately before the next replenishment cycle.
2026-08-22,S01,P302,Beverages,87.47,0,67,2,1.0,HIGH,9.79,34.78,35,Stock-out active (Closing stock: 0 units),Reorder trigger point set at 35 units,HIGH RISK: Reorder approximately 35 units immediately before the next replenishment cycle.
2026-08-22,S01,P303,Beverages,52.98,60,40,4,0.0,LOW,9.85,40.12,0,Stable closing inventory position (60 units),Active promotional campaign boosting velocity,LOW RISK: Stock position is adequate. No immediate reorder required.
2026-08-22,S01,P304,Beverages,221.36,0,156,3,1.0,HIGH,8.8,103.67,104,Stock-out active (Closing stock: 0 units),Reorder trigger point set at 104 units,HIGH RISK: Reorder approximately 104 units immediately before the next replenishment cycle.
2026-08-22,S01,P401,Snacks,191.33,31,140,2,0.0,MEDIUM,18.22,72.89,42,High 7-day predicted demand forecast (191 units),Reorder trigger point set at 73 units,MEDIUM RISK: Monitor closely; projected demand is 191 units. Recommended buffer order: 42 units.
2026-08-22,S01,P402,Snacks,242.83,0,168,1,1.0,HIGH,5.93,40.62,41,Stock-out active (Closing stock: 0 units),Reorder trigger point set at 41 units,HIGH RISK: Reorder approximately 41 units immediately before the next replenishment cycle.
2026-08-22,S01,P403,Snacks,107.03,89,89,3,0.0,LOW,9.33,55.2,0,High 7-day predicted demand forecast (107 units),Active promotional campaign boosting velocity,LOW RISK: Stock position is adequate. No immediate reorder required.
2026-08-22,S01,P404,Snacks,0.0,396,40,3,0.0,LOW,2.86,2.86,0,Stable closing inventory position (396 units),Reorder trigger point set at 3 units,LOW RISK: Stock position is adequate. No immediate reorder required.
2026-08-22,S01,P501,Household,64.36,119,56,3,0.0,LOW,14.65,42.23,0,Stable closing inventory position (119 units),Reorder trigger point set at 42 units,LOW RISK: Stock position is adequate. No immediate reorder required.
2026-08-22,S01,P502,Household,53.19,416,44,1,0.0,LOW,5.17,12.77,0,Stable closing inventory position (416 units),Reorder trigger point set at 13 units,LOW RISK: Stock position is adequate. No immediate reorder required.
2026-08-22,S01,P503,Household,88.84,94,67,2,0.0,LOW,5.53,30.91,0,Stable closing inventory position (94 units),Reorder trigger point set at 31 units,LOW RISK: Stock position is adequate. No immediate reorder required.
2026-08-22,S01,P601,Frozen,109.87,0,78,4,1.0,HIGH,15.11,77.89,78,Stock-out active (Closing stock: 0 units),Long lead time (4 days) requires safety buffer,HIGH RISK: Reorder approximately 78 units immediately before the next replenishment cycle.
2026-08-22,S02,P101,Dairy,234.4,0,178,3,1.0,HIGH,19.93,120.39,120,Stock-out active (Closing stock: 0 units),Reorder trigger point set at 120 units,HIGH RISK: Reorder approximately 120 units immediately before the next replenishment cycle.
2026-08-22,S02,P102,Dairy,159.21,0,121,1,1.0,HIGH,12.48,35.22,35,Stock-out active (Closing stock: 0 units),Reorder trigger point set at 35 units,HIGH RISK: Reorder approximately 35 units immediately before the next replenishment cycle.
2026-08-22,S02,P103,Dairy,90.69,319,64,4,0.0,LOW,7.09,58.91,0,Stable closing inventory position (319 units),Long lead time (4 days) requires safety buffer,LOW RISK: Stock position is adequate. No immediate reorder required.
2026-08-22,S02,P104,Dairy,56.47,244,40,4,0.0,LOW,4.99,37.26,0,Stable closing inventory position (244 units),Long lead time (4 days) requires safety buffer,LOW RISK: Stock position is adequate. No immediate reorder required.
2026-08-22,S02,P201,Personal Care,65.45,46,48,3,0.0,MEDIUM,11.52,39.57,0,Stable closing inventory position (46 units),Reorder trigger point set at 40 units,MEDIUM RISK: Monitor closely; projected demand is 65 units. Recommended buffer order: 0 units.
2026-08-22,S02,P202,Personal Care,185.48,0,146,4,1.0,HIGH,27.86,133.85,134,Stock-out active (Closing stock: 0 units),Long lead time (4 days) requires safety buffer,HIGH RISK: Reorder approximately 134 units immediately before the next replenishment cycle.
2026-08-22,S02,P203,Personal Care,96.22,255,73,1,0.0,LOW,8.07,21.82,0,Stable closing inventory position (255 units),Active promotional campaign boosting velocity,LOW RISK: Stock position is adequate. No immediate reorder required.
2026-08-22,S02,P204,Personal Care,51.02,237,40,4,0.0,LOW,10.58,39.73,0,Stable closing inventory position (237 units),Long lead time (4 days) requires safety buffer,LOW RISK: Stock position is adequate. No immediate reorder required.
2026-08-22,S02,P301,Beverages,194.26,0,162,3,1.0,HIGH,14.23,97.48,97,Stock-out active (Closing stock: 0 units),Reorder trigger point set at 97 units,HIGH RISK: Reorder approximately 97 units immediately before the next replenishment cycle.
2026-08-22,S02,P302,Beverages,138.43,322,97,3,0.0,LOW,9.46,68.79,0,High 7-day predicted demand forecast (138 units),Reorder trigger point set at 69 units,LOW RISK: Stock position is adequate. No immediate reorder required.
2026-08-22,S02,P303,Beverages,69.39,434,56,2,0.0,LOW,11.1,30.93,0,Stable closing inventory position (434 units),Active promotional campaign boosting velocity,LOW RISK: Stock position is adequate. No immediate reorder required.
2026-08-22,S02,P304,Beverages,300.03,32,227,1,0.0,MEDIUM,9.52,52.38,20,High 7-day predicted demand forecast (300 units),Active promotional campaign boosting velocity,MEDIUM RISK: Monitor closely; projected demand is 300 units. Recommended buffer order: 20 units.
2026-08-22,S02,P401,Snacks,251.75,0,203,3,1.0,HIGH,22.08,129.97,130,Stock-out active (Closing stock: 0 units),Active promotional campaign boosting velocity,HIGH RISK: Reorder approximately 130 units immediately before the next replenishment cycle.
2026-08-22,S02,P402,Snacks,342.06,0,243,3,1.0,HIGH,40.44,187.04,187,Stock-out active (Closing stock: 0 units),Reorder trigger point set at 187 units,HIGH RISK: Reorder approximately 187 units immediately before the next replenishment cycle.
2026-08-22,S02,P403,Snacks,170.2,0,129,2,1.0,HIGH,13.6,62.23,62,Stock-out active (Closing stock: 0 units),Reorder trigger point set at 62 units,HIGH RISK: Reorder approximately 62 units immediately before the next replenishment cycle.
2026-08-22,S02,P404,Snacks,0.0,778,40,3,0.0,LOW,2.86,2.86,0,Stable closing inventory position (778 units),Reorder trigger point set at 3 units,LOW RISK: Stock position is adequate. No immediate reorder required.
2026-08-22,S02,P501,Household,106.97,0,81,4,1.0,HIGH,14.85,75.98,76,Stock-out active (Closing stock: 0 units),Active promotional campaign boosting velocity,HIGH RISK: Reorder approximately 76 units immediately before the next replenishment cycle.
2026-08-22,S02,P502,Household,86.36,100,64,3,0.0,LOW,5.82,42.83,0,Stable closing inventory position (100 units),Reorder trigger point set at 43 units,LOW RISK: Stock position is adequate. No immediate reorder required.
2026-08-22,S02,P503,Household,131.49,135,97,4,0.0,LOW,26.54,101.68,0,High 7-day predicted demand forecast (131 units),Active promotional campaign boosting velocity,LOW RISK: Stock position is adequate. No immediate reorder required.
2026-08-22,S02,P601,Frozen,158.92,240,113,1,0.0,LOW,5.46,28.16,0,High 7-day predicted demand forecast (159 units),Reorder trigger point set at 28 units,LOW RISK: Stock position is adequate. No immediate reorder required.
2026-08-22,S03,P101,Dairy,110.49,121,88,3,0.0,LOW,11.29,58.64,0,High 7-day predicted demand forecast (110 units),Reorder trigger point set at 59 units,LOW RISK: Stock position is adequate. No immediate reorder required.
2026-08-22,S03,P102,Dairy,75.06,222,60,2,0.0,LOW,3.74,25.19,0,Stable closing inventory position (222 units),Reorder trigger point set at 25 units,LOW RISK: Stock position is adequate. No immediate reorder required.
2026-08-22,S03,P103,Dairy,44.39,184,40,3,0.0,LOW,5.65,24.67,0,Stable closing inventory position (184 units),Reorder trigger point set at 25 units,LOW RISK: Stock position is adequate. No immediate reorder required.
2026-08-22,S03,P104,Dairy,27.13,1145,40,2,0.0,LOW,4.94,12.69,0,Stable closing inventory position (1145 units),Reorder trigger point set at 13 units,LOW RISK: Stock position is adequate. No immediate reorder required.
2026-08-22,S03,P201,Personal Care,33.34,1287,40,3,0.0,LOW,5.68,19.97,0,Stable closing inventory position (1287 units),Reorder trigger point set at 20 units,LOW RISK: Stock position is adequate. No immediate reorder required.
2026-08-22,S03,P202,Personal Care,104.29,0,72,1,1.0,HIGH,7.67,22.57,23,Stock-out active (Closing stock: 0 units),Reorder trigger point set at 23 units,HIGH RISK: Reorder approximately 23 units immediately before the next replenishment cycle.
2026-08-22,S03,P203,Personal Care,46.94,171,40,4,0.0,LOW,11.34,38.16,0,Stable closing inventory position (171 units),Long lead time (4 days) requires safety buffer,LOW RISK: Stock position is adequate. No immediate reorder required.
2026-08-22,S03,P204,Personal Care,27.73,551,40,1,0.0,LOW,2.0,5.96,0,Stable closing inventory position (551 units),Active promotional campaign boosting velocity,LOW RISK: Stock position is adequate. No immediate reorder required.
2026-08-22,S03,P301,Beverages,105.61,32,80,1,0.0,MEDIUM,4.61,19.7,0,High 7-day predicted demand forecast (106 units),Reorder trigger point set at 20 units,MEDIUM RISK: Monitor closely; projected demand is 106 units. Recommended buffer order: 0 units.
2026-08-22,S03,P302,Beverages,64.48,230,48,2,0.0,LOW,7.86,26.28,0,Stable closing inventory position (230 units),Reorder trigger point set at 26 units,LOW RISK: Stock position is adequate. No immediate reorder required.
2026-08-22,S03,P303,Beverages,41.68,167,40,1,0.0,LOW,2.42,8.37,0,Stable closing inventory position (167 units),Reorder trigger point set at 8 units,LOW RISK: Stock position is adequate. No immediate reorder required.
2026-08-22,S03,P304,Beverages,140.8,37,112,4,0.0,MEDIUM,10.16,90.62,54,High 7-day predicted demand forecast (141 units),Long lead time (4 days) requires safety buffer,MEDIUM RISK: Monitor closely; projected demand is 141 units. Recommended buffer order: 54 units.
2026-08-22,S03,P401,Snacks,135.36,0,100,1,1.0,HIGH,5.78,25.12,25,Stock-out active (Closing stock: 0 units),Reorder trigger point set at 25 units,HIGH RISK: Reorder approximately 25 units immediately before the next replenishment cycle.
2026-08-22,S03,P402,Snacks,159.92,131,120,2,0.0,LOW,4.8,50.49,0,High 7-day predicted demand forecast (160 units),Reorder trigger point set at 50 units,LOW RISK: Stock position is adequate. No immediate reorder required.
2026-08-22,S03,P403,Snacks,84.16,131,64,2,0.0,LOW,7.67,31.72,0,Stable closing inventory position (131 units),Reorder trigger point set at 32 units,LOW RISK: Stock position is adequate. No immediate reorder required.
2026-08-22,S03,P404,Snacks,0.0,901,40,2,0.0,LOW,2.33,2.33,0,Stable closing inventory position (901 units),Reorder trigger point set at 2 units,LOW RISK: Stock position is adequate. No immediate reorder required.
2026-08-22,S03,P501,Household,56.84,520,40,2,0.0,LOW,8.46,24.7,0,Stable closing inventory position (520 units),Active promotional campaign boosting velocity,LOW RISK: Stock position is adequate. No immediate reorder required.
2026-08-22,S03,P502,Household,47.97,214,40,3,0.0,LOW,8.95,29.51,0,Stable closing inventory position (214 units),Reorder trigger point set at 30 units,LOW RISK: Stock position is adequate. No immediate reorder required.
2026-08-22,S03,P503,Household,63.41,390,48,1,0.0,LOW,5.45,14.51,0,Stable closing inventory position (390 units),Reorder trigger point set at 15 units,LOW RISK: Stock position is adequate. No immediate reorder required.
2026-08-22,S03,P601,Frozen,71.85,478,56,2,0.0,LOW,7.55,28.08,0,Stable closing inventory position (478 units),Reorder trigger point set at 28 units,LOW RISK: Stock position is adequate. No immediate reorder required.
2026-08-22,S04,P101,Dairy,146.71,177,110,3,0.0,LOW,13.88,76.76,0,High 7-day predicted demand forecast (147 units),Reorder trigger point set at 77 units,LOW RISK: Stock position is adequate. No immediate reorder required.
2026-08-22,S04,P102,Dairy,110.58,282,75,3,0.0,LOW,8.99,56.38,0,High 7-day predicted demand forecast (111 units),Reorder trigger point set at 56 units,LOW RISK: Stock position is adequate. No immediate reorder required.
2026-08-22,S04,P103,Dairy,55.23,388,40,2,0.0,LOW,6.85,22.63,0,Stable closing inventory position (388 units),Reorder trigger point set at 23 units,LOW RISK: Stock position is adequate. No immediate reorder required.
2026-08-22,S04,P104,Dairy,35.52,494,40,2,0.0,LOW,5.62,15.77,0,Stable closing inventory position (494 units),Reorder trigger point set at 16 units,LOW RISK: Stock position is adequate. No immediate reorder required.
2026-08-22,S04,P201,Personal Care,39.54,740,40,1,0.0,LOW,2.6,8.25,0,Stable closing inventory position (740 units),Reorder trigger point set at 8 units,LOW RISK: Stock position is adequate. No immediate reorder required.
2026-08-22,S04,P202,Personal Care,111.49,8,90,2,0.0,MEDIUM,10.58,42.43,34,High 7-day predicted demand forecast (111 units),Reorder trigger point set at 42 units,MEDIUM RISK: Monitor closely; projected demand is 111 units. Recommended buffer order: 34 units.
2026-08-22,S04,P203,Personal Care,60.79,102,45,2,0.0,LOW,8.49,25.86,0,Stable closing inventory position (102 units),Reorder trigger point set at 26 units,LOW RISK: Stock position is adequate. No immediate reorder required.
2026-08-22,S04,P204,Personal Care,37.78,224,40,2,0.0,LOW,5.53,16.32,0,Stable closing inventory position (224 units),Reorder trigger point set at 16 units,LOW RISK: Stock position is adequate. No immediate reorder required.
2026-08-22,S04,P301,Beverages,133.8,0,100,1,1.0,HIGH,8.72,27.83,28,Stock-out active (Closing stock: 0 units),Reorder trigger point set at 28 units,HIGH RISK: Reorder approximately 28 units immediately before the next replenishment cycle.
2026-08-22,S04,P302,Beverages,74.07,209,60,2,0.0,LOW,7.9,29.06,0,Stable closing inventory position (209 units),Reorder trigger point set at 29 units,LOW RISK: Stock position is adequate. No immediate reorder required.
2026-08-22,S04,P303,Beverages,42.67,275,40,3,0.0,LOW,7.35,25.64,0,Stable closing inventory position (275 units),Reorder trigger point set at 26 units,LOW RISK: Stock position is adequate. No immediate reorder required.
2026-08-22,S04,P304,Beverages,189.81,0,141,4,1.0,HIGH,12.03,120.49,120,Stock-out active (Closing stock: 0 units),Long lead time (4 days) requires safety buffer,HIGH RISK: Reorder approximately 120 units immediately before the next replenishment cycle.
2026-08-22,S04,P401,Snacks,159.1,0,126,2,1.0,HIGH,11.54,57.0,57,Stock-out active (Closing stock: 0 units),Reorder trigger point set at 57 units,HIGH RISK: Reorder approximately 57 units immediately before the next replenishment cycle.
2026-08-22,S04,P402,Snacks,196.1,0,151,4,1.0,HIGH,25.56,137.62,138,Stock-out active (Closing stock: 0 units),Long lead time (4 days) requires safety buffer,HIGH RISK: Reorder approximately 138 units immediately before the next replenishment cycle.
2026-08-22,S04,P403,Snacks,105.63,301,80,1,0.0,LOW,9.4,24.49,0,High 7-day predicted demand forecast (106 units),Reorder trigger point set at 24 units,LOW RISK: Stock position is adequate. No immediate reorder required.
2026-08-22,S04,P404,Snacks,0.0,594,40,1,0.0,LOW,1.65,1.65,0,Stable closing inventory position (594 units),Reorder trigger point set at 2 units,LOW RISK: Stock position is adequate. No immediate reorder required.
2026-08-22,S04,P501,Household,75.35,337,50,4,0.0,LOW,8.88,51.94,0,Stable closing inventory position (337 units),Long lead time (4 days) requires safety buffer,LOW RISK: Stock position is adequate. No immediate reorder required.
2026-08-22,S04,P502,Household,50.72,675,40,3,0.0,LOW,9.9,31.64,0,Stable closing inventory position (675 units),Reorder trigger point set at 32 units,LOW RISK: Stock position is adequate. No immediate reorder required.
2026-08-22,S04,P503,Household,75.38,157,60,4,0.0,LOW,8.46,51.53,0,Stable closing inventory position (157 units),Long lead time (4 days) requires safety buffer,LOW RISK: Stock position is adequate. No immediate reorder required.
2026-08-22,S04,P601,Frozen,85.65,5,70,4,0.0,MEDIUM,12.76,61.7,57,Stable closing inventory position (5 units),Long lead time (4 days) requires safety buffer,MEDIUM RISK: Monitor closely; projected demand is 86 units. Recommended buffer order: 57 units.
2026-08-23,S01,P101,Dairy,152.38,0,123,3,1.0,HIGH,12.54,77.85,78,Stock-out active (Closing stock: 0 units),Reorder trigger point set at 78 units,HIGH RISK: Reorder approximately 78 units immediately before the next replenishment cycle.
2026-08-23,S01,P102,Dairy,107.03,0,84,4,1.0,HIGH,17.01,78.17,78,Stock-out active (Closing stock: 0 units),Active promotional campaign boosting velocity,HIGH RISK: Reorder approximately 78 units immediately before the next replenishment cycle.
2026-08-23,S01,P103,Dairy,51.74,323,44,2,0.0,LOW,8.98,23.76,0,Stable closing inventory position (323 units),Reorder trigger point set at 24 units,LOW RISK: Stock position is adequate. No immediate reorder required.
2026-08-23,S01,P104,Dairy,44.83,475,40,2,0.0,LOW,6.98,19.79,0,Stable closing inventory position (475 units),Reorder trigger point set at 20 units,LOW RISK: Stock position is adequate. No immediate reorder required.
2026-08-23,S01,P201,Personal Care,50.69,816,40,2,0.0,LOW,3.74,18.22,0,Stable closing inventory position (816 units),Reorder trigger point set at 18 units,LOW RISK: Stock position is adequate. No immediate reorder required.
2026-08-23,S01,P202,Personal Care,142.12,115,100,3,0.0,LOW,16.12,77.03,0,High 7-day predicted demand forecast (142 units),Reorder trigger point set at 77 units,LOW RISK: Stock position is adequate. No immediate reorder required.
2026-08-23,S01,P203,Personal Care,72.73,485,50,2,0.0,LOW,7.38,28.16,0,Stable closing inventory position (485 units),Reorder trigger point set at 28 units,LOW RISK: Stock position is adequate. No immediate reorder required.
2026-08-23,S01,P204,Personal Care,41.84,725,40,1,0.0,LOW,3.12,9.1,0,Stable closing inventory position (725 units),Reorder trigger point set at 9 units,LOW RISK: Stock position is adequate. No immediate reorder required.
2026-08-23,S01,P301,Beverages,136.03,75,112,4,0.0,MEDIUM,12.33,90.06,15,High 7-day predicted demand forecast (136 units),Long lead time (4 days) requires safety buffer,MEDIUM RISK: Monitor closely; projected demand is 136 units. Recommended buffer order: 15 units.
2026-08-23,S01,P302,Beverages,91.72,0,67,3,1.0,HIGH,10.36,49.67,50,Stock-out active (Closing stock: 0 units),Reorder trigger point set at 50 units,HIGH RISK: Reorder approximately 50 units immediately before the next replenishment cycle.
2026-08-23,S01,P303,Beverages,52.91,52,40,1,0.0,LOW,4.37,11.93,0,Stable closing inventory position (52 units),Active promotional campaign boosting velocity,LOW RISK: Stock position is adequate. No immediate reorder required.
2026-08-23,S01,P304,Beverages,211.53,0,156,4,1.0,HIGH,14.56,135.43,135,Stock-out active (Closing stock: 0 units),Long lead time (4 days) requires safety buffer,HIGH RISK: Reorder approximately 135 units immediately before the next replenishment cycle.
2026-08-23,S01,P401,Snacks,189.86,5,140,4,0.0,MEDIUM,24.3,132.79,128,High 7-day predicted demand forecast (190 units),Long lead time (4 days) requires safety buffer,MEDIUM RISK: Monitor closely; projected demand is 190 units. Recommended buffer order: 128 units.
2026-08-23,S01,P402,Snacks,250.69,0,168,3,1.0,HIGH,10.15,117.59,118,Stock-out active (Closing stock: 0 units),Reorder trigger point set at 118 units,HIGH RISK: Reorder approximately 118 units immediately before the next replenishment cycle.
2026-08-23,S01,P403,Snacks,107.96,91,89,1,0.0,LOW,5.02,20.44,0,High 7-day predicted demand forecast (108 units),Reorder trigger point set at 20 units,LOW RISK: Stock position is adequate. No immediate reorder required.
2026-08-23,S01,P404,Snacks,0.0,396,40,3,0.0,LOW,2.86,2.86,0,Stable closing inventory position (396 units),Reorder trigger point set at 3 units,LOW RISK: Stock position is adequate. No immediate reorder required.
2026-08-23,S01,P501,Household,66.36,112,56,3,0.0,LOW,14.92,43.36,0,Stable closing inventory position (112 units),Reorder trigger point set at 43 units,LOW RISK: Stock position is adequate. No immediate reorder required.
2026-08-23,S01,P502,Household,54.13,407,44,4,0.0,LOW,8.88,39.81,0,Stable closing inventory position (407 units),Long lead time (4 days) requires safety buffer,LOW RISK: Stock position is adequate. No immediate reorder required.
2026-08-23,S01,P503,Household,87.69,81,67,3,0.0,LOW,6.14,43.72,0,Stable closing inventory position (81 units),Reorder trigger point set at 44 units,LOW RISK: Stock position is adequate. No immediate reorder required.
2026-08-23,S01,P601,Frozen,108.63,0,78,4,1.0,HIGH,13.12,75.19,75,Stock-out active (Closing stock: 0 units),Long lead time (4 days) requires safety buffer,HIGH RISK: Reorder approximately 75 units immediately before the next replenishment cycle.
2026-08-23,S02,P101,Dairy,235.72,0,178,3,1.0,HIGH,15.9,116.92,117,Stock-out active (Closing stock: 0 units),Reorder trigger point set at 117 units,HIGH RISK: Reorder approximately 117 units immediately before the next replenishment cycle.
2026-08-23,S02,P102,Dairy,158.87,0,121,2,1.0,HIGH,15.87,61.26,61,Stock-out active (Closing stock: 0 units),Reorder trigger point set at 61 units,HIGH RISK: Reorder approximately 61 units immediately before the next replenishment cycle.
2026-08-23,S02,P103,Dairy,89.58,319,64,4,0.0,LOW,12.62,63.81,0,Stable closing inventory position (319 units),Long lead time (4 days) requires safety buffer,LOW RISK: Stock position is adequate. No immediate reorder required.
2026-08-23,S02,P104,Dairy,49.94,240,40,2,0.0,LOW,3.53,17.8,0,Stable closing inventory position (240 units),Active promotional campaign boosting velocity,LOW RISK: Stock position is adequate. No immediate reorder required.
2026-08-23,S02,P201,Personal Care,64.2,35,48,4,0.0,MEDIUM,13.3,49.99,15,Stable closing inventory position (35 units),Long lead time (4 days) requires safety buffer,MEDIUM RISK: Monitor closely; projected demand is 64 units. Recommended buffer order: 15 units.
2026-08-23,S02,P202,Personal Care,183.31,0,146,4,1.0,HIGH,12.74,117.49,117,Stock-out active (Closing stock: 0 units),Long lead time (4 days) requires safety buffer,HIGH RISK: Reorder approximately 117 units immediately before the next replenishment cycle.
2026-08-23,S02,P203,Personal Care,95.4,241,73,4,0.0,LOW,15.0,69.51,0,Stable closing inventory position (241 units),Long lead time (4 days) requires safety buffer,LOW RISK: Stock position is adequate. No immediate reorder required.
2026-08-23,S02,P204,Personal Care,51.04,228,40,3,0.0,LOW,9.29,31.16,0,Stable closing inventory position (228 units),Active promotional campaign boosting velocity,LOW RISK: Stock position is adequate. No immediate reorder required.
2026-08-23,S02,P301,Beverages,193.97,0,162,3,1.0,HIGH,14.98,98.11,98,Stock-out active (Closing stock: 0 units),Active promotional campaign boosting velocity,HIGH RISK: Reorder approximately 98 units immediately before the next replenishment cycle.
2026-08-23,S02,P302,Beverages,138.12,300,97,2,0.0,LOW,5.83,45.29,0,High 7-day predicted demand forecast (138 units),Reorder trigger point set at 45 units,LOW RISK: Stock position is adequate. No immediate reorder required.
2026-08-23,S02,P303,Beverages,68.74,583,56,4,0.0,LOW,15.69,54.97,0,Stable closing inventory position (583 units),Active promotional campaign boosting velocity,LOW RISK: Stock position is adequate. No immediate reorder required.
2026-08-23,S02,P304,Beverages,282.44,0,227,2,1.0,HIGH,12.81,93.51,94,Stock-out active (Closing stock: 0 units),Active promotional campaign boosting velocity,HIGH RISK: Reorder approximately 94 units immediately before the next replenishment cycle.
2026-08-23,S02,P401,Snacks,254.09,0,203,1,1.0,HIGH,12.99,49.29,49,Stock-out active (Closing stock: 0 units),Reorder trigger point set at 49 units,HIGH RISK: Reorder approximately 49 units immediately before the next replenishment cycle.
2026-08-23,S02,P402,Snacks,347.84,0,243,1,1.0,HIGH,14.78,64.47,64,Stock-out active (Closing stock: 0 units),Reorder trigger point set at 64 units,HIGH RISK: Reorder approximately 64 units immediately before the next replenishment cycle.
2026-08-23,S02,P403,Snacks,172.33,0,129,2,1.0,HIGH,9.7,58.94,59,Stock-out active (Closing stock: 0 units),Reorder trigger point set at 59 units,HIGH RISK: Reorder approximately 59 units immediately before the next replenishment cycle.
2026-08-23,S02,P404,Snacks,0.0,872,40,2,0.0,LOW,2.33,2.33,0,Stable closing inventory position (872 units),Reorder trigger point set at 2 units,LOW RISK: Stock position is adequate. No immediate reorder required.
2026-08-23,S02,P501,Household,107.58,0,81,4,1.0,HIGH,12.05,73.52,74,Stock-out active (Closing stock: 0 units),Active promotional campaign boosting velocity,HIGH RISK: Reorder approximately 74 units immediately before the next replenishment cycle.
2026-08-23,S02,P502,Household,88.72,89,64,3,0.0,LOW,5.82,43.84,0,Stable closing inventory position (89 units),Reorder trigger point set at 44 units,LOW RISK: Stock position is adequate. No immediate reorder required.
2026-08-23,S02,P503,Household,132.59,119,97,4,0.0,LOW,23.56,99.33,0,High 7-day predicted demand forecast (133 units),Active promotional campaign boosting velocity,LOW RISK: Stock position is adequate. No immediate reorder required.
2026-08-23,S02,P601,Frozen,155.74,214,113,4,0.0,LOW,9.5,98.49,0,High 7-day predicted demand forecast (156 units),Active promotional campaign boosting velocity,LOW RISK: Stock position is adequate. No immediate reorder required.
2026-08-23,S03,P101,Dairy,111.6,213,88,1,0.0,LOW,6.87,22.81,0,High 7-day predicted demand forecast (112 units),Reorder trigger point set at 23 units,LOW RISK: Stock position is adequate. No immediate reorder required.
2026-08-23,S03,P102,Dairy,75.14,206,60,3,0.0,LOW,6.11,38.31,0,Stable closing inventory position (206 units),Active promotional campaign boosting velocity,LOW RISK: Stock position is adequate. No immediate reorder required.
2026-08-23,S03,P103,Dairy,44.12,179,40,1,0.0,LOW,2.28,8.58,0,Stable closing inventory position (179 units),Reorder trigger point set at 9 units,LOW RISK: Stock position is adequate. No immediate reorder required.
2026-08-23,S03,P104,Dairy,24.07,1138,40,3,0.0,LOW,5.44,15.76,0,Stable closing inventory position (1138 units),Reorder trigger point set at 16 units,LOW RISK: Stock position is adequate. No immediate reorder required.
2026-08-23,S03,P201,Personal Care,34.33,1284,40,3,0.0,LOW,4.67,19.38,0,Stable closing inventory position (1284 units),Reorder trigger point set at 19 units,LOW RISK: Stock position is adequate. No immediate reorder required.
2026-08-23,S03,P202,Personal Care,105.83,0,72,3,1.0,HIGH,13.59,58.95,59,Stock-out active (Closing stock: 0 units),Reorder trigger point set at 59 units,HIGH RISK: Reorder approximately 59 units immediately before the next replenishment cycle.
2026-08-23,S03,P203,Personal Care,47.82,218,40,4,0.0,LOW,8.24,35.57,0,Stable closing inventory position (218 units),Long lead time (4 days) requires safety buffer,LOW RISK: Stock position is adequate. No immediate reorder required.
2026-08-23,S03,P204,Personal Care,27.27,548,40,4,0.0,LOW,4.61,20.19,0,Stable closing inventory position (548 units),Long lead time (4 days) requires safety buffer,LOW RISK: Stock position is adequate. No immediate reorder required.
2026-08-23,S03,P301,Beverages,104.1,6,80,1,0.0,MEDIUM,4.41,19.28,13,High 7-day predicted demand forecast (104 units),Active promotional campaign boosting velocity,MEDIUM RISK: Monitor closely; projected demand is 104 units. Recommended buffer order: 13 units.
2026-08-23,S03,P302,Beverages,61.15,220,48,2,0.0,LOW,5.94,23.41,0,Stable closing inventory position (220 units),Reorder trigger point set at 23 units,LOW RISK: Stock position is adequate. No immediate reorder required.
2026-08-23,S03,P303,Beverages,42.18,159,40,3,0.0,LOW,5.92,24.0,0,Stable closing inventory position (159 units),Active promotional campaign boosting velocity,LOW RISK: Stock position is adequate. No immediate reorder required.
2026-08-23,S03,P304,Beverages,136.53,12,112,4,0.0,MEDIUM,10.56,88.58,77,High 7-day predicted demand forecast (137 units),Long lead time (4 days) requires safety buffer,MEDIUM RISK: Monitor closely; projected demand is 137 units. Recommended buffer order: 77 units.
2026-08-23,S03,P401,Snacks,135.32,0,100,2,1.0,HIGH,10.98,49.64,50,Stock-out active (Closing stock: 0 units),Reorder trigger point set at 50 units,HIGH RISK: Reorder approximately 50 units immediately before the next replenishment cycle.
2026-08-23,S03,P402,Snacks,158.75,102,120,2,0.0,MEDIUM,6.7,52.06,0,High 7-day predicted demand forecast (159 units),Reorder trigger point set at 52 units,MEDIUM RISK: Monitor closely; projected demand is 159 units. Recommended buffer order: 0 units.
2026-08-23,S03,P403,Snacks,87.19,115,64,2,0.0,LOW,9.62,34.53,0,Stable closing inventory position (115 units),Active promotional campaign boosting velocity,LOW RISK: Stock position is adequate. No immediate reorder required.
2026-08-23,S03,P404,Snacks,0.0,901,40,4,0.0,LOW,3.3,3.3,0,Stable closing inventory position (901 units),Long lead time (4 days) requires safety buffer,LOW RISK: Stock position is adequate. No immediate reorder required.
2026-08-23,S03,P501,Household,57.68,514,40,1,0.0,LOW,4.75,12.99,0,Stable closing inventory position (514 units),Reorder trigger point set at 13 units,LOW RISK: Stock position is adequate. No immediate reorder required.
2026-08-23,S03,P502,Household,49.15,347,40,3,0.0,LOW,8.55,29.61,0,Stable closing inventory position (347 units),Reorder trigger point set at 30 units,LOW RISK: Stock position is adequate. No immediate reorder required.
2026-08-23,S03,P503,Household,63.65,382,48,1,0.0,LOW,2.97,12.06,0,Stable closing inventory position (382 units),Reorder trigger point set at 12 units,LOW RISK: Stock position is adequate. No immediate reorder required.
2026-08-23,S03,P601,Frozen,73.6,465,56,1,0.0,LOW,5.53,16.04,0,Stable closing inventory position (465 units),Reorder trigger point set at 16 units,LOW RISK: Stock position is adequate. No immediate reorder required.
2026-08-23,S04,P101,Dairy,146.13,160,110,3,0.0,LOW,14.56,77.19,0,High 7-day predicted demand forecast (146 units),Active promotional campaign boosting velocity,LOW RISK: Stock position is adequate. No immediate reorder required.
2026-08-23,S04,P102,Dairy,110.99,273,75,3,0.0,LOW,9.86,57.43,0,High 7-day predicted demand forecast (111 units),Reorder trigger point set at 57 units,LOW RISK: Stock position is adequate. No immediate reorder required.
2026-08-23,S04,P103,Dairy,51.81,382,40,1,0.0,LOW,6.08,13.48,0,Stable closing inventory position (382 units),Reorder trigger point set at 13 units,LOW RISK: Stock position is adequate. No immediate reorder required.
2026-08-23,S04,P104,Dairy,35.79,569,40,4,0.0,LOW,8.02,28.47,0,Stable closing inventory position (569 units),Long lead time (4 days) requires safety buffer,LOW RISK: Stock position is adequate. No immediate reorder required.
2026-08-23,S04,P201,Personal Care,39.53,730,40,1,0.0,LOW,2.81,8.46,0,Stable closing inventory position (730 units),Active promotional campaign boosting velocity,LOW RISK: Stock position is adequate. No immediate reorder required.
2026-08-23,S04,P202,Personal Care,107.14,0,90,1,1.0,HIGH,7.48,22.79,23,Stock-out active (Closing stock: 0 units),Reorder trigger point set at 23 units,HIGH RISK: Reorder approximately 23 units immediately before the next replenishment cycle.
2026-08-23,S04,P203,Personal Care,60.66,91,45,1,0.0,LOW,5.67,14.34,0,Stable closing inventory position (91 units),Reorder trigger point set at 14 units,LOW RISK: Stock position is adequate. No immediate reorder required.
2026-08-23,S04,P204,Personal Care,36.37,220,40,4,0.0,LOW,8.94,29.72,0,Stable closing inventory position (220 units),Long lead time (4 days) requires safety buffer,LOW RISK: Stock position is adequate. No immediate reorder required.
2026-08-23,S04,P301,Beverages,136.8,0,100,2,1.0,HIGH,8.07,47.16,47,Stock-out active (Closing stock: 0 units),Reorder trigger point set at 47 units,HIGH RISK: Reorder approximately 47 units immediately before the next replenishment cycle.
2026-08-23,S04,P302,Beverages,74.33,190,60,2,0.0,LOW,8.19,29.43,0,Stable closing inventory position (190 units),Reorder trigger point set at 29 units,LOW RISK: Stock position is adequate. No immediate reorder required.
2026-08-23,S04,P303,Beverages,43.0,267,40,2,0.0,LOW,6.0,18.29,0,Stable closing inventory position (267 units),Reorder trigger point set at 18 units,LOW RISK: Stock position is adequate. No immediate reorder required.
2026-08-23,S04,P304,Beverages,179.53,0,141,4,1.0,HIGH,16.9,119.49,119,Stock-out active (Closing stock: 0 units),Long lead time (4 days) requires safety buffer,HIGH RISK: Reorder approximately 119 units immediately before the next replenishment cycle.
2026-08-23,S04,P401,Snacks,157.38,0,126,4,1.0,HIGH,16.48,106.41,106,Stock-out active (Closing stock: 0 units),Long lead time (4 days) requires safety buffer,HIGH RISK: Reorder approximately 106 units immediately before the next replenishment cycle.
2026-08-23,S04,P402,Snacks,195.96,0,151,4,1.0,HIGH,24.98,136.96,137,Stock-out active (Closing stock: 0 units),Long lead time (4 days) requires safety buffer,HIGH RISK: Reorder approximately 137 units immediately before the next replenishment cycle.
2026-08-23,S04,P403,Snacks,98.75,283,80,1,0.0,LOW,8.24,22.35,0,Stable closing inventory position (283 units),Reorder trigger point set at 22 units,LOW RISK: Stock position is adequate. No immediate reorder required.
2026-08-23,S04,P404,Snacks,0.0,594,40,4,0.0,LOW,3.3,3.3,0,Stable closing inventory position (594 units),Long lead time (4 days) requires safety buffer,LOW RISK: Stock position is adequate. No immediate reorder required.
2026-08-23,S04,P501,Household,74.87,328,50,4,0.0,LOW,8.7,51.48,0,Stable closing inventory position (328 units),Long lead time (4 days) requires safety buffer,LOW RISK: Stock position is adequate. No immediate reorder required.
2026-08-23,S04,P502,Household,50.14,666,40,1,0.0,LOW,6.15,13.31,0,Stable closing inventory position (666 units),Reorder trigger point set at 13 units,LOW RISK: Stock position is adequate. No immediate reorder required.
2026-08-23,S04,P503,Household,74.23,149,60,4,0.0,LOW,7.82,50.24,0,Stable closing inventory position (149 units),Long lead time (4 days) requires safety buffer,LOW RISK: Stock position is adequate. No immediate reorder required.
2026-08-23,S04,P601,Frozen,88.12,91,70,2,0.0,LOW,9.5,34.68,0,Stable closing inventory position (91 units),Active promotional campaign boosting velocity,LOW RISK: Stock position is adequate. No immediate reorder required.
2026-08-24,S01,P101,Dairy,157.71,9,123,2,0.0,MEDIUM,10.23,55.29,46,High 7-day predicted demand forecast (158 units),Reorder trigger point set at 55 units,MEDIUM RISK: Monitor closely; projected demand is 158 units. Recommended buffer order: 46 units.
2026-08-24,S01,P102,Dairy,111.45,0,84,1,1.0,HIGH,9.5,25.42,25,Stock-out active (Closing stock: 0 units),Reorder trigger point set at 25 units,HIGH RISK: Reorder approximately 25 units immediately before the next replenishment cycle.
2026-08-24,S01,P103,Dairy,51.09,316,44,3,0.0,LOW,7.54,29.44,0,Stable closing inventory position (316 units),Reorder trigger point set at 29 units,LOW RISK: Stock position is adequate. No immediate reorder required.
2026-08-24,S01,P104,Dairy,42.86,471,40,4,0.0,LOW,7.55,32.04,0,Stable closing inventory position (471 units),Long lead time (4 days) requires safety buffer,LOW RISK: Stock position is adequate. No immediate reorder required.
2026-08-24,S01,P201,Personal Care,51.44,806,40,1,0.0,LOW,2.65,10.0,0,Stable closing inventory position (806 units),Reorder trigger point set at 10 units,LOW RISK: Stock position is adequate. No immediate reorder required.
2026-08-24,S01,P202,Personal Care,140.15,104,100,2,0.0,LOW,12.19,52.23,0,High 7-day predicted demand forecast (140 units),Reorder trigger point set at 52 units,LOW RISK: Stock position is adequate. No immediate reorder required.
2026-08-24,S01,P203,Personal Care,73.22,473,50,4,0.0,LOW,10.44,52.28,0,Stable closing inventory position (473 units),Long lead time (4 days) requires safety buffer,LOW RISK: Stock position is adequate. No immediate reorder required.
2026-08-24,S01,P204,Personal Care,39.94,743,40,1,0.0,LOW,3.36,9.07,0,Stable closing inventory position (743 units),Reorder trigger point set at 9 units,LOW RISK: Stock position is adequate. No immediate reorder required.
2026-08-24,S01,P301,Beverages,141.3,59,112,4,0.0,MEDIUM,12.7,93.44,34,High 7-day predicted demand forecast (141 units),Long lead time (4 days) requires safety buffer,MEDIUM RISK: Monitor closely; projected demand is 141 units. Recommended buffer order: 34 units.
2026-08-24,S01,P302,Beverages,92.21,0,67,2,1.0,HIGH,8.67,35.02,35,Stock-out active (Closing stock: 0 units),Active promotional campaign boosting velocity,HIGH RISK: Reorder approximately 35 units immediately before the next replenishment cycle.
2026-08-24,S01,P303,Beverages,53.32,46,40,4,0.0,LOW,8.61,39.08,0,Stable closing inventory position (46 units),Long lead time (4 days) requires safety buffer,LOW RISK: Stock position is adequate. No immediate reorder required.
2026-08-24,S01,P304,Beverages,216.6,0,156,2,1.0,HIGH,12.55,74.44,74,Stock-out active (Closing stock: 0 units),Active promotional campaign boosting velocity,HIGH RISK: Reorder approximately 74 units immediately before the next replenishment cycle.
2026-08-24,S01,P401,Snacks,192.16,0,140,3,1.0,HIGH,20.6,102.95,103,Stock-out active (Closing stock: 0 units),Reorder trigger point set at 103 units,HIGH RISK: Reorder approximately 103 units immediately before the next replenishment cycle.
2026-08-24,S01,P402,Snacks,249.33,0,168,4,1.0,HIGH,8.18,150.65,151,Stock-out active (Closing stock: 0 units),Long lead time (4 days) requires safety buffer,HIGH RISK: Reorder approximately 151 units immediately before the next replenishment cycle.
2026-08-24,S01,P403,Snacks,108.25,76,89,1,0.0,MEDIUM,5.17,20.63,0,High 7-day predicted demand forecast (108 units),Reorder trigger point set at 21 units,MEDIUM RISK: Monitor closely; projected demand is 108 units. Recommended buffer order: 0 units.
2026-08-24,S01,P404,Snacks,0.0,396,40,2,0.0,LOW,2.33,2.33,0,Stable closing inventory position (396 units),Reorder trigger point set at 2 units,LOW RISK: Stock position is adequate. No immediate reorder required.
2026-08-24,S01,P501,Household,66.49,102,56,3,0.0,LOW,13.97,42.47,0,Stable closing inventory position (102 units),Active promotional campaign boosting velocity,LOW RISK: Stock position is adequate. No immediate reorder required.
2026-08-24,S01,P502,Household,53.94,398,44,1,0.0,LOW,4.04,11.75,0,Stable closing inventory position (398 units),Reorder trigger point set at 12 units,LOW RISK: Stock position is adequate. No immediate reorder required.
2026-08-24,S01,P503,Household,90.07,73,67,2,0.0,LOW,4.83,30.56,0,Stable closing inventory position (73 units),Reorder trigger point set at 31 units,LOW RISK: Stock position is adequate. No immediate reorder required.
2026-08-24,S01,P601,Frozen,106.75,0,78,2,1.0,HIGH,9.98,40.48,40,Stock-out active (Closing stock: 0 units),Active promotional campaign boosting velocity,HIGH RISK: Reorder approximately 40 units immediately before the next replenishment cycle.
2026-08-24,S02,P101,Dairy,233.73,0,178,4,1.0,HIGH,16.72,150.28,150,Stock-out active (Closing stock: 0 units),Long lead time (4 days) requires safety buffer,HIGH RISK: Reorder approximately 150 units immediately before the next replenishment cycle.
2026-08-24,S02,P102,Dairy,158.86,0,121,4,1.0,HIGH,21.93,112.71,113,Stock-out active (Closing stock: 0 units),Long lead time (4 days) requires safety buffer,HIGH RISK: Reorder approximately 113 units immediately before the next replenishment cycle.
2026-08-24,S02,P103,Dairy,89.77,305,64,3,0.0,LOW,9.88,48.35,0,Stable closing inventory position (305 units),Reorder trigger point set at 48 units,LOW RISK: Stock position is adequate. No immediate reorder required.
2026-08-24,S02,P104,Dairy,45.03,227,40,4,0.0,LOW,4.99,30.72,0,Stable closing inventory position (227 units),Active promotional campaign boosting velocity,LOW RISK: Stock position is adequate. No immediate reorder required.
2026-08-24,S02,P201,Personal Care,64.76,24,48,2,0.0,MEDIUM,9.11,27.61,4,Stable closing inventory position (24 units),Reorder trigger point set at 28 units,MEDIUM RISK: Monitor closely; projected demand is 65 units. Recommended buffer order: 4 units.
2026-08-24,S02,P202,Personal Care,188.29,0,146,3,1.0,HIGH,10.82,91.52,92,Stock-out active (Closing stock: 0 units),Reorder trigger point set at 92 units,HIGH RISK: Reorder approximately 92 units immediately before the next replenishment cycle.
2026-08-24,S02,P203,Personal Care,96.26,228,73,1,0.0,LOW,6.58,20.33,0,Stable closing inventory position (228 units),Reorder trigger point set at 20 units,LOW RISK: Stock position is adequate. No immediate reorder required.
2026-08-24,S02,P204,Personal Care,54.54,222,40,3,0.0,LOW,8.16,31.53,0,Stable closing inventory position (222 units),Reorder trigger point set at 32 units,LOW RISK: Stock position is adequate. No immediate reorder required.
2026-08-24,S02,P301,Beverages,196.14,47,162,1,0.0,MEDIUM,7.9,35.92,0,High 7-day predicted demand forecast (196 units),Active promotional campaign boosting velocity,MEDIUM RISK: Monitor closely; projected demand is 196 units. Recommended buffer order: 0 units.
2026-08-24,S02,P302,Beverages,139.8,283,97,2,0.0,LOW,6.58,46.52,0,High 7-day predicted demand forecast (140 units),Reorder trigger point set at 47 units,LOW RISK: Stock position is adequate. No immediate reorder required.
2026-08-24,S02,P303,Beverages,72.87,570,56,3,0.0,LOW,8.8,40.03,0,Stable closing inventory position (570 units),Reorder trigger point set at 40 units,LOW RISK: Stock position is adequate. No immediate reorder required.
2026-08-24,S02,P304,Beverages,276.17,0,227,1,1.0,HIGH,7.3,46.75,47,Stock-out active (Closing stock: 0 units),Active promotional campaign boosting velocity,HIGH RISK: Reorder approximately 47 units immediately before the next replenishment cycle.
2026-08-24,S02,P401,Snacks,260.51,0,203,3,1.0,HIGH,23.61,135.26,135,Stock-out active (Closing stock: 0 units),Reorder trigger point set at 135 units,HIGH RISK: Reorder approximately 135 units immediately before the next replenishment cycle.
2026-08-24,S02,P402,Snacks,345.96,0,243,2,1.0,HIGH,21.32,120.17,120,Stock-out active (Closing stock: 0 units),Reorder trigger point set at 120 units,HIGH RISK: Reorder approximately 120 units immediately before the next replenishment cycle.
2026-08-24,S02,P403,Snacks,163.05,8,129,3,0.0,MEDIUM,12.32,82.2,74,High 7-day predicted demand forecast (163 units),Active promotional campaign boosting velocity,MEDIUM RISK: Monitor closely; projected demand is 163 units. Recommended buffer order: 74 units.
2026-08-24,S02,P404,Snacks,0.0,872,40,4,0.0,LOW,3.3,3.3,0,Stable closing inventory position (872 units),Long lead time (4 days) requires safety buffer,LOW RISK: Stock position is adequate. No immediate reorder required.
2026-08-24,S02,P501,Household,108.59,0,81,3,1.0,HIGH,10.44,56.98,57,Stock-out active (Closing stock: 0 units),Reorder trigger point set at 57 units,HIGH RISK: Reorder approximately 57 units immediately before the next replenishment cycle.
2026-08-24,S02,P502,Household,90.51,173,64,2,0.0,LOW,4.83,30.69,0,Stable closing inventory position (173 units),Reorder trigger point set at 31 units,LOW RISK: Stock position is adequate. No immediate reorder required.
2026-08-24,S02,P503,Household,134.01,100,97,2,0.0,LOW,11.66,49.95,0,High 7-day predicted demand forecast (134 units),Active promotional campaign boosting velocity,LOW RISK: Stock position is adequate. No immediate reorder required.
2026-08-24,S02,P601,Frozen,158.79,195,113,2,0.0,LOW,5.78,51.15,0,High 7-day predicted demand forecast (159 units),Reorder trigger point set at 51 units,LOW RISK: Stock position is adequate. No immediate reorder required.
2026-08-24,S03,P101,Dairy,113.61,200,88,1,0.0,LOW,6.38,22.61,0,High 7-day predicted demand forecast (114 units),Reorder trigger point set at 23 units,LOW RISK: Stock position is adequate. No immediate reorder required.
2026-08-24,S03,P102,Dairy,74.7,196,60,1,0.0,LOW,4.44,15.11,0,Stable closing inventory position (196 units),Reorder trigger point set at 15 units,LOW RISK: Stock position is adequate. No immediate reorder required.
2026-08-24,S03,P103,Dairy,44.85,172,40,3,0.0,LOW,3.94,23.16,0,Stable closing inventory position (172 units),Reorder trigger point set at 23 units,LOW RISK: Stock position is adequate. No immediate reorder required.
2026-08-24,S03,P104,Dairy,25.89,1132,40,3,0.0,LOW,6.14,17.24,0,Stable closing inventory position (1132 units),Reorder trigger point set at 17 units,LOW RISK: Stock position is adequate. No immediate reorder required.
2026-08-24,S03,P201,Personal Care,33.16,1273,40,1,0.0,LOW,2.22,6.96,0,Stable closing inventory position (1273 units),Reorder trigger point set at 7 units,LOW RISK: Stock position is adequate. No immediate reorder required.
2026-08-24,S03,P202,Personal Care,102.61,0,72,2,1.0,HIGH,12.38,41.7,42,Stock-out active (Closing stock: 0 units),Reorder trigger point set at 42 units,HIGH RISK: Reorder approximately 42 units immediately before the next replenishment cycle.
2026-08-24,S03,P203,Personal Care,47.97,211,40,3,0.0,LOW,8.71,29.27,0,Stable closing inventory position (211 units),Active promotional campaign boosting velocity,LOW RISK: Stock position is adequate. No immediate reorder required.
2026-08-24,S03,P204,Personal Care,28.69,702,40,4,0.0,LOW,4.61,21.0,0,Stable closing inventory position (702 units),Long lead time (4 days) requires safety buffer,LOW RISK: Stock position is adequate. No immediate reorder required.
2026-08-24,S03,P301,Beverages,102.34,0,80,2,1.0,HIGH,11.7,40.94,41,Stock-out active (Closing stock: 0 units),Active promotional campaign boosting velocity,HIGH RISK: Reorder approximately 41 units immediately before the next replenishment cycle.
2026-08-24,S03,P302,Beverages,62.82,206,48,1,0.0,LOW,4.2,13.17,0,Stable closing inventory position (206 units),Reorder trigger point set at 13 units,LOW RISK: Stock position is adequate. No immediate reorder required.
2026-08-24,S03,P303,Beverages,40.6,155,40,3,0.0,LOW,5.4,22.8,0,Stable closing inventory position (155 units),Reorder trigger point set at 23 units,LOW RISK: Stock position is adequate. No immediate reorder required.
2026-08-24,S03,P304,Beverages,134.99,0,112,4,1.0,HIGH,11.85,88.99,89,Stock-out active (Closing stock: 0 units),Long lead time (4 days) requires safety buffer,HIGH RISK: Reorder approximately 89 units immediately before the next replenishment cycle.
2026-08-24,S03,P401,Snacks,132.78,16,100,4,0.0,MEDIUM,15.53,91.4,75,High 7-day predicted demand forecast (133 units),Long lead time (4 days) requires safety buffer,MEDIUM RISK: Monitor closely; projected demand is 133 units. Recommended buffer order: 75 units.
2026-08-24,S03,P402,Snacks,157.92,112,120,3,0.0,MEDIUM,10.23,77.91,0,High 7-day predicted demand forecast (158 units),Active promotional campaign boosting velocity,MEDIUM RISK: Monitor closely; projected demand is 158 units. Recommended buffer order: 0 units.
2026-08-24,S03,P403,Snacks,90.53,109,64,1,0.0,LOW,4.54,17.47,0,Stable closing inventory position (109 units),Reorder trigger point set at 17 units,LOW RISK: Stock position is adequate. No immediate reorder required.
2026-08-24,S03,P404,Snacks,0.0,901,40,1,0.0,LOW,1.65,1.65,0,Stable closing inventory position (901 units),Reorder trigger point set at 2 units,LOW RISK: Stock position is adequate. No immediate reorder required.
2026-08-24,S03,P501,Household,57.82,502,40,1,0.0,LOW,4.09,12.35,0,Stable closing inventory position (502 units),Reorder trigger point set at 12 units,LOW RISK: Stock position is adequate. No immediate reorder required.
2026-08-24,S03,P502,Household,48.14,338,40,3,0.0,LOW,7.99,28.62,0,Stable closing inventory position (338 units),Reorder trigger point set at 29 units,LOW RISK: Stock position is adequate. No immediate reorder required.
2026-08-24,S03,P503,Household,63.17,378,48,4,0.0,LOW,5.53,41.63,0,Stable closing inventory position (378 units),Long lead time (4 days) requires safety buffer,LOW RISK: Stock position is adequate. No immediate reorder required.
2026-08-24,S03,P601,Frozen,73.94,457,56,3,0.0,LOW,6.57,38.26,0,Stable closing inventory position (457 units),Reorder trigger point set at 38 units,LOW RISK: Stock position is adequate. No immediate reorder required.
2026-08-24,S04,P101,Dairy,143.8,143,110,4,0.0,LOW,15.53,97.7,0,High 7-day predicted demand forecast (144 units),Long lead time (4 days) requires safety buffer,LOW RISK: Stock position is adequate. No immediate reorder required.
2026-08-24,S04,P102,Dairy,114.15,258,75,1,0.0,LOW,6.85,23.16,0,High 7-day predicted demand forecast (114 units),Reorder trigger point set at 23 units,LOW RISK: Stock position is adequate. No immediate reorder required.
2026-08-24,S04,P103,Dairy,49.04,374,40,4,0.0,LOW,11.88,39.9,0,Stable closing inventory position (374 units),Active promotional campaign boosting velocity,LOW RISK: Stock position is adequate. No immediate reorder required.
2026-08-24,S04,P104,Dairy,34.26,566,40,3,0.0,LOW,6.94,21.62,0,Stable closing inventory position (566 units),Reorder trigger point set at 22 units,LOW RISK: Stock position is adequate. No immediate reorder required.
2026-08-24,S04,P201,Personal Care,35.88,721,40,2,0.0,LOW,4.99,15.24,0,Stable closing inventory position (721 units),Active promotional campaign boosting velocity,LOW RISK: Stock position is adequate. No immediate reorder required.
2026-08-24,S04,P202,Personal Care,107.52,0,90,3,1.0,HIGH,16.29,62.37,62,Stock-out active (Closing stock: 0 units),Reorder trigger point set at 62 units,HIGH RISK: Reorder approximately 62 units immediately before the next replenishment cycle.
2026-08-24,S04,P203,Personal Care,60.21,79,45,3,0.0,LOW,9.58,35.38,0,Stable closing inventory position (79 units),Reorder trigger point set at 35 units,LOW RISK: Stock position is adequate. No immediate reorder required.
2026-08-24,S04,P204,Personal Care,36.46,217,40,2,0.0,LOW,6.24,16.66,0,Stable closing inventory position (217 units),Reorder trigger point set at 17 units,LOW RISK: Stock position is adequate. No immediate reorder required.
2026-08-24,S04,P301,Beverages,135.09,0,100,2,1.0,HIGH,11.02,49.62,50,Stock-out active (Closing stock: 0 units),Active promotional campaign boosting velocity,HIGH RISK: Reorder approximately 50 units immediately before the next replenishment cycle.
2026-08-24,S04,P302,Beverages,71.65,180,60,3,0.0,LOW,12.33,43.04,0,Stable closing inventory position (180 units),Reorder trigger point set at 43 units,LOW RISK: Stock position is adequate. No immediate reorder required.
2026-08-24,S04,P303,Beverages,44.29,261,40,2,0.0,LOW,5.98,18.63,0,Stable closing inventory position (261 units),Active promotional campaign boosting velocity,LOW RISK: Stock position is adequate. No immediate reorder required.
2026-08-24,S04,P304,Beverages,179.79,0,141,2,1.0,HIGH,12.77,64.14,64,Stock-out active (Closing stock: 0 units),Active promotional campaign boosting velocity,HIGH RISK: Reorder approximately 64 units immediately before the next replenishment cycle.
2026-08-24,S04,P401,Snacks,158.95,0,126,4,1.0,HIGH,22.04,112.87,113,Stock-out active (Closing stock: 0 units),Long lead time (4 days) requires safety buffer,HIGH RISK: Reorder approximately 113 units immediately before the next replenishment cycle.
2026-08-24,S04,P402,Snacks,197.5,0,151,2,1.0,HIGH,17.86,74.29,74,Stock-out active (Closing stock: 0 units),Reorder trigger point set at 74 units,HIGH RISK: Reorder approximately 74 units immediately before the next replenishment cycle.
2026-08-24,S04,P403,Snacks,100.45,272,80,2,0.0,LOW,11.14,39.84,0,High 7-day predicted demand forecast (100 units),Reorder trigger point set at 40 units,LOW RISK: Stock position is adequate. No immediate reorder required.
2026-08-24,S04,P404,Snacks,0.0,594,40,2,0.0,LOW,2.33,2.33,0,Stable closing inventory position (594 units),Reorder trigger point set at 2 units,LOW RISK: Stock position is adequate. No immediate reorder required.
2026-08-24,S04,P501,Household,75.81,322,50,4,0.0,LOW,7.95,51.27,0,Stable closing inventory position (322 units),Long lead time (4 days) requires safety buffer,LOW RISK: Stock position is adequate. No immediate reorder required.
2026-08-24,S04,P502,Household,49.73,693,40,3,0.0,LOW,9.6,30.91,0,Stable closing inventory position (693 units),Reorder trigger point set at 31 units,LOW RISK: Stock position is adequate. No immediate reorder required.
2026-08-24,S04,P503,Household,74.47,140,60,3,0.0,LOW,7.27,39.19,0,Stable closing inventory position (140 units),Reorder trigger point set at 39 units,LOW RISK: Stock position is adequate. No immediate reorder required.
2026-08-24,S04,P601,Frozen,90.18,79,70,4,0.0,LOW,10.26,61.79,0,Stable closing inventory position (79 units),Long lead time (4 days) requires safety buffer,LOW RISK: Stock position is adequate. No immediate reorder required.
