date,store,product,opening,received,sold,closing,reorder_lvl,lead_days
2026-07-01,S01,P101,108,0.0,23,85,123,4
2026-07-02,S01,P101,85,0.0,24,61,123,2
2026-07-03,S01,P101,61,84.0,28,117,123,4
2026-07-04,S01,P101,117,0.0,40,77,123,4
2026-07-05,S01,P101,77,0.0,25,52,123,3
2026-07-06,S01,P101,52,0.0,12,40,123,4
2026-07-07,S01,P101,40,0.0,18,22,123,3
2026-07-08,S01,P101,22,0.0,16,6,123,2
2026-07-09,S01,P101,6,0.0,22,0,123,2
2026-07-10,S01,P101,0,0.0,20,0,123,4
2026-07-11,S01,P101,0,88.0,19,69,123,1
2026-07-12,S01,P101,69,0.0,35,34,123,4
2026-07-13,S01,P101,34,0.0,27,7,123,4
2026-07-14,S01,P101,7,0.0,19,0,123,3
2026-07-15,S01,P101,0,0.0,20,0,123,2
2026-07-16,S01,P101,0,0.0,19,0,123,3
2026-07-17,S01,P101,0,0.0,20,0,123,4
2026-07-18,S01,P101,0,0.0,27,0,123,2
2026-07-19,S01,P101,0,0.0,27,0,123,1
2026-07-20,S01,P101,0,0.0,34,0,123,4
2026-07-21,S01,P101,0,0.0,18,0,123,3
2026-07-22,S01,P101,0,0.0,18,0,123,4
2026-07-23,S01,P101,0,0.0,20,0,123,2
2026-07-24,S01,P101,0,0.0,18,0,123,2
2026-07-25,S01,P101,0,0.0,22,0,123,1
2026-07-26,S01,P101,0,0.0,24,0,123,3
2026-07-27,S01,P101,0,0.0,20,0,123,3
2026-07-28,S01,P101,0,0.0,30,0,123,3
2026-07-29,S01,P101,0,0.0,21,0,123,3
2026-07-30,S01,P101,0,0.0,24,0,123,2
2026-07-31,S01,P101,0,0.0,11,0,123,4
2026-08-01,S01,P101,0,0.0,23,0,123,1
2026-08-02,S01,P101,0,0.0,19,0,123,3
2026-08-03,S01,P101,0,0.0,19,0,123,4
2026-08-04,S01,P101,0,0.0,18,0,123,1
2026-08-05,S01,P101,0,0.0,29,0,123,2
2026-08-06,S01,P101,0,0.0,24,0,123,3
2026-08-07,S01,P101,0,0.0,20,0,123,3
2026-08-08,S01,P101,0,70.0,18,52,123,3
2026-08-09,S01,P101,52,0.0,31,21,123,3
2026-08-10,S01,P101,21,0.0,19,2,123,4
2026-08-11,S01,P101,2,0.0,24,0,123,3
2026-08-12,S01,P101,0,0.0,22,0,123,3
2026-08-13,S01,P101,0,0.0,21,0,123,3
2026-08-14,S01,P101,0,0.0,16,0,123,3
2026-08-15,S01,P101,0,0.0,24,0,123,1
2026-08-16,S01,P101,0,0.0,19,0,123,2
2026-08-17,S01,P101,0,0.0,24,0,123,2
2026-08-18,S01,P101,0,0.0,19,0,123,4
2026-08-19,S01,P101,0,0.0,20,0,123,1
2026-08-20,S01,P101,0,0.0,14,0,123,2
2026-08-21,S01,P101,0,0.0,21,0,123,3
2026-08-22,S01,P101,0,0.0,28,0,123,4
2026-08-23,S01,P101,0,0.0,23,0,123,3
2026-08-24,S01,P101,0,26.0,17,9,123,2
2026-08-25,S01,P101,9,0.0,17,0,123,1
2026-08-26,S01,P101,0,0.0,14,0,123,1
2026-08-27,S01,P101,0,0.0,26,0,123,3
2026-08-28,S01,P101,0,0.0,27,0,123,1
2026-08-29,S01,P101,0,0.0,20,0,123,2
2026-08-30,S01,P101,0,0.0,19,0,123,3
2026-08-31,S01,P101,0,0.0,17,0,123,1
2026-07-01,S01,P102,199,57.0,17,239,84,3
2026-07-02,S01,P102,239,0.0,13,226,84,2
2026-07-03,S01,P102,226,0.0,11,215,84,1
2026-07-04,S01,P102,215,0.0,23,192,84,2
2026-07-05,S01,P102,192,0.0,16,176,84,3
2026-07-06,S01,P102,176,0.0,14,162,84,2
2026-07-07,S01,P102,162,0.0,12,150,84,4
2026-07-08,S01,P102,150,43.0,22,171,84,3
2026-07-09,S01,P102,171,0.0,13,158,84,2
2026-07-10,S01,P102,158,0.0,18,140,84,4
2026-07-11,S01,P102,140,0.0,17,123,84,3
2026-07-12,S01,P102,123,0.0,12,111,84,2
2026-07-13,S01,P102,111,0.0,16,95,84,2
2026-07-14,S01,P102,95,0.0,17,78,84,4
2026-07-15,S01,P102,78,0.0,19,59,84,3
2026-07-16,S01,P102,59,0.0,16,43,84,2
2026-07-17,S01,P102,43,103.0,11,135,84,1
2026-07-18,S01,P102,135,66.0,16,185,84,4
2026-07-19,S01,P102,185,0.0,11,174,84,1
2026-07-20,S01,P102,174,0.0,11,163,84,2
2026-07-21,S01,P102,163,0.0,17,146,84,3
2026-07-22,S01,P102,146,0.0,22,124,84,1
2026-07-23,S01,P102,124,0.0,26,98,84,2
2026-07-24,S01,P102,98,0.0,16,82,84,4
2026-07-25,S01,P102,82,94.0,19,157,84,3
2026-07-26,S01,P102,157,0.0,13,144,84,1
2026-07-27,S01,P102,144,0.0,21,123,84,4
2026-07-28,S01,P102,123,0.0,13,110,84,1
2026-07-29,S01,P102,110,0.0,12,98,84,1
2026-07-30,S01,P102,98,0.0,14,84,84,2
2026-07-31,S01,P102,84,0.0,17,67,84,4
2026-08-01,S01,P102,67,0.0,16,51,84,4
2026-08-02,S01,P102,51,0.0,17,34,84,2
2026-08-03,S01,P102,34,70.0,18,86,84,4
2026-08-04,S01,P102,86,0.0,13,73,84,2
2026-08-05,S01,P102,73,0.0,12,61,84,4
2026-08-06,S01,P102,61,88.0,25,124,84,2
2026-08-07,S01,P102,124,0.0,18,106,84,3
2026-08-08,S01,P102,106,0.0,15,91,84,3
2026-08-09,S01,P102,91,0.0,18,73,84,3
2026-08-10,S01,P102,73,98.0,23,148,84,3
2026-08-11,S01,P102,148,0.0,19,129,84,4
2026-08-12,S01,P102,129,0.0,22,107,84,1
2026-08-13,S01,P102,107,0.0,10,97,84,1
2026-08-14,S01,P102,97,0.0,17,80,84,2
2026-08-15,S01,P102,80,0.0,25,55,84,4
2026-08-16,S01,P102,55,0.0,17,38,84,1
2026-08-17,S01,P102,38,0.0,10,28,84,4
2026-08-18,S01,P102,28,0.0,14,14,84,4
2026-08-19,S01,P102,14,0.0,15,0,84,2
2026-08-20,S01,P102,0,0.0,24,0,84,3
2026-08-21,S01,P102,0,0.0,21,0,84,1
2026-08-22,S01,P102,0,0.0,23,0,84,1
2026-08-23,S01,P102,0,0.0,11,0,84,4
2026-08-24,S01,P102,0,0.0,26,0,84,1
2026-08-25,S01,P102,0,0.0,12,0,84,4
2026-08-26,S01,P102,0,0.0,10,0,84,1
2026-08-27,S01,P102,0,0.0,17,0,84,4
2026-08-28,S01,P102,0,0.0,11,0,84,4
2026-08-29,S01,P102,0,0.0,18,0,84,1
2026-08-30,S01,P102,0,0.0,23,0,84,1
2026-08-31,S01,P102,0,0.0,11,0,84,4
2026-07-01,S01,P103,99,0.0,12,87,44,4
2026-07-02,S01,P103,87,0.0,12,75,44,3
2026-07-03,S01,P103,75,0.0,8,67,44,1
2026-07-04,S01,P103,67,0.0,8,59,44,1
2026-07-05,S01,P103,59,0.0,15,44,44,1
2026-07-06,S01,P103,44,0.0,11,33,44,2
2026-07-07,S01,P103,33,0.0,8,25,44,4
2026-07-08,S01,P103,25,0.0,8,17,44,4
2026-07-09,S01,P103,17,0.0,5,12,44,1
2026-07-10,S01,P103,12,0.0,8,4,44,1
2026-07-11,S01,P103,4,0.0,10,0,44,3
2026-07-12,S01,P103,0,0.0,14,0,44,4
2026-07-13,S01,P103,0,0.0,10,0,44,3
2026-07-14,S01,P103,0,0.0,7,0,44,4
2026-07-15,S01,P103,0,0.0,8,0,44,4
2026-07-16,S01,P103,0,0.0,9,0,44,4
2026-07-17,S01,P103,0,0.0,5,0,44,1
2026-07-18,S01,P103,0,0.0,10,0,44,1
2026-07-19,S01,P103,0,0.0,9,0,44,2
2026-07-20,S01,P103,0,0.0,7,0,44,3
2026-07-21,S01,P103,0,0.0,8,0,44,3
2026-07-22,S01,P103,0,147.0,12,135,44,4
2026-07-23,S01,P103,135,0.0,8,127,44,3
2026-07-24,S01,P103,127,115.0,7,235,44,3
2026-07-25,S01,P103,235,0.0,11,224,44,1
2026-07-26,S01,P103,224,0.0,6,218,44,1
2026-07-27,S01,P103,218,0.0,7,211,44,4
2026-07-28,S01,P103,211,0.0,9,202,44,3
2026-07-29,S01,P103,202,0.0,7,195,44,4
2026-07-30,S01,P103,195,2.0,10,187,44,4
2026-07-31,S01,P103,187,0.0,6,181,44,2
2026-08-01,S01,P103,181,0.0,9,172,44,4
2026-08-02,S01,P103,172,0.0,4,168,44,2
2026-08-03,S01,P103,168,0.0,10,158,44,3
2026-08-04,S01,P103,158,0.0,7,151,44,4
2026-08-05,S01,P103,151,0.0,8,143,44,3
2026-08-06,S01,P103,143,0.0,8,135,44,4
2026-08-07,S01,P103,135,0.0,8,127,44,2
2026-08-08,S01,P103,127,0.0,4,123,44,2
2026-08-09,S01,P103,123,0.0,9,114,44,2
2026-08-10,S01,P103,114,0.0,4,110,44,4
2026-08-11,S01,P103,110,141.0,8,243,44,3
2026-08-12,S01,P103,243,0.0,4,239,44,1
2026-08-13,S01,P103,239,0.0,6,233,44,2
2026-08-14,S01,P103,233,0.0,11,222,44,1
2026-08-15,S01,P103,222,0.0,9,213,44,4
2026-08-16,S01,P103,213,0.0,16,197,44,1
2026-08-17,S01,P103,197,0.0,6,191,44,1
2026-08-18,S01,P103,191,86.0,7,270,44,2
2026-08-19,S01,P103,270,31.0,8,293,44,1
2026-08-20,S01,P103,293,68.0,8,353,44,1
2026-08-21,S01,P103,353,0.0,6,347,44,3
2026-08-22,S01,P103,347,0.0,13,334,44,4
2026-08-23,S01,P103,334,0.0,11,323,44,2
2026-08-24,S01,P103,323,0.0,7,316,44,3
2026-08-25,S01,P103,316,78.0,5,389,44,4
2026-08-26,S01,P103,389,0.0,8,381,44,1
2026-08-27,S01,P103,381,0.0,10,371,44,1
2026-08-28,S01,P103,371,0.0,14,357,44,1
2026-08-29,S01,P103,357,0.0,7,350,44,2
2026-08-30,S01,P103,350,0.0,10,340,44,1
2026-08-31,S01,P103,340,0.0,7,333,44,4
2026-07-01,S01,P104,113,0.0,4,109,40,1
2026-07-02,S01,P104,109,133.0,5,237,40,1
2026-07-03,S01,P104,237,0.0,1,236,40,4
2026-07-04,S01,P104,236,0.0,5,231,40,1
2026-07-05,S01,P104,231,0.0,5,226,40,4
2026-07-06,S01,P104,226,0.0,6,220,40,3
2026-07-07,S01,P104,220,0.0,4,216,40,3
2026-07-08,S01,P104,216,0.0,7,209,40,4
2026-07-09,S01,P104,209,0.0,10,199,40,3
2026-07-10,S01,P104,199,0.0,4,195,40,4
2026-07-11,S01,P104,195,0.0,9,186,40,2
2026-07-12,S01,P104,186,0.0,5,181,40,1
2026-07-13,S01,P104,181,0.0,4,177,40,2
2026-07-14,S01,P104,177,0.0,3,174,40,1
2026-07-15,S01,P104,174,0.0,5,194,40,2
2026-07-16,S01,P104,169,0.0,6,163,40,3
2026-07-17,S01,P104,163,0.0,6,157,40,2
2026-07-18,S01,P104,157,0.0,7,150,40,1
2026-07-19,S01,P104,150,0.0,3,147,40,3
2026-07-20,S01,P104,147,0.0,3,144,40,3
2026-07-21,S01,P104,144,0.0,6,138,40,4
2026-07-22,S01,P104,138,0.0,2,136,40,2
2026-07-23,S01,P104,136,0.0,5,131,40,3
2026-07-24,S01,P104,131,0.0,4,127,40,1
2026-07-25,S01,P104,127,0.0,4,123,40,4
2026-07-26,S01,P104,123,0.0,5,118,40,1
2026-07-27,S01,P104,118,0.0,2,116,40,2
2026-07-28,S01,P104,116,0.0,6,110,40,3
2026-07-29,S01,P104,110,0.0,2,108,40,3
2026-07-30,S01,P104,108,98.0,3,203,40,4
2026-07-31,S01,P104,203,116.0,4,315,40,3
2026-08-01,S01,P104,315,0.0,3,312,40,3
2026-08-02,S01,P104,312,0.0,5,307,40,4
2026-08-03,S01,P104,307,0.0,4,303,40,1
2026-08-04,S01,P104,303,0.0,6,297,40,4
2026-08-05,S01,P104,297,0.0,4,293,40,4
2026-08-06,S01,P104,293,0.0,9,284,40,4
2026-08-07,S01,P104,284,94.0,6,372,40,3
2026-08-08,S01,P104,372,0.0,10,362,40,3
2026-08-09,S01,P104,362,0.0,8,354,40,3
2026-08-10,S01,P104,354,0.0,1,353,40,1
2026-08-11,S01,P104,353,0.0,3,350,40,3
2026-08-12,S01,P104,350,0.0,8,342,40,3
2026-08-13,S01,P104,342,0.0,7,335,40,4
2026-08-14,S01,P104,335,0.0,6,329,40,1
2026-08-15,S01,P104,329,125.0,6,448,40,3
2026-08-16,S01,P104,448,78.0,11,515,40,1
2026-08-17,S01,P104,515,0.0,3,512,40,3
2026-08-18,S01,P104,512,0.0,4,508,40,4
2026-08-19,S01,P104,508,0.0,4,504,40,4
2026-08-20,S01,P104,504,0.0,8,496,40,3
2026-08-21,S01,P104,496,0.0,9,487,40,4
2026-08-22,S01,P104,487,0.0,7,480,40,4
2026-08-23,S01,P104,480,0.0,5,475,40,2
2026-08-24,S01,P104,475,0.0,4,471,40,4
2026-08-25,S01,P104,471,0.0,1,470,40,1
2026-08-26,S01,P104,470,0.0,1,469,40,3
2026-08-27,S01,P104,469,0.0,3,466,40,2
2026-08-28,S01,P104,466,0.0,6,460,40,4
2026-08-29,S01,P104,460,0.0,5,455,40,4
2026-08-30,S01,P104,455,0.0,3,452,40,1
2026-08-31,S01,P104,452,0.0,2,450,40,2
2026-07-01,S01,P201,433,43.0,4,472,40,4
2026-07-02,S01,P201,472,0.0,6,466,40,4
2026-07-03,S01,P201,466,0.0,5,461,40,1
2026-07-04,S01,P201,461,0.0,7,454,40,1
2026-07-05,S01,P201,454,0.0,8,446,40,3
2026-07-06,S01,P201,446,0.0,7,439,40,1
2026-07-07,S01,P201,439,0.0,5,434,40,2
2026-07-08,S01,P201,434,0.0,7,427,40,2
2026-07-09,S01,P201,427,0.0,8,419,40,1
2026-07-10,S01,P201,419,0.0,6,413,40,2
2026-07-11,S01,P201,413,0.0,3,410,40,3
2026-07-12,S01,P201,410,0.0,9,401,40,1
2026-07-13,S01,P201,401,0.0,7,394,40,3
2026-07-14,S01,P201,394,106.0,7,493,40,2
2026-07-15,S01,P201,493,0.0,4,489,40,4
2026-07-16,S01,P201,489,104.0,8,585,40,1
2026-07-17,S01,P201,585,143.0,5,723,40,3
2026-07-18,S01,P201,723,0.0,8,715,40,1
2026-07-19,S01,P201,715,0.0,8,707,40,1
2026-07-20,S01,P201,707,0.0,7,700,40,4
2026-07-21,S01,P201,700,0.0,8,692,40,1
2026-07-22,S01,P201,692,5.0,4,693,40,4
2026-07-23,S01,P201,693,0.0,6,687,40,1
2026-07-24,S01,P201,687,0.0,6,681,40,1
2026-07-25,S01,P201,681,0.0,10,671,40,4
2026-07-26,S01,P201,671,107.0,9,769,40,1
2026-07-27,S01,P201,769,0.0,4,765,40,4
2026-07-28,S01,P201,765,0.0,4,761,40,1
2026-07-29,S01,P201,761,0.0,8,753,40,4
2026-07-30,S01,P201,753,0.0,3,750,40,2
2026-07-31,S01,P201,750,0.0,6,744,40,1
2026-08-01,S01,P201,744,0.0,8,736,40,3
2026-08-02,S01,P201,736,0.0,4,732,40,3
2026-08-03,S01,P201,732,0.0,9,723,40,1
2026-08-04,S01,P201,723,0.0,1,722,40,4
2026-08-05,S01,P201,722,0.0,9,713,40,1
2026-08-06,S01,P201,713,0.0,6,707,40,1
2026-08-07,S01,P201,707,0.0,4,703,40,3
2026-08-08,S01,P201,703,11.0,6,708,40,4
2026-08-09,S01,P201,708,35.0,6,737,40,3
2026-08-10,S01,P201,737,0.0,6,731,40,4
2026-08-11,S01,P201,731,27.0,6,752,40,2
2026-08-12,S01,P201,752,0.0,12,740,40,4
2026-08-13,S01,P201,740,0.0,7,733,40,1
2026-08-14,S01,P201,733,0.0,9,724,40,3
2026-08-15,S01,P201,724,0.0,10,714,40,4
2026-08-16,S01,P201,714,0.0,6,708,40,2
2026-08-17,S01,P201,708,0.0,4,704,40,1
2026-08-18,S01,P201,704,0.0,6,698,40,2
2026-08-19,S01,P201,698,0.0,7,691,40,3
2026-08-20,S01,P201,691,0.0,9,682,40,2
2026-08-21,S01,P201,682,0.0,7,675,40,4
2026-08-22,S01,P201,675,0.0,8,667,40,3
2026-08-23,S01,P201,667,155.0,6,816,40,2
2026-08-24,S01,P201,816,0.0,10,806,40,1
2026-08-25,S01,P201,806,0.0,6,800,40,1
2026-08-26,S01,P201,800,0.0,6,794,40,2
2026-08-27,S01,P201,794,0.0,5,789,40,2
2026-08-28,S01,P201,789,0.0,4,785,40,3
2026-08-29,S01,P201,785,0.0,8,777,40,4
2026-08-30,S01,P201,777,0.0,9,768,40,1
2026-08-31,S01,P201,768,0.0,6,762,40,4
2026-07-01,S01,P202,85,0.0,16,69,100,2
2026-07-02,S01,P202,69,0.0,9,60,100,2
2026-07-03,S01,P202,60,0.0,17,43,100,2
2026-07-04,S01,P202,43,0.0,16,27,100,3
2026-07-05,S01,P202,27,0.0,24,3,100,3
2026-07-06,S01,P202,3,,23,0,100,3
2026-07-07,S01,P202,0,0.0,15,0,100,2
2026-07-08,S01,P202,0,0.0,15,0,100,3
2026-07-09,S01,P202,0,0.0,17,0,100,3
2026-07-10,S01,P202,0,0.0,17,0,100,2
2026-07-11,S01,P202,0,0.0,21,0,100,3
2026-07-12,S01,P202,0,0.0,14,0,100,4
2026-07-13,S01,P202,0,0.0,20,0,100,3
2026-07-14,S01,P202,0,0.0,25,0,100,3
2026-07-15,S01,P202,0,0.0,21,0,100,3
2026-07-16,S01,P202,0,8.0,20,0,100,4
2026-07-17,S01,P202,0,0.0,28,0,100,1
2026-07-18,S01,P202,0,0.0,23,0,100,4
2026-07-19,S01,P202,0,0.0,21,0,100,1
2026-07-20,S01,P202,0,0.0,19,0,100,2
2026-07-21,S01,P202,0,0.0,22,0,100,1
2026-07-22,S01,P202,0,0.0,17,0,100,4
2026-07-23,S01,P202,0,0.0,17,0,100,1
2026-07-24,S01,P202,0,0.0,21,0,100,2
2026-07-25,S01,P202,0,0.0,13,0,100,2
2026-07-26,S01,P202,0,0.0,16,0,100,3
2026-07-27,S01,P202,0,0.0,19,0,100,1
2026-07-28,S01,P202,0,0.0,21,0,100,1
2026-07-29,S01,P202,0,0.0,14,0,100,4
2026-07-30,S01,P202,0,0.0,18,0,100,4
2026-07-31,S01,P202,0,0.0,16,0,100,3
2026-08-01,S01,P202,0,102.0,17,85,100,4
2026-08-02,S01,P202,85,0.0,25,60,100,3
2026-08-03,S01,P202,60,0.0,20,40,100,1
2026-08-04,S01,P202,40,0.0,16,24,100,3
2026-08-05,S01,P202,24,0.0,23,1,100,1
2026-08-06,S01,P202,1,0.0,21,0,100,4
2026-08-07,S01,P202,0,0.0,19,0,100,3
2026-08-08,S01,P202,0,0.0,18,0,100,3
2026-08-09,S01,P202,0,0.0,26,0,100,1
2026-08-10,S01,P202,0,0.0,31,0,100,2
2026-08-11,S01,P202,0,0.0,18,0,100,1
2026-08-12,S01,P202,0,0.0,18,0,100,2
2026-08-13,S01,P202,0,0.0,13,0,100,2
2026-08-14,S01,P202,0,145.0,23,122,100,1
2026-08-15,S01,P202,122,0.0,21,101,100,3
2026-08-16,S01,P202,101,0.0,14,87,100,1
2026-08-17,S01,P202,87,0.0,23,64,100,4
2026-08-18,S01,P202,64,43.0,14,93,100,3
2026-08-19,S01,P202,93,0.0,26,67,100,1
2026-08-20,S01,P202,67,0.0,17,50,100,4
2026-08-21,S01,P202,50,0.0,13,37,100,3
2026-08-22,S01,P202,37,122.0,25,134,100,4
2026-08-23,S01,P202,134,0.0,19,115,100,3
2026-08-24,S01,P202,115,0.0,11,104,100,2
2026-08-25,S01,P202,104,0.0,15,89,100,4
2026-08-26,S01,P202,89,0.0,19,70,100,4
2026-08-27,S01,P202,70,0.0,13,57,100,3
2026-08-28,S01,P202,57,0.0,19,38,100,4
2026-08-29,S01,P202,38,0.0,19,19,100,2
2026-08-30,S01,P202,19,0.0,24,0,100,3
2026-08-31,S01,P202,0,0.0,12,0,100,3
2026-07-01,S01,P203,284,0.0,5,279,50,3
2026-07-02,S01,P203,279,0.0,7,272,50,1
2026-07-03,S01,P203,272,0.0,5,267,50,3
2026-07-04,S01,P203,267,0.0,16,251,50,3
2026-07-05,S01,P203,251,30.0,14,267,50,2
2026-07-06,S01,P203,267,0.0,14,253,50,3
2026-07-07,S01,P203,253,0.0,7,246,50,4
2026-07-08,S01,P203,246,95.0,8,333,50,1
2026-07-09,S01,P203,333,0.0,6,327,50,2
2026-07-10,S01,P203,327,0.0,10,317,50,2
2026-07-11,S01,P203,317,0.0,7,310,50,3
2026-07-12,S01,P203,310,0.0,14,296,50,4
2026-07-13,S01,P203,296,0.0,10,286,50,4
2026-07-14,S01,P203,286,0.0,10,276,50,4
2026-07-15,S01,P203,276,0.0,6,270,50,2
2026-07-16,S01,P203,270,0.0,12,258,50,4
2026-07-17,S01,P203,258,0.0,7,251,50,1
2026-07-18,S01,P203,251,0.0,12,239,50,1
2026-07-19,S01,P203,239,0.0,13,226,50,3
2026-07-20,S01,P203,226,0.0,13,213,50,3
2026-07-21,S01,P203,213,0.0,10,203,50,1
2026-07-22,S01,P203,203,0.0,12,191,50,4
2026-07-23,S01,P203,191,0.0,14,177,50,4
2026-07-24,S01,P203,177,0.0,7,170,50,3
2026-07-25,S01,P203,170,0.0,18,152,50,2
2026-07-26,S01,P203,152,0.0,10,142,50,1
2026-07-27,S01,P203,142,0.0,7,135,50,4
2026-07-28,S01,P203,135,0.0,12,123,50,4
2026-07-29,S01,P203,123,0.0,10,113,50,1
2026-07-30,S01,P203,113,35.0,14,134,50,2
2026-07-31,S01,P203,134,0.0,5,129,50,3
2026-08-01,S01,P203,129,0.0,12,117,50,2
2026-08-02,S01,P203,117,8.0,7,118,50,4
2026-08-03,S01,P203,118,59.0,12,165,50,2
2026-08-04,S01,P203,165,0.0,7,158,50,1
2026-08-05,S01,P203,158,0.0,10,148,50,4
2026-08-06,S01,P203,148,0.0,6,142,50,3
2026-08-07,S01,P203,142,0.0,7,135,50,3
2026-08-08,S01,P203,135,145.0,6,274,50,3
2026-08-09,S01,P203,274,0.0,12,262,50,1
2026-08-10,S01,P203,262,137.0,8,391,50,1
2026-08-11,S01,P203,391,0.0,11,380,50,4
2026-08-12,S01,P203,380,121.0,12,489,50,3
2026-08-13,S01,P203,489,0.0,10,479,50,2
2026-08-14,S01,P203,479,0.0,11,468,50,3
2026-08-15,S01,P203,468,0.0,16,452,50,3
2026-08-16,S01,P203,452,0.0,12,440,50,3
2026-08-17,S01,P203,440,0.0,8,432,50,2
2026-08-18,S01,P203,432,0.0,11,421,50,3
2026-08-19,S01,P203,421,0.0,8,413,50,3
2026-08-20,S01,P203,413,0.0,12,401,50,3
2026-08-21,S01,P203,401,108.0,9,500,50,4
2026-08-22,S01,P203,500,0.0,3,497,50,2
2026-08-23,S01,P203,497,0.0,12,485,50,2
2026-08-24,S01,P203,485,0.0,12,473,50,4
2026-08-25,S01,P203,473,0.0,8,465,50,4
2026-08-26,S01,P203,465,0.0,15,450,50,2
2026-08-27,S01,P203,450,0.0,15,435,50,1
2026-08-28,S01,P203,435,0.0,6,429,50,4
2026-08-29,S01,P203,429,0.0,10,419,50,1
2026-08-30,S01,P203,419,0.0,4,415,50,2
2026-08-31,S01,P203,415,0.0,9,406,50,2
2026-07-01,S01,P204,127,0.0,5,122,40,1
2026-07-02,S01,P204,122,48.0,4,166,40,1
2026-07-03,S01,P204,166,0.0,5,161,40,2
2026-07-04,S01,P204,161,0.0,4,157,40,4
2026-07-05,S01,P204,157,0.0,5,152,40,2
2026-07-06,S01,P204,152,0.0,6,146,40,4
2026-07-07,S01,P204,146,0.0,9,137,40,4
2026-07-08,S01,P204,137,0.0,3,134,40,2
2026-07-09,S01,P204,134,0.0,4,130,40,4
2026-07-10,S01,P204,130,0.0,10,120,40,4
2026-07-11,S01,P204,120,0.0,4,116,40,4
2026-07-12,S01,P204,116,0.0,8,108,40,1
2026-07-13,S01,P204,108,0.0,4,104,40,3
2026-07-14,S01,P204,104,0.0,2,102,40,4
2026-07-15,S01,P204,102,0.0,6,96,40,1
2026-07-16,S01,P204,96,0.0,5,91,40,2
2026-07-17,S01,P204,91,0.0,7,84,40,4
2026-07-18,S01,P204,84,0.0,4,80,40,2
2026-07-19,S01,P204,80,0.0,4,76,40,4
2026-07-20,S01,P204,76,0.0,2,74,40,4
2026-07-21,S01,P204,74,0.0,4,70,40,2
2026-07-22,S01,P204,70,0.0,5,65,40,2
2026-07-23,S01,P204,65,0.0,10,55,40,4
2026-07-24,S01,P204,55,0.0,6,49,40,2
2026-07-25,S01,P204,49,68.0,4,113,40,1
2026-07-26,S01,P204,113,0.0,4,109,40,3
2026-07-27,S01,P204,109,0.0,9,100,40,4
2026-07-28,S01,P204,100,150.0,5,245,40,3
2026-07-29,S01,P204,245,46.0,6,285,40,4
2026-07-30,S01,P204,285,0.0,2,283,40,1
2026-07-31,S01,P204,283,0.0,5,278,40,3
2026-08-01,S01,P204,278,0.0,6,272,40,1
2026-08-02,S01,P204,272,50.0,5,317,40,4
2026-08-03,S01,P204,317,0.0,7,310,40,4
2026-08-04,S01,P204,310,143.0,11,442,40,1
2026-08-05,S01,P204,442,0.0,9,433,40,3
2026-08-06,S01,P204,433,0.0,10,423,40,4
2026-08-07,S01,P204,423,0.0,3,420,40,2
2026-08-08,S01,P204,420,0.0,13,407,40,1
2026-08-09,S01,P204,407,138.0,8,537,40,2
2026-08-10,S01,P204,537,0.0,2,535,40,1
2026-08-11,S01,P204,535,0.0,3,532,40,3
2026-08-12,S01,P204,532,0.0,3,529,40,2
2026-08-13,S01,P204,529,0.0,5,524,40,2
2026-08-14,S01,P204,524,0.0,4,520,40,3
2026-08-15,S01,P204,520,0.0,4,516,40,2
2026-08-16,S01,P204,516,0.0,7,509,40,4
2026-08-17,S01,P204,509,0.0,6,503,40,2
2026-08-18,S01,P204,503,0.0,8,495,40,3
2026-08-19,S01,P204,495,79.0,2,572,40,2
2026-08-20,S01,P204,572,0.0,6,566,40,2
2026-08-21,S01,P204,566,24.0,5,585,40,1
2026-08-22,S01,P204,585,0.0,6,579,40,2
2026-08-23,S01,P204,579,149.0,3,725,40,1
2026-08-24,S01,P204,725,24.0,6,743,40,1
2026-08-25,S01,P204,743,0.0,7,736,40,1
2026-08-26,S01,P204,736,0.0,3,733,40,2
2026-08-27,S01,P204,733,0.0,5,728,40,1
2026-08-28,S01,P204,728,135.0,6,857,40,3
2026-08-29,S01,P204,857,0.0,2,855,40,2
2026-08-30,S01,P204,855,0.0,5,850,40,4
2026-08-31,S01,P204,850,0.0,6,844,40,4
2026-07-01,S01,P301,402,0.0,19,383,112,2
2026-07-02,S01,P301,383,0.0,22,361,112,2
2026-07-03,S01,P301,361,0.0,25,336,112,4
2026-07-04,S01,P301,336,0.0,23,313,112,3
2026-07-05,S01,P301,313,0.0,27,286,112,3
2026-07-06,S01,P301,286,0.0,22,264,112,4
2026-07-07,S01,P301,264,0.0,13,251,112,1
2026-07-08,S01,P301,251,0.0,14,237,112,3
2026-07-09,S01,P301,237,50.0,19,268,112,3
2026-07-10,S01,P301,268,0.0,20,248,112,4
2026-07-11,S01,P301,248,112.0,19,341,112,1
2026-07-12,S01,P301,341,0.0,21,320,112,1
2026-07-13,S01,P301,320,0.0,20,300,112,4
2026-07-14,S01,P301,300,0.0,29,271,112,3
2026-07-15,S01,P301,271,0.0,31,240,112,1
2026-07-16,S01,P301,240,0.0,24,216,112,4
2026-07-17,S01,P301,216,0.0,20,196,112,4
2026-07-18,S01,P301,196,0.0,26,170,112,1
2026-07-19,S01,P301,170,0.0,24,146,112,4
2026-07-20,S01,P301,146,147.0,29,264,112,3
2026-07-21,S01,P301,264,0.0,16,248,112,1
2026-07-22,S01,P301,248,0.0,19,229,112,3
2026-07-23,S01,P301,229,0.0,20,209,112,3
2026-07-24,S01,P301,209,0.0,20,189,112,1
2026-07-25,S01,P301,189,0.0,18,171,112,4
2026-07-26,S01,P301,171,43.0,27,187,112,1
2026-07-27,S01,P301,187,0.0,20,167,112,2
2026-07-28,S01,P301,167,0.0,22,145,112,3
2026-07-29,S01,P301,145,133.0,19,259,112,4
2026-07-30,S01,P301,259,0.0,20,239,112,1
2026-07-31,S01,P301,239,0.0,19,220,112,3
2026-08-01,S01,P301,220,0.0,24,196,112,4
2026-08-02,S01,P301,196,0.0,27,169,112,2
2026-08-03,S01,P301,169,0.0,14,155,112,3
2026-08-04,S01,P301,155,0.0,22,133,112,2
2026-08-05,S01,P301,133,0.0,25,108,112,4
2026-08-06,S01,P301,108,0.0,13,95,112,3
2026-08-07,S01,P301,95,0.0,15,80,112,1
2026-08-08,S01,P301,80,5.0,21,64,112,2
2026-08-09,S01,P301,64,0.0,24,40,112,4
2026-08-10,S01,P301,40,65.0,16,89,112,2
2026-08-11,S01,P301,89,0.0,23,66,112,4
2026-08-12,S01,P301,66,0.0,25,41,112,4
2026-08-13,S01,P301,41,0.0,20,21,112,2
2026-08-14,S01,P301,21,0.0,23,0,112,1
2026-08-15,S01,P301,0,0.0,18,0,112,3
2026-08-16,S01,P301,0,0.0,18,0,112,1
2026-08-17,S01,P301,0,0.0,18,0,112,1
2026-08-18,S01,P301,0,0.0,16,0,112,1
2026-08-19,S01,P301,0,0.0,15,0,112,3
2026-08-20,S01,P301,0,0.0,26,0,112,4
2026-08-21,S01,P301,0,0.0,20,0,112,1
2026-08-22,S01,P301,0,0.0,16,0,112,3
2026-08-23,S01,P301,0,91.0,16,75,112,4
2026-08-24,S01,P301,75,0.0,16,59,112,4
2026-08-25,S01,P301,59,0.0,23,36,112,4
2026-08-26,S01,P301,36,0.0,22,14,112,3
2026-08-27,S01,P301,14,0.0,17,0,112,1
2026-08-28,S01,P301,0,0.0,20,0,112,2
2026-08-29,S01,P301,0,0.0,33,0,112,1
2026-08-30,S01,P301,0,0.0,13,0,112,4
2026-08-31,S01,P301,0,0.0,21,0,112,3
2026-07-01,S01,P302,339,0.0,10,329,67,2
2026-07-02,S01,P302,329,0.0,16,313,67,3
2026-07-03,S01,P302,313,0.0,19,294,67,3
2026-07-04,S01,P302,294,0.0,24,270,67,3
2026-07-05,S01,P302,270,0.0,20,250,67,4
2026-07-06,S01,P302,250,0.0,11,239,67,2
2026-07-07,S01,P302,239,0.0,16,223,67,2
2026-07-08,S01,P302,223,0.0,11,212,67,2
2026-07-09,S01,P302,212,0.0,12,200,67,1
2026-07-10,S01,P302,200,0.0,10,190,67,1
2026-07-11,S01,P302,190,75.0,10,255,67,4
2026-07-12,S01,P302,255,0.0,11,244,67,4
2026-07-13,S01,P302,244,0.0,4,240,67,2
2026-07-14,S01,P302,240,0.0,13,227,67,2
2026-07-15,S01,P302,227,0.0,12,215,67,2
2026-07-16,S01,P302,215,0.0,8,207,67,3
2026-07-17,S01,P302,207,0.0,17,190,67,1
2026-07-18,S01,P302,190,0.0,7,183,67,1
2026-07-19,S01,P302,183,0.0,14,169,67,1
2026-07-20,S01,P302,169,37.0,11,195,67,3
2026-07-21,S01,P302,195,0.0,5,190,67,2
2026-07-22,S01,P302,190,0.0,12,178,67,2
2026-07-23,S01,P302,178,0.0,18,160,67,4
2026-07-24,S01,P302,160,0.0,11,149,67,1
2026-07-25,S01,P302,149,0.0,12,137,67,4
2026-07-26,S01,P302,137,0.0,16,121,67,3
2026-07-27,S01,P302,121,0.0,12,109,67,1
2026-07-28,S01,P302,109,88.0,18,179,67,1
2026-07-29,S01,P302,179,0.0,9,170,67,4
2026-07-30,S01,P302,170,0.0,8,162,67,4
2026-07-31,S01,P302,162,0.0,17,145,67,3
2026-08-01,S01,P302,145,0.0,22,123,67,1
2026-08-02,S01,P302,123,0.0,15,108,67,1
2026-08-03,S01,P302,108,0.0,10,98,67,4
2026-08-04,S01,P302,98,0.0,15,83,67,3
2026-08-05,S01,P302,83,0.0,16,67,67,2
2026-08-06,S01,P302,67,0.0,13,54,67,1
2026-08-07,S01,P302,54,0.0,16,38,67,4
2026-08-08,S01,P302,38,0.0,11,27,67,3
2026-08-09,S01,P302,27,0.0,12,15,67,4
2026-08-10,S01,P302,15,0.0,11,4,67,3
2026-08-11,S01,P302,4,0.0,12,0,67,1
2026-08-12,S01,P302,0,0.0,13,0,67,3
2026-08-13,S01,P302,0,0.0,11,0,67,1
2026-08-14,S01,P302,0,0.0,13,0,67,1
2026-08-15,S01,P302,0,0.0,23,0,67,1
2026-08-16,S01,P302,0,0.0,15,0,67,3
2026-08-17,S01,P302,0,0.0,19,0,67,4
2026-08-18,S01,P302,0,0.0,11,0,67,3
2026-08-19,S01,P302,0,0.0,12,0,67,1
2026-08-20,S01,P302,0,0.0,14,0,67,1
2026-08-21,S01,P302,0,0.0,14,0,67,4
2026-08-22,S01,P302,0,0.0,21,0,67,2
2026-08-23,S01,P302,0,0.0,13,0,67,3
2026-08-24,S01,P302,0,0.0,13,0,67,2
2026-08-25,S01,P302,0,0.0,9,0,67,3
2026-08-26,S01,P302,0,0.0,11,0,67,2
2026-08-27,S01,P302,0,0.0,13,0,67,1
2026-08-28,S01,P302,0,0.0,15,0,67,4
2026-08-29,S01,P302,0,0.0,13,0,67,4
2026-08-30,S01,P302,0,0.0,8,0,67,4
2026-08-31,S01,P302,0,60.0,17,43,67,1
2026-07-01,S01,P303,121,0.0,7,114,40,1
2026-07-02,S01,P303,114,0.0,7,107,40,4
2026-07-03,S01,P303,107,0.0,7,100,40,1
2026-07-04,S01,P303,100,0.0,8,92,40,2
2026-07-05,S01,P303,92,0.0,3,89,40,3
2026-07-06,S01,P303,89,0.0,4,85,40,1
2026-07-07,S01,P303,85,0.0,9,76,40,4
2026-07-08,S01,P303,76,0.0,5,71,40,3
2026-07-09,S01,P303,71,0.0,8,63,40,4
2026-07-10,S01,P303,63,149.0,8,204,40,4
2026-07-11,S01,P303,204,0.0,11,193,40,2
2026-07-12,S01,P303,193,0.0,7,186,40,3
2026-07-13,S01,P303,186,0.0,3,183,40,3
2026-07-14,S01,P303,183,0.0,6,177,40,4
2026-07-15,S01,P303,177,0.0,12,165,40,1
2026-07-16,S01,P303,165,102.0,9,258,40,2
2026-07-17,S01,P303,258,0.0,8,250,40,3
2026-07-18,S01,P303,250,63.0,7,306,40,4
2026-07-19,S01,P303,306,0.0,7,299,40,2
2026-07-20,S01,P303,299,0.0,7,292,40,2
2026-07-21,S01,P303,292,0.0,9,283,40,1
2026-07-22,S01,P303,283,0.0,4,279,40,1
2026-07-23,S01,P303,279,0.0,11,268,40,4
2026-07-24,S01,P303,268,0.0,5,263,40,3
2026-07-25,S01,P303,263,0.0,9,254,40,2
2026-07-26,S01,P303,254,0.0,7,247,40,1
2026-07-27,S01,P303,247,0.0,5,242,40,2
2026-07-28,S01,P303,242,0.0,12,230,40,3
2026-07-29,S01,P303,230,0.0,8,222,40,1
2026-07-30,S01,P303,222,0.0,5,217,40,3
2026-07-31,S01,P303,217,0.0,6,211,40,1
2026-08-01,S01,P303,211,0.0,8,203,40,3
2026-08-02,S01,P303,203,0.0,13,190,40,3
2026-08-03,S01,P303,190,0.0,6,184,40,4
2026-08-04,S01,P303,184,0.0,4,180,40,3
2026-08-05,S01,P303,180,0.0,7,173,40,3
2026-08-06,S01,P303,173,0.0,6,167,40,2
2026-08-07,S01,P303,167,0.0,6,161,40,4
2026-08-08,S01,P303,161,0.0,5,156,40,3
2026-08-09,S01,P303,156,0.0,12,144,40,3
2026-08-10,S01,P303,144,0.0,5,139,40,4
2026-08-11,S01,P303,139,0.0,7,132,40,2
2026-08-12,S01,P303,132,0.0,9,123,40,2
2026-08-13,S01,P303,123,20.0,8,135,40,2
2026-08-14,S01,P303,135,0.0,7,128,40,2
2026-08-15,S01,P303,128,0.0,12,116,40,3
2026-08-16,S01,P303,116,0.0,9,107,40,2
2026-08-17,S01,P303,107,0.0,11,96,40,1
2026-08-18,S01,P303,96,0.0,3,93,40,1
2026-08-19,S01,P303,93,0.0,7,86,40,4
2026-08-20,S01,P303,86,0.0,9,77,40,4
2026-08-21,S01,P303,77,0.0,10,67,40,3
2026-08-22,S01,P303,67,0.0,7,60,40,4
2026-08-23,S01,P303,60,0.0,8,52,40,1
2026-08-24,S01,P303,52,0.0,6,46,40,4
2026-08-25,S01,P303,46,0.0,9,37,40,4
2026-08-26,S01,P303,37,0.0,7,30,40,3
2026-08-27,S01,P303,30,0.0,6,24,40,3
2026-08-28,S01,P303,24,0.0,5,19,40,3
2026-08-29,S01,P303,19,0.0,7,12,40,2
2026-08-30,S01,P303,12,0.0,3,9,40,3
2026-08-31,S01,P303,9,0.0,9,0,40,4
2026-07-01,S01,P304,304,0.0,30,274,156,1
2026-07-02,S01,P304,274,0.0,33,241,156,3
2026-07-03,S01,P304,241,0.0,33,208,156,4
2026-07-04,S01,P304,208,0.0,31,177,156,1
2026-07-05,S01,P304,177,0.0,41,136,156,4
2026-07-06,S01,P304,136,0.0,35,101,156,4
2026-07-07,S01,P304,101,0.0,22,79,156,3
2026-07-08,S01,P304,79,0.0,37,42,156,4
2026-07-09,S01,P304,42,0.0,32,10,156,2
2026-07-10,S01,P304,10,0.0,27,0,156,4
2026-07-11,S01,P304,0,0.0,46,0,156,4
2026-07-12,S01,P304,0,0.0,39,0,156,1
2026-07-13,S01,P304,0,0.0,33,0,156,3
2026-07-14,S01,P304,0,0.0,33,0,156,1
2026-07-15,S01,P304,0,0.0,27,0,156,2
2026-07-16,S01,P304,0,0.0,26,0,156,3
2026-07-17,S01,P304,0,0.0,24,0,156,3
2026-07-18,S01,P304,0,0.0,34,0,156,2
2026-07-19,S01,P304,0,0.0,34,0,156,3
2026-07-20,S01,P304,0,0.0,26,0,156,3
2026-07-21,S01,P304,0,0.0,21,0,156,4
2026-07-22,S01,P304,0,0.0,28,0,156,2
2026-07-23,S01,P304,0,0.0,29,0,156,1
2026-07-24,S01,P304,0,0.0,28,0,156,1
2026-07-25,S01,P304,0,0.0,28,0,156,4
2026-07-26,S01,P304,0,0.0,36,0,156,3
2026-07-27,S01,P304,0,0.0,29,0,156,1
2026-07-28,S01,P304,0,0.0,33,0,156,2
2026-07-29,S01,P304,0,0.0,37,0,156,1
2026-07-30,S01,P304,0,0.0,24,0,156,2
2026-07-31,S01,P304,0,0.0,31,0,156,3
2026-08-01,S01,P304,0,0.0,36,0,156,3
2026-08-02,S01,P304,0,0.0,30,0,156,1
2026-08-03,S01,P304,0,0.0,15,0,156,1
2026-08-04,S01,P304,0,0.0,19,0,156,2
2026-08-05,S01,P304,0,0.0,37,0,156,2
2026-08-06,S01,P304,0,0.0,47,0,156,1
2026-08-07,S01,P304,0,0.0,33,0,156,1
2026-08-08,S01,P304,0,0.0,32,0,156,2
2026-08-09,S01,P304,0,0.0,31,0,156,2
2026-08-10,S01,P304,0,0.0,24,0,156,3
2026-08-11,S01,P304,0,0.0,29,0,156,1
2026-08-12,S01,P304,0,109.0,29,80,156,4
2026-08-13,S01,P304,80,0.0,21,59,156,3
2026-08-14,S01,P304,59,0.0,20,39,156,2
2026-08-15,S01,P304,39,0.0,34,5,156,2
2026-08-16,S01,P304,5,0.0,33,0,156,1
2026-08-17,S01,P304,0,0.0,31,0,156,1
2026-08-18,S01,P304,0,0.0,27,0,156,2
2026-08-19,S01,P304,0,0.0,32,0,156,4
2026-08-20,S01,P304,0,0.0,27,0,156,4
2026-08-21,S01,P304,0,0.0,27,0,156,2
2026-08-22,S01,P304,0,0.0,39,0,156,3
2026-08-23,S01,P304,0,0.0,39,0,156,4
2026-08-24,S01,P304,0,0.0,26,0,156,2
2026-08-25,S01,P304,0,52.0,37,15,156,1
2026-08-26,S01,P304,15,0.0,35,0,156,1
2026-08-27,S01,P304,0,10.0,37,0,156,2
2026-08-28,S01,P304,0,0.0,28,0,156,1
2026-08-29,S01,P304,0,0.0,30,0,156,1
2026-08-30,S01,P304,0,0.0,31,0,156,1
2026-08-31,S01,P304,0,0.0,23,0,156,1
2026-07-01,S01,P401,217,0.0,28,189,140,1
2026-07-02,S01,P401,189,0.0,26,163,140,1
2026-07-03,S01,P401,163,0.0,20,143,140,4
2026-07-04,S01,P401,143,131.0,25,249,140,2
2026-07-05,S01,P401,249,0.0,31,218,140,2
2026-07-06,S01,P401,218,0.0,25,193,140,2
2026-07-07,S01,P401,193,0.0,24,169,140,2
2026-07-08,S01,P401,169,0.0,34,135,140,4
2026-07-09,S01,P401,135,0.0,27,108,140,3
2026-07-10,S01,P401,108,0.0,23,85,140,2
2026-07-11,S01,P401,85,0.0,26,59,140,3
2026-07-12,S01,P401,59,121.0,27,153,140,1
2026-07-13,S01,P401,153,0.0,29,124,140,1
2026-07-14,S01,P401,124,0.0,25,99,140,1
2026-07-15,S01,P401,99,0.0,24,75,140,1
2026-07-16,S01,P401,75,0.0,23,52,140,3
2026-07-17,S01,P401,52,0.0,18,34,140,4
2026-07-18,S01,P401,34,0.0,28,6,140,1
2026-07-19,S01,P401,6,0.0,18,0,140,2
2026-07-20,S01,P401,0,0.0,31,0,140,4
2026-07-21,S01,P401,0,0.0,31,0,140,4
2026-07-22,S01,P401,0,0.0,17,0,140,3
2026-07-23,S01,P401,0,0.0,23,0,140,1
2026-07-24,S01,P401,0,0.0,33,0,140,2
2026-07-25,S01,P401,0,0.0,44,0,140,3
2026-07-26,S01,P401,0,0.0,28,0,140,2
2026-07-27,S01,P401,0,84.0,29,55,140,4
2026-07-28,S01,P401,55,0.0,24,31,140,1
2026-07-29,S01,P401,31,0.0,29,2,140,2
2026-07-30,S01,P401,2,0.0,20,0,140,2
2026-07-31,S01,P401,0,0.0,20,0,140,2
2026-08-01,S01,P401,0,0.0,34,0,140,4
2026-08-02,S01,P401,0,0.0,38,0,140,1
2026-08-03,S01,P401,0,0.0,21,0,140,2
2026-08-04,S01,P401,0,0.0,24,0,140,1
2026-08-05,S01,P401,0,0.0,25,0,140,2
2026-08-06,S01,P401,0,10.0,21,0,140,4
2026-08-07,S01,P401,0,0.0,20,0,140,1
2026-08-08,S01,P401,0,0.0,33,0,140,1
2026-08-09,S01,P401,0,0.0,31,0,140,4
2026-08-10,S01,P401,0,0.0,18,0,140,1
2026-08-11,S01,P401,0,0.0,22,0,140,4
2026-08-12,S01,P401,0,54.0,23,31,140,2
2026-08-13,S01,P401,31,0.0,23,8,140,1
2026-08-14,S01,P401,8,0.0,18,0,140,2
2026-08-15,S01,P401,0,0.0,35,0,140,1
2026-08-16,S01,P401,0,0.0,28,0,140,4
2026-08-17,S01,P401,0,0.0,12,0,140,1
2026-08-18,S01,P401,0,0.0,31,0,140,3
2026-08-19,S01,P401,0,0.0,20,0,140,1
2026-08-20,S01,P401,0,0.0,22,0,140,1
2026-08-21,S01,P401,0,84.0,20,64,140,2
2026-08-22,S01,P401,64,0.0,33,31,140,2
2026-08-23,S01,P401,31,0.0,26,5,140,4
2026-08-24,S01,P401,5,0.0,24,0,140,3
2026-08-25,S01,P401,0,148.0,22,126,140,1
2026-08-26,S01,P401,126,17.0,24,119,140,4
2026-08-27,S01,P401,119,0.0,22,97,140,2
2026-08-28,S01,P401,97,0.0,19,78,140,3
2026-08-29,S01,P401,78,0.0,35,43,140,4
2026-08-30,S01,P401,43,0.0,32,11,140,4
2026-08-31,S01,P401,11,159.0,19,151,140,1
2026-07-01,S01,P402,160,0.0,24,136,168,2
2026-07-02,S01,P402,136,0.0,27,109,168,2
2026-07-03,S01,P402,109,0.0,25,84,168,4
2026-07-04,S01,P402,84,0.0,35,49,168,4
2026-07-05,S01,P402,49,0.0,36,13,168,1
2026-07-06,S01,P402,13,0.0,45,0,168,3
2026-07-07,S01,P402,0,0.0,36,0,168,2
2026-07-08,S01,P402,0,0.0,26,0,168,4
2026-07-09,S01,P402,0,0.0,28,0,168,2
2026-07-10,S01,P402,0,0.0,25,0,168,3
2026-07-11,S01,P402,0,127.0,44,83,168,2
2026-07-12,S01,P402,83,0.0,44,39,168,4
2026-07-13,S01,P402,39,0.0,34,5,168,3
2026-07-14,S01,P402,5,0.0,28,0,168,2
2026-07-15,S01,P402,0,0.0,22,0,168,4
2026-07-16,S01,P402,0,0.0,26,0,168,3
2026-07-17,S01,P402,0,0.0,33,0,168,3
2026-07-18,S01,P402,0,0.0,35,0,168,2
2026-07-19,S01,P402,0,0.0,35,0,168,4
2026-07-20,S01,P402,0,0.0,35,0,168,3
2026-07-21,S01,P402,0,0.0,42,0,168,2
2026-07-22,S01,P402,0,0.0,30,0,168,3
2026-07-23,S01,P402,0,60.0,28,32,168,1
2026-07-24,S01,P402,32,0.0,42,0,168,2
2026-07-25,S01,P402,0,0.0,51,0,168,1
2026-07-26,S01,P402,0,0.0,34,0,168,4
2026-07-27,S01,P402,0,0.0,28,0,168,1
2026-07-28,S01,P402,0,0.0,23,0,168,3
2026-07-29,S01,P402,0,0.0,35,0,168,2
2026-07-30,S01,P402,0,0.0,31,0,168,1
2026-07-31,S01,P402,0,105.0,45,60,168,3
2026-08-01,S01,P402,60,0.0,34,26,168,4
2026-08-02,S01,P402,26,0.0,23,3,168,1
2026-08-03,S01,P402,3,98.0,32,69,168,4
2026-08-04,S01,P402,69,0.0,27,42,168,1
2026-08-05,S01,P402,42,90.0,44,88,168,4
2026-08-06,S01,P402,88,0.0,33,55,168,2
2026-08-07,S01,P402,55,0.0,30,25,168,3
2026-08-08,S01,P402,25,74.0,30,69,168,1
2026-08-09,S01,P402,69,0.0,31,38,168,3
2026-08-10,S01,P402,38,0.0,31,7,168,4
2026-08-11,S01,P402,7,0.0,29,0,168,4
2026-08-12,S01,P402,0,0.0,28,0,168,2
2026-08-13,S01,P402,0,0.0,26,0,168,3
2026-08-14,S01,P402,0,0.0,38,25,168,1
2026-08-15,S01,P402,0,0.0,32,0,168,1
2026-08-16,S01,P402,0,0.0,40,0,168,3
2026-08-17,S01,P402,0,0.0,36,0,168,4
2026-08-18,S01,P402,0,0.0,32,0,168,4
2026-08-19,S01,P402,0,0.0,32,0,168,4
2026-08-20,S01,P402,0,62.0,29,33,168,4
2026-08-21,S01,P402,33,0.0,32,1,168,4
2026-08-22,S01,P402,1,0.0,33,0,168,1
2026-08-23,S01,P402,0,0.0,36,0,168,3
2026-08-24,S01,P402,0,0.0,22,0,168,4
2026-08-25,S01,P402,0,0.0,31,0,168,2
2026-08-26,S01,P402,0,0.0,28,0,168,1
2026-08-27,S01,P402,0,0.0,35,0,168,1
2026-08-28,S01,P402,0,0.0,32,0,168,1
2026-08-29,S01,P402,0,0.0,30,0,168,2
2026-08-30,S01,P402,0,0.0,30,0,168,1
2026-08-31,S01,P402,0,0.0,26,0,168,1
2026-07-01,S01,P403,256,0.0,20,236,89,3
2026-07-02,S01,P403,236,0.0,14,222,89,3
2026-07-03,S01,P403,222,0.0,17,205,89,3
2026-07-04,S01,P403,205,0.0,20,185,89,1
2026-07-05,S01,P403,185,0.0,14,171,89,1
2026-07-06,S01,P403,171,0.0,16,155,89,4
2026-07-07,S01,P403,155,0.0,4,151,89,1
2026-07-08,S01,P403,151,55.0,14,192,89,2
2026-07-09,S01,P403,192,0.0,19,173,89,3
2026-07-10,S01,P403,173,0.0,19,154,89,4
2026-07-11,S01,P403,154,155.0,13,296,89,2
2026-07-12,S01,P403,296,0.0,26,270,89,3
2026-07-13,S01,P403,270,0.0,17,253,89,3
2026-07-14,S01,P403,253,0.0,20,233,89,2
2026-07-15,S01,P403,233,32.0,18,247,89,2
2026-07-16,S01,P403,247,0.0,15,232,89,3
2026-07-17,S01,P403,232,153.0,19,366,89,2
2026-07-18,S01,P403,366,0.0,15,351,89,1
2026-07-19,S01,P403,351,0.0,16,335,89,3
2026-07-20,S01,P403,335,0.0,10,325,89,2
2026-07-21,S01,P403,325,0.0,14,311,89,1
2026-07-22,S01,P403,311,18.0,21,308,89,4
2026-07-23,S01,P403,308,0.0,7,301,89,1
2026-07-24,S01,P403,301,0.0,17,284,89,4
2026-07-25,S01,P403,284,0.0,8,276,89,1
2026-07-26,S01,P403,276,0.0,19,257,89,4
2026-07-27,S01,P403,257,71.0,18,310,89,4
2026-07-28,S01,P403,310,0.0,19,291,89,1
2026-07-29,S01,P403,291,0.0,16,275,89,4
2026-07-30,S01,P403,275,0.0,14,261,89,3
2026-07-31,S01,P403,261,107.0,13,355,89,2
2026-08-01,S01,P403,355,0.0,13,342,89,4
2026-08-02,S01,P403,342,0.0,19,323,89,3
2026-08-03,S01,P403,323,0.0,16,307,89,4
2026-08-04,S01,P403,307,0.0,16,291,89,2
2026-08-05,S01,P403,291,0.0,20,271,89,4
2026-08-06,S01,P403,271,0.0,16,255,89,2
2026-08-07,S01,P403,255,0.0,20,235,89,3
2026-08-08,S01,P403,235,0.0,18,217,89,1
2026-08-09,S01,P403,217,0.0,16,201,89,4
2026-08-10,S01,P403,201,0.0,21,180,89,2
2026-08-11,S01,P403,180,0.0,18,162,89,2
2026-08-12,S01,P403,162,62.0,17,207,89,1
2026-08-13,S01,P403,207,0.0,13,194,89,3
2026-08-14,S01,P403,194,0.0,13,181,89,1
2026-08-15,S01,P403,181,0.0,21,160,89,1
2026-08-16,S01,P403,160,50.0,15,195,89,4
2026-08-17,S01,P403,195,0.0,20,175,89,1
2026-08-18,S01,P403,175,0.0,16,159,89,2
2026-08-19,S01,P403,159,0.0,21,138,89,4
2026-08-20,S01,P403,138,0.0,13,125,89,3
2026-08-21,S01,P403,125,0.0,20,105,89,4
2026-08-22,S01,P403,105,0.0,16,89,89,3
2026-08-23,S01,P403,89,23.0,21,91,89,1
2026-08-24,S01,P403,91,0.0,15,76,89,1
2026-08-25,S01,P403,76,0.0,20,56,89,2
2026-08-26,S01,P403,56,0.0,19,37,89,4
2026-08-27,S01,P403,37,0.0,17,20,89,4
2026-08-28,S01,P403,20,0.0,17,3,89,1
2026-08-29,S01,P403,3,0.0,15,0,89,3
2026-08-30,S01,P403,0,0.0,27,0,89,4
2026-08-31,S01,P403,0,0.0,16,0,89,1
2026-07-01,S01,P404,108,0.0,0,108,40,2
2026-07-02,S01,P404,108,0.0,0,108,40,2
2026-07-03,S01,P404,108,0.0,0,108,40,2
2026-07-04,S01,P404,108,0.0,0,108,40,4
2026-07-05,S01,P404,108,0.0,0,108,40,3
2026-07-06,S01,P404,108,0.0,0,108,40,2
2026-07-07,S01,P404,108,0.0,0,108,40,1
2026-07-08,S01,P404,108,0.0,0,108,40,2
2026-07-09,S01,P404,108,0.0,0,108,40,4
2026-07-10,S01,P404,108,0.0,0,108,40,1
2026-07-11,S01,P404,108,0.0,0,108,40,4
2026-07-12,S01,P404,108,0.0,0,108,40,1
2026-07-13,S01,P404,108,0.0,0,108,40,1
2026-07-14,S01,P404,108,0.0,0,108,40,3
2026-07-15,S01,P404,108,0.0,0,108,40,1
2026-07-16,S01,P404,108,0.0,0,108,40,2
2026-07-17,S01,P404,108,0.0,0,108,40,4
2026-07-18,S01,P404,108,0.0,0,108,40,1
2026-07-19,S01,P404,108,102.0,0,210,40,3
2026-07-20,S01,P404,210,0.0,0,210,40,3
2026-07-21,S01,P404,210,0.0,0,210,40,4
2026-07-22,S01,P404,210,76.0,0,286,40,2
2026-07-23,S01,P404,286,0.0,0,286,40,4
2026-07-24,S01,P404,286,0.0,0,286,40,4
2026-07-25,S01,P404,286,0.0,0,286,40,4
2026-07-26,S01,P404,286,0.0,0,286,40,2
2026-07-27,S01,P404,286,0.0,0,286,40,4
2026-07-28,S01,P404,286,0.0,0,286,40,3
2026-07-29,S01,P404,286,0.0,0,286,40,4
2026-07-30,S01,P404,286,0.0,0,286,40,3
2026-07-31,S01,P404,286,0.0,0,286,40,3
2026-08-01,S01,P404,286,0.0,0,286,40,2
2026-08-02,S01,P404,286,0.0,0,286,40,1
2026-08-03,S01,P404,286,0.0,0,286,40,3
2026-08-04,S01,P404,286,0.0,0,286,40,3
2026-08-05,S01,P404,286,0.0,0,286,40,3
2026-08-06,S01,P404,286,0.0,0,286,40,2
2026-08-07,S01,P404,286,0.0,0,286,40,3
2026-08-08,S01,P404,286,43.0,0,329,40,3
2026-08-09,S01,P404,329,0.0,0,329,40,1
2026-08-10,S01,P404,329,0.0,0,329,40,4
2026-08-11,S01,P404,329,0.0,0,329,40,2
2026-08-12,S01,P404,329,0.0,0,329,40,2
2026-08-13,S01,P404,329,0.0,0,329,40,3
2026-08-14,S01,P404,329,0.0,0,329,40,4
2026-08-15,S01,P404,329,0.0,0,329,40,4
2026-08-16,S01,P404,329,0.0,0,329,40,2
2026-08-17,S01,P404,329,0.0,0,329,40,2
2026-08-18,S01,P404,329,0.0,0,329,40,2
2026-08-19,S01,P404,329,0.0,0,329,40,3
2026-08-20,S01,P404,329,67.0,0,396,40,3
2026-08-21,S01,P404,396,0.0,0,396,40,2
2026-08-22,S01,P404,396,0.0,0,396,40,3
2026-08-23,S01,P404,396,0.0,0,396,40,3
2026-08-24,S01,P404,396,0.0,0,396,40,2
2026-08-25,S01,P404,396,0.0,0,396,40,4
2026-08-26,S01,P404,396,0.0,0,396,40,1
2026-08-27,S01,P404,396,0.0,8,388,40,1
2026-08-28,S01,P404,388,0.0,2,386,40,3
2026-08-29,S01,P404,386,0.0,8,378,40,1
2026-08-30,S01,P404,378,0.0,3,375,40,1
2026-08-31,S01,P404,375,0.0,2,373,40,2
2026-07-01,S01,P501,371,0.0,12,359,56,2
2026-07-02,S01,P501,359,0.0,10,349,56,4
2026-07-03,S01,P501,349,0.0,11,338,56,1
2026-07-04,S01,P501,338,0.0,10,328,56,2
2026-07-05,S01,P501,328,0.0,15,313,56,2
2026-07-06,S01,P501,313,0.0,7,306,56,3
2026-07-07,S01,P501,306,0.0,10,296,56,4
2026-07-08,S01,P501,296,0.0,11,285,56,4
2026-07-09,S01,P501,285,0.0,7,278,56,4
2026-07-10,S01,P501,278,12.0,8,282,56,4
2026-07-11,S01,P501,282,0.0,11,271,56,3
2026-07-12,S01,P501,271,0.0,8,263,56,2
2026-07-13,S01,P501,263,0.0,12,251,56,2
2026-07-14,S01,P501,251,0.0,10,241,56,3
2026-07-15,S01,P501,241,0.0,14,227,56,4
2026-07-16,S01,P501,227,0.0,11,216,56,1
2026-07-17,S01,P501,216,0.0,7,209,56,1
2026-07-18,S01,P501,209,0.0,8,201,56,4
2026-07-19,S01,P501,201,0.0,20,181,56,1
2026-07-20,S01,P501,181,0.0,6,175,56,4
2026-07-21,S01,P501,175,0.0,8,167,56,3
2026-07-22,S01,P501,167,0.0,10,157,56,2
2026-07-23,S01,P501,157,0.0,8,149,56,2
2026-07-24,S01,P501,149,0.0,13,136,56,2
2026-07-25,S01,P501,136,0.0,8,128,56,1
2026-07-26,S01,P501,128,100.0,10,218,56,1
2026-07-27,S01,P501,218,0.0,5,213,56,4
2026-07-28,S01,P501,213,0.0,15,198,56,1
2026-07-29,S01,P501,198,0.0,7,191,56,4
2026-07-30,S01,P501,191,0.0,7,184,56,3
2026-07-31,S01,P501,184,0.0,7,177,56,1
2026-08-01,S01,P501,177,0.0,12,165,56,4
2026-08-02,S01,P501,165,0.0,10,155,56,4
2026-08-03,S01,P501,155,0.0,10,145,56,4
2026-08-04,S01,P501,145,0.0,13,132,56,4
2026-08-05,S01,P501,132,0.0,10,122,56,2
2026-08-06,S01,P501,122,0.0,11,111,56,4
2026-08-07,S01,P501,111,0.0,16,95,56,4
2026-08-08,S01,P501,95,0.0,12,83,56,2
2026-08-09,S01,P501,83,0.0,11,72,56,3
2026-08-10,S01,P501,72,0.0,12,60,56,4
2026-08-11,S01,P501,60,34.0,13,81,56,4
2026-08-12,S01,P501,81,0.0,10,71,56,3
2026-08-13,S01,P501,71,33.0,5,99,56,3
2026-08-14,S01,P501,99,0.0,15,84,56,1
2026-08-15,S01,P501,84,129.0,12,201,56,3
2026-08-16,S01,P501,201,0.0,17,184,56,1
2026-08-17,S01,P501,184,0.0,15,169,56,2
2026-08-18,S01,P501,169,0.0,6,163,56,1
2026-08-19,S01,P501,163,0.0,15,148,56,1
2026-08-20,S01,P501,148,0.0,12,136,56,2
2026-08-21,S01,P501,136,0.0,3,133,56,2
2026-08-22,S01,P501,133,0.0,14,119,56,3
2026-08-23,S01,P501,119,0.0,7,112,56,3
2026-08-24,S01,P501,112,0.0,10,102,56,3
2026-08-25,S01,P501,102,0.0,10,92,56,2
2026-08-26,S01,P501,92,0.0,11,81,56,4
2026-08-27,S01,P501,81,66.0,11,136,56,3
2026-08-28,S01,P501,136,0.0,13,123,56,2
2026-08-29,S01,P501,123,0.0,4,119,56,1
2026-08-30,S01,P501,119,0.0,16,103,56,1
2026-08-31,S01,P501,103,0.0,10,93,56,1
2026-07-01,S01,P502,412,0.0,5,407,44,3
2026-07-02,S01,P502,407,0.0,4,403,44,4
2026-07-03,S01,P502,403,0.0,6,397,44,1
2026-07-04,S01,P502,397,0.0,9,388,44,2
2026-07-05,S01,P502,388,0.0,10,378,44,3
2026-07-06,S01,P502,378,0.0,6,372,44,2
2026-07-07,S01,P502,372,63.0,4,431,44,3
2026-07-08,S01,P502,431,0.0,8,423,44,1
2026-07-09,S01,P502,423,0.0,4,419,44,1
2026-07-10,S01,P502,419,0.0,10,409,44,1
2026-07-11,S01,P502,409,0.0,7,402,44,1
2026-07-12,S01,P502,402,0.0,8,394,44,1
2026-07-13,S01,P502,394,137.0,5,526,44,4
2026-07-14,S01,P502,526,0.0,8,518,44,4
2026-07-15,S01,P502,518,0.0,4,514,44,1
2026-07-16,S01,P502,514,0.0,6,508,44,3
2026-07-17,S01,P502,508,0.0,8,500,44,1
2026-07-18,S01,P502,500,0.0,7,493,44,4
2026-07-19,S01,P502,493,0.0,8,485,44,4
2026-07-20,S01,P502,485,0.0,9,476,44,2
2026-07-21,S01,P502,476,0.0,8,468,44,4
2026-07-22,S01,P502,468,0.0,4,464,44,3
2026-07-23,S01,P502,464,46.0,6,504,44,3
2026-07-24,S01,P502,504,0.0,8,496,44,4
2026-07-25,S01,P502,496,0.0,8,488,44,1
2026-07-26,S01,P502,488,0.0,8,480,44,3
2026-07-27,S01,P502,480,0.0,10,470,44,3
2026-07-28,S01,P502,470,0.0,10,460,44,4
2026-07-29,S01,P502,460,0.0,6,454,44,4
2026-07-30,S01,P502,454,0.0,5,449,44,2
2026-07-31,S01,P502,449,0.0,6,443,44,3
2026-08-01,S01,P502,443,0.0,11,432,44,2
2026-08-02,S01,P502,432,0.0,6,426,44,4
2026-08-03,S01,P502,426,0.0,11,415,44,4
2026-08-04,S01,P502,415,0.0,6,409,44,4
2026-08-05,S01,P502,409,0.0,10,399,44,2
2026-08-06,S01,P502,399,0.0,6,393,44,3
2026-08-07,S01,P502,393,0.0,4,389,44,1
2026-08-08,S01,P502,389,0.0,7,382,44,1
2026-08-09,S01,P502,382,0.0,10,372,44,1
2026-08-10,S01,P502,372,0.0,9,363,44,2
2026-08-11,S01,P502,363,0.0,10,353,44,3
2026-08-12,S01,P502,353,0.0,7,346,44,4
2026-08-13,S01,P502,346,0.0,5,341,44,1
2026-08-14,S01,P502,341,0.0,7,334,44,4
2026-08-15,S01,P502,334,0.0,4,330,44,2
2026-08-16,S01,P502,330,72.0,11,391,44,3
2026-08-17,S01,P502,391,0.0,12,379,44,1
2026-08-18,S01,P502,379,0.0,9,370,44,2
2026-08-19,S01,P502,370,72.0,8,434,44,3
2026-08-20,S01,P502,434,0.0,4,430,44,2
2026-08-21,S01,P502,430,0.0,7,423,44,4
2026-08-22,S01,P502,423,0.0,7,416,44,1
2026-08-23,S01,P502,416,0.0,9,407,44,4
2026-08-24,S01,P502,407,0.0,9,398,44,1
2026-08-25,S01,P502,398,0.0,4,394,44,3
2026-08-26,S01,P502,394,0.0,15,379,44,4
2026-08-27,S01,P502,379,0.0,10,369,44,2
2026-08-28,S01,P502,369,0.0,9,360,44,1
2026-08-29,S01,P502,360,0.0,6,354,44,4
2026-08-30,S01,P502,354,54.0,11,397,44,1
2026-08-31,S01,P502,397,0.0,12,385,44,4
2026-07-01,S01,P503,116,0.0,14,102,67,3
2026-07-02,S01,P503,102,0.0,18,84,67,4
2026-07-03,S01,P503,84,0.0,8,76,67,3
2026-07-04,S01,P503,76,0.0,16,60,67,1
2026-07-05,S01,P503,60,0.0,13,47,67,3
2026-07-06,S01,P503,47,0.0,12,35,67,4
2026-07-07,S01,P503,35,0.0,16,19,67,4
2026-07-08,S01,P503,19,0.0,13,6,67,1
2026-07-09,S01,P503,6,0.0,10,0,67,1
2026-07-10,S01,P503,0,0.0,11,0,67,3
2026-07-11,S01,P503,0,0.0,18,0,67,4
2026-07-12,S01,P503,0,33.0,14,19,67,2
2026-07-13,S01,P503,19,19.0,11,27,67,1
2026-07-14,S01,P503,27,158.0,8,177,67,1
2026-07-15,S01,P503,177,0.0,14,163,67,1
2026-07-16,S01,P503,163,0.0,12,151,67,1
2026-07-17,S01,P503,151,0.0,11,140,67,1
2026-07-18,S01,P503,140,0.0,7,133,67,4
2026-07-19,S01,P503,133,0.0,12,121,67,2
2026-07-20,S01,P503,121,0.0,8,113,67,3
2026-07-21,S01,P503,113,0.0,11,102,67,2
2026-07-22,S01,P503,102,0.0,10,92,67,2
2026-07-23,S01,P503,92,0.0,16,76,67,1
2026-07-24,S01,P503,76,0.0,9,67,67,1
2026-07-25,S01,P503,67,0.0,16,51,67,2
2026-07-26,S01,P503,51,0.0,13,38,67,1
2026-07-27,S01,P503,38,0.0,12,26,67,3
2026-07-28,S01,P503,26,0.0,16,10,67,2
2026-07-29,S01,P503,10,0.0,12,0,67,4
2026-07-30,S01,P503,0,0.0,7,0,67,1
2026-07-31,S01,P503,0,0.0,14,0,67,4
2026-08-01,S01,P503,0,0.0,15,0,67,1
2026-08-02,S01,P503,0,0.0,19,0,67,1
2026-08-03,S01,P503,0,0.0,14,0,67,2
2026-08-04,S01,P503,0,0.0,11,0,67,2
2026-08-05,S01,P503,0,0.0,16,0,67,3
2026-08-06,S01,P503,0,0.0,15,0,67,1
2026-08-07,S01,P503,0,0.0,12,0,67,3
2026-08-08,S01,P503,0,0.0,18,0,67,3
2026-08-09,S01,P503,0,120.0,4,116,67,3
2026-08-10,S01,P503,116,0.0,14,102,67,2
2026-08-11,S01,P503,102,0.0,7,95,67,2
2026-08-12,S01,P503,95,0.0,13,82,67,1
2026-08-13,S01,P503,82,0.0,11,71,67,4
2026-08-14,S01,P503,71,0.0,11,60,67,3
2026-08-15,S01,P503,60,0.0,17,43,67,2
2026-08-16,S01,P503,43,0.0,14,29,67,3
2026-08-17,S01,P503,29,0.0,10,19,67,3
2026-08-18,S01,P503,19,0.0,15,4,67,2
2026-08-19,S01,P503,4,0.0,14,0,67,4
2026-08-20,S01,P503,0,0.0,11,0,67,2
2026-08-21,S01,P503,0,118.0,14,104,67,4
2026-08-22,S01,P503,104,0.0,10,94,67,2
2026-08-23,S01,P503,94,0.0,13,81,67,3
2026-08-24,S01,P503,81,0.0,8,73,67,2
2026-08-25,S01,P503,73,0.0,18,55,67,2
2026-08-26,S01,P503,55,0.0,7,48,67,3
2026-08-27,S01,P503,48,0.0,14,34,67,2
2026-08-28,S01,P503,34,15.0,10,39,67,1
2026-08-29,S01,P503,39,0.0,9,30,67,3
2026-08-30,S01,P503,30,0.0,12,18,67,2
2026-08-31,S01,P503,18,0.0,6,12,67,3
2026-07-01,S01,P601,83,0.0,18,65,78,4
2026-07-02,S01,P601,65,0.0,8,57,78,1
2026-07-03,S01,P601,57,0.0,15,42,78,2
2026-07-04,S01,P601,42,0.0,17,25,78,3
2026-07-05,S01,P601,25,0.0,18,7,78,2
2026-07-06,S01,P601,7,0.0,17,0,78,2
2026-07-07,S01,P601,0,0.0,20,0,78,1
2026-07-08,S01,P601,0,0.0,9,0,78,4
2026-07-09,S01,P601,0,0.0,12,0,78,2
2026-07-10,S01,P601,0,0.0,14,0,78,4
2026-07-11,S01,P601,0,0.0,13,0,78,3
2026-07-12,S01,P601,0,0.0,23,0,78,2
2026-07-13,S01,P601,0,0.0,18,0,78,3
2026-07-14,S01,P601,0,0.0,17,0,78,3
2026-07-15,S01,P601,0,0.0,17,0,78,1
2026-07-16,S01,P601,0,0.0,9,0,78,3
2026-07-17,S01,P601,0,0.0,10,0,78,2
2026-07-18,S01,P601,0,0.0,20,0,78,4
2026-07-19,S01,P601,0,0.0,14,0,78,3
2026-07-20,S01,P601,0,0.0,16,0,78,4
2026-07-21,S01,P601,0,0.0,14,0,78,1
2026-07-22,S01,P601,0,0.0,18,0,78,4
2026-07-23,S01,P601,0,0.0,16,0,78,3
2026-07-24,S01,P601,0,0.0,13,0,78,4
2026-07-25,S01,P601,0,0.0,21,0,78,3
2026-07-26,S01,P601,0,0.0,19,0,78,3
2026-07-27,S01,P601,0,0.0,11,0,78,3
2026-07-28,S01,P601,0,,15,0,78,3
2026-07-29,S01,P601,0,0.0,15,0,78,4
2026-07-30,S01,P601,0,0.0,18,0,78,2
2026-07-31,S01,P601,0,0.0,15,0,78,2
2026-08-01,S01,P601,0,0.0,19,0,78,1
2026-08-02,S01,P601,0,0.0,19,0,78,1
2026-08-03,S01,P601,0,0.0,13,0,78,1
2026-08-04,S01,P601,0,0.0,5,0,78,1
2026-08-05,S01,P601,0,0.0,18,0,78,1
2026-08-06,S01,P601,0,0.0,14,0,78,2
2026-08-07,S01,P601,0,1.0,6,0,78,3
2026-08-08,S01,P601,0,0.0,16,0,78,1
2026-08-09,S01,P601,0,0.0,15,0,78,4
2026-08-10,S01,P601,0,0.0,23,0,78,1
2026-08-11,S01,P601,0,0.0,10,0,78,3
2026-08-12,S01,P601,0,0.0,15,0,78,3
2026-08-13,S01,P601,0,0.0,11,0,78,2
2026-08-14,S01,P601,0,0.0,17,0,78,1
2026-08-15,S01,P601,0,0.0,21,0,78,1
2026-08-16,S01,P601,0,0.0,17,0,78,1
2026-08-17,S01,P601,0,0.0,9,0,78,2
2026-08-18,S01,P601,0,0.0,12,0,78,3
2026-08-19,S01,P601,0,0.0,14,0,78,4
2026-08-20,S01,P601,0,0.0,10,0,78,3
2026-08-21,S01,P601,0,0.0,19,0,78,4
2026-08-22,S01,P601,0,0.0,18,0,78,4
2026-08-23,S01,P601,0,0.0,19,0,78,4
2026-08-24,S01,P601,0,0.0,26,0,78,2
2026-08-25,S01,P601,0,0.0,18,0,78,3
2026-08-26,S01,P601,0,0.0,18,0,78,1
2026-08-27,S01,P601,0,0.0,16,0,78,2
2026-08-28,S01,P601,0,0.0,10,0,78,1
2026-08-29,S01,P601,0,0.0,18,0,78,1
2026-08-30,S01,P601,0,0.0,19,0,78,3
2026-08-31,S01,P601,0,113.0,12,101,78,1
2026-07-01,S02,P101,441,0.0,40,401,178,2
2026-07-02,S02,P101,401,39.0,34,406,178,3
2026-07-03,S02,P101,406,0.0,27,379,178,4
2026-07-04,S02,P101,379,0.0,36,343,178,1
2026-07-05,S02,P101,343,0.0,36,307,178,1
2026-07-06,S02,P101,307,0.0,33,274,178,1
2026-07-07,S02,P101,274,0.0,39,235,178,2
2026-07-08,S02,P101,235,48.0,30,253,178,1
2026-07-09,S02,P101,253,0.0,35,218,178,4
2026-07-10,S02,P101,218,0.0,32,186,178,3
2026-07-11,S02,P101,186,0.0,39,147,178,1
2026-07-12,S02,P101,147,0.0,37,110,178,1
2026-07-13,S02,P101,110,0.0,29,81,178,4
2026-07-14,S02,P101,81,0.0,33,48,178,4
2026-07-15,S02,P101,48,0.0,39,9,178,1
2026-07-16,S02,P101,9,0.0,22,0,178,4
2026-07-17,S02,P101,0,0.0,34,0,178,3
2026-07-18,S02,P101,0,0.0,36,0,178,3
2026-07-19,S02,P101,0,112.0,55,57,178,1
2026-07-20,S02,P101,57,0.0,37,20,178,3
2026-07-21,S02,P101,20,0.0,21,0,178,3
2026-07-22,S02,P101,0,0.0,33,0,178,2
2026-07-23,S02,P101,0,0.0,23,0,178,4
2026-07-24,S02,P101,0,0.0,36,0,178,4
2026-07-25,S02,P101,0,0.0,40,0,178,4
2026-07-26,S02,P101,0,0.0,34,0,178,1
2026-07-27,S02,P101,0,0.0,35,0,178,3
2026-07-28,S02,P101,0,0.0,34,0,178,4
2026-07-29,S02,P101,0,0.0,23,0,178,4
2026-07-30,S02,P101,0,0.0,22,0,178,4
2026-07-31,S02,P101,0,0.0,30,0,178,4
2026-08-01,S02,P101,0,0.0,33,0,178,1
2026-08-02,S02,P101,0,0.0,36,0,178,1
2026-08-03,S02,P101,0,0.0,21,0,178,2
2026-08-04,S02,P101,0,24.0,36,0,178,3
2026-08-05,S02,P101,0,0.0,38,0,178,3
2026-08-06,S02,P101,0,66.0,37,29,178,3
2026-08-07,S02,P101,29,0.0,35,0,178,2
2026-08-08,S02,P101,0,0.0,39,0,178,1
2026-08-09,S02,P101,0,0.0,32,0,178,2
2026-08-10,S02,P101,0,0.0,26,0,178,3
2026-08-11,S02,P101,0,0.0,32,0,178,3
2026-08-12,S02,P101,0,0.0,39,0,178,4
2026-08-13,S02,P101,0,56.0,27,29,178,4
2026-08-14,S02,P101,29,0.0,43,0,178,4
2026-08-15,S02,P101,0,0.0,46,0,178,2
2026-08-16,S02,P101,0,0.0,41,0,178,1
2026-08-17,S02,P101,0,0.0,29,0,178,1
2026-08-18,S02,P101,0,0.0,34,0,178,1
2026-08-19,S02,P101,0,0.0,28,0,178,1
2026-08-20,S02,P101,0,0.0,40,0,178,2
2026-08-21,S02,P101,0,44.0,30,14,178,2
2026-08-22,S02,P101,14,0.0,39,0,178,3
2026-08-23,S02,P101,0,0.0,38,0,178,3
2026-08-24,S02,P101,0,17.0,42,0,178,4
2026-08-25,S02,P101,0,0.0,28,0,178,2
2026-08-26,S02,P101,0,0.0,25,0,178,1
2026-08-27,S02,P101,0,0.0,33,0,178,4
2026-08-28,S02,P101,0,0.0,33,0,178,4
2026-08-29,S02,P101,0,94.0,36,58,178,1
2026-08-30,S02,P101,58,0.0,39,19,178,3
2026-08-31,S02,P101,19,0.0,29,0,178,3
2026-07-01,S02,P102,387,0.0,23,364,121,1
2026-07-02,S02,P102,364,150.0,13,501,121,4
2026-07-03,S02,P102,501,0.0,23,478,121,4
2026-07-04,S02,P102,478,0.0,35,443,121,3
2026-07-05,S02,P102,443,0.0,24,419,121,4
2026-07-06,S02,P102,419,0.0,12,407,121,4
2026-07-07,S02,P102,407,156.0,23,540,121,4
2026-07-08,S02,P102,540,0.0,28,512,121,2
2026-07-09,S02,P102,512,0.0,21,491,121,2
2026-07-10,S02,P102,491,0.0,24,467,121,4
2026-07-11,S02,P102,467,12.0,25,454,121,2
2026-07-12,S02,P102,454,0.0,37,417,121,2
2026-07-13,S02,P102,417,0.0,24,393,121,3
2026-07-14,S02,P102,393,0.0,17,376,121,2
2026-07-15,S02,P102,376,0.0,19,357,121,2
2026-07-16,S02,P102,357,116.0,21,452,121,2
2026-07-17,S02,P102,452,0.0,22,430,121,4
2026-07-18,S02,P102,430,80.0,21,489,121,4
2026-07-19,S02,P102,489,0.0,30,459,121,3
2026-07-20,S02,P102,459,0.0,26,433,121,2
2026-07-21,S02,P102,433,0.0,19,414,121,4
2026-07-22,S02,P102,414,0.0,19,395,121,4
2026-07-23,S02,P102,395,0.0,24,371,121,3
2026-07-24,S02,P102,371,0.0,25,346,121,4
2026-07-25,S02,P102,346,0.0,16,330,121,2
2026-07-26,S02,P102,330,0.0,28,302,121,4
2026-07-27,S02,P102,302,0.0,23,279,121,4
2026-07-28,S02,P102,279,0.0,26,253,121,4
2026-07-29,S02,P102,253,0.0,20,233,121,1
2026-07-30,S02,P102,233,0.0,21,212,121,1
2026-07-31,S02,P102,212,0.0,26,186,121,3
2026-08-01,S02,P102,186,0.0,24,162,121,3
2026-08-02,S02,P102,162,0.0,13,149,121,2
2026-08-03,S02,P102,149,0.0,23,126,121,2
2026-08-04,S02,P102,126,0.0,28,98,121,2
2026-08-05,S02,P102,98,0.0,23,75,121,3
2026-08-06,S02,P102,75,0.0,13,62,121,1
2026-08-07,S02,P102,62,0.0,30,32,121,4
2026-08-08,S02,P102,32,0.0,26,6,121,1
2026-08-09,S02,P102,6,90.0,25,71,121,4
2026-08-10,S02,P102,71,0.0,20,51,121,2
2026-08-11,S02,P102,51,0.0,21,30,121,4
2026-08-12,S02,P102,30,0.0,26,4,121,1
2026-08-13,S02,P102,4,0.0,19,0,121,2
2026-08-14,S02,P102,0,0.0,20,0,121,4
2026-08-15,S02,P102,0,0.0,31,0,121,1
2026-08-16,S02,P102,0,0.0,29,0,121,3
2026-08-17,S02,P102,0,0.0,16,0,121,2
2026-08-18,S02,P102,0,0.0,22,0,121,2
2026-08-19,S02,P102,0,0.0,24,0,121,4
2026-08-20,S02,P102,0,0.0,11,0,121,3
2026-08-21,S02,P102,0,0.0,30,0,121,2
2026-08-22,S02,P102,0,0.0,24,0,121,1
2026-08-23,S02,P102,0,6.0,28,0,121,2
2026-08-24,S02,P102,0,0.0,25,0,121,4
2026-08-25,S02,P102,0,56.0,24,32,121,1
2026-08-26,S02,P102,32,0.0,22,10,121,2
2026-08-27,S02,P102,10,0.0,22,0,121,4
2026-08-28,S02,P102,0,0.0,25,0,121,2
2026-08-29,S02,P102,0,52.0,21,31,121,2
2026-08-30,S02,P102,31,0.0,26,5,121,3
2026-08-31,S02,P102,5,0.0,17,0,121,1
2026-07-01,S02,P103,327,0.0,10,317,64,4
2026-07-02,S02,P103,317,0.0,15,302,64,1
2026-07-03,S02,P103,302,0.0,13,289,64,3
2026-07-04,S02,P103,289,0.0,16,273,64,1
2026-07-05,S02,P103,273,0.0,13,260,64,4
2026-07-06,S02,P103,260,0.0,15,245,64,2
2026-07-07,S02,P103,245,0.0,12,233,64,4
2026-07-08,S02,P103,233,0.0,7,226,64,3
2026-07-09,S02,P103,226,0.0,15,211,64,4
2026-07-10,S02,P103,211,0.0,13,198,64,2
2026-07-11,S02,P103,198,0.0,12,186,64,1
2026-07-12,S02,P103,186,0.0,14,172,64,1
2026-07-13,S02,P103,172,107.0,15,264,64,1
2026-07-14,S02,P103,264,0.0,18,246,64,4
2026-07-15,S02,P103,246,0.0,8,238,64,4
2026-07-16,S02,P103,238,120.0,7,351,64,3
2026-07-17,S02,P103,351,0.0,17,334,64,2
2026-07-18,S02,P103,334,0.0,20,314,64,4
2026-07-19,S02,P103,314,0.0,8,306,64,1
2026-07-20,S02,P103,306,0.0,12,294,64,4
2026-07-21,S02,P103,294,0.0,14,280,64,2
2026-07-22,S02,P103,280,0.0,8,272,64,1
2026-07-23,S02,P103,272,0.0,10,262,64,2
2026-07-24,S02,P103,262,0.0,11,251,64,4
2026-07-25,S02,P103,251,0.0,13,238,64,2
2026-07-26,S02,P103,238,0.0,11,227,64,2
2026-07-27,S02,P103,227,0.0,18,209,64,2
2026-07-28,S02,P103,209,0.0,13,196,64,4
2026-07-29,S02,P103,196,0.0,12,184,64,2
2026-07-30,S02,P103,184,0.0,13,171,64,2
2026-07-31,S02,P103,171,0.0,11,160,64,4
2026-08-01,S02,P103,160,0.0,18,142,64,1
2026-08-02,S02,P103,142,0.0,9,133,64,4
2026-08-03,S02,P103,133,0.0,12,121,64,1
2026-08-04,S02,P103,121,0.0,7,114,64,1
2026-08-05,S02,P103,114,0.0,15,99,64,1
2026-08-06,S02,P103,99,0.0,11,88,64,4
2026-08-07,S02,P103,88,148.0,8,228,64,1
2026-08-08,S02,P103,228,0.0,16,212,64,2
2026-08-09,S02,P103,212,53.0,17,248,64,3
2026-08-10,S02,P103,248,0.0,10,238,64,3
2026-08-11,S02,P103,238,0.0,11,227,64,1
2026-08-12,S02,P103,227,0.0,10,217,64,1
2026-08-13,S02,P103,217,106.0,11,312,64,1
2026-08-14,S02,P103,312,0.0,23,289,64,2
2026-08-15,S02,P103,289,0.0,12,277,64,4
2026-08-16,S02,P103,277,0.0,6,271,64,2
2026-08-17,S02,P103,271,0.0,8,263,64,2
2026-08-18,S02,P103,263,0.0,10,253,64,2
2026-08-19,S02,P103,253,115.0,10,358,64,2
2026-08-20,S02,P103,358,0.0,9,349,64,4
2026-08-21,S02,P103,349,0.0,12,337,64,2
2026-08-22,S02,P103,337,0.0,18,319,64,4
2026-08-23,S02,P103,319,14.0,14,319,64,4
2026-08-24,S02,P103,319,0.0,14,305,64,3
2026-08-25,S02,P103,305,0.0,11,294,64,4
2026-08-26,S02,P103,294,0.0,11,283,64,2
2026-08-27,S02,P103,283,0.0,14,269,64,2
2026-08-28,S02,P103,269,0.0,19,250,64,2
2026-08-29,S02,P103,250,0.0,8,242,64,1
2026-08-30,S02,P103,242,112.0,12,342,64,2
2026-08-31,S02,P103,342,0.0,15,327,64,3
2026-07-01,S02,P104,86,0.0,7,79,40,1
2026-07-02,S02,P104,79,127.0,5,201,40,2
2026-07-03,S02,P104,201,0.0,9,192,40,4
2026-07-04,S02,P104,192,0.0,9,183,40,2
2026-07-05,S02,P104,183,0.0,12,171,40,4
2026-07-06,S02,P104,171,0.0,6,165,40,4
2026-07-07,S02,P104,165,0.0,6,159,40,2
2026-07-08,S02,P104,159,0.0,9,150,40,4
2026-07-09,S02,P104,150,0.0,2,148,40,1
2026-07-10,S02,P104,148,0.0,3,145,40,3
2026-07-11,S02,P104,145,0.0,6,139,40,2
2026-07-12,S02,P104,139,0.0,11,128,40,2
2026-07-13,S02,P104,128,0.0,1,127,40,3
2026-07-14,S02,P104,127,0.0,5,122,40,3
2026-07-15,S02,P104,122,0.0,11,111,40,3
2026-07-16,S02,P104,111,0.0,9,102,40,2
2026-07-17,S02,P104,102,0.0,5,97,40,3
2026-07-18,S02,P104,97,0.0,12,85,40,1
2026-07-19,S02,P104,85,113.0,12,186,40,4
2026-07-20,S02,P104,186,0.0,6,180,40,2
2026-07-21,S02,P104,180,0.0,8,172,40,3
2026-07-22,S02,P104,172,70.0,5,237,40,4
2026-07-23,S02,P104,237,0.0,6,231,40,3
2026-07-24,S02,P104,231,0.0,11,220,40,3
2026-07-25,S02,P104,220,0.0,4,216,40,4
2026-07-26,S02,P104,216,0.0,9,207,40,4
2026-07-27,S02,P104,207,0.0,9,198,40,4
2026-07-28,S02,P104,198,0.0,8,190,40,2
2026-07-29,S02,P104,190,0.0,3,187,40,4
2026-07-30,S02,P104,187,0.0,5,182,40,1
2026-07-31,S02,P104,182,0.0,8,174,40,1
2026-08-01,S02,P104,174,0.0,5,169,40,1
2026-08-02,S02,P104,169,0.0,12,157,40,4
2026-08-03,S02,P104,157,0.0,11,146,40,1
2026-08-04,S02,P104,146,0.0,6,140,40,1
2026-08-05,S02,P104,140,32.0,4,168,40,2
2026-08-06,S02,P104,168,0.0,8,160,40,2
2026-08-07,S02,P104,160,0.0,13,147,40,4
2026-08-08,S02,P104,147,0.0,15,132,40,2
2026-08-09,S02,P104,132,0.0,10,122,40,2
2026-08-10,S02,P104,122,0.0,5,117,40,3
2026-08-11,S02,P104,117,0.0,6,111,40,3
2026-08-12,S02,P104,111,0.0,10,101,40,3
2026-08-13,S02,P104,101,143.0,6,238,40,1
2026-08-14,S02,P104,238,0.0,4,234,40,1
2026-08-15,S02,P104,234,0.0,6,228,40,4
2026-08-16,S02,P104,228,0.0,4,224,40,4
2026-08-17,S02,P104,224,0.0,8,216,40,1
2026-08-18,S02,P104,216,0.0,7,209,40,2
2026-08-19,S02,P104,209,0.0,8,201,40,4
2026-08-20,S02,P104,201,0.0,5,196,40,3
2026-08-21,S02,P104,196,0.0,7,189,40,3
2026-08-22,S02,P104,189,62.0,7,244,40,4
2026-08-23,S02,P104,244,0.0,4,240,40,2
2026-08-24,S02,P104,240,0.0,13,227,40,4
2026-08-25,S02,P104,227,0.0,9,218,40,2
2026-08-26,S02,P104,218,0.0,8,210,40,1
2026-08-27,S02,P104,210,0.0,4,206,40,4
2026-08-28,S02,P104,206,5.0,6,205,40,4
2026-08-29,S02,P104,205,64.0,6,263,40,1
2026-08-30,S02,P104,263,0.0,13,250,40,2
2026-08-31,S02,P104,250,0.0,4,246,40,2
2026-07-01,S02,P201,122,0.0,3,119,48,1
2026-07-02,S02,P201,119,0.0,14,105,48,2
2026-07-03,S02,P201,105,0.0,12,93,48,2
2026-07-04,S02,P201,93,0.0,8,85,48,2
2026-07-05,S02,P201,85,0.0,10,75,48,4
2026-07-06,S02,P201,75,0.0,9,66,48,1
2026-07-07,S02,P201,66,0.0,8,58,48,3
2026-07-08,S02,P201,58,90.0,9,139,48,3
2026-07-09,S02,P201,139,27.0,9,157,48,2
2026-07-10,S02,P201,157,0.0,13,144,48,3
2026-07-11,S02,P201,144,0.0,8,136,48,3
2026-07-12,S02,P201,136,0.0,7,129,48,1
2026-07-13,S02,P201,129,0.0,9,145,48,1
2026-07-14,S02,P201,120,14.0,12,122,48,1
2026-07-15,S02,P201,122,0.0,9,113,48,4
2026-07-16,S02,P201,113,0.0,7,106,48,1
2026-07-17,S02,P201,106,0.0,14,92,48,2
2026-07-18,S02,P201,92,0.0,9,83,48,3
2026-07-19,S02,P201,83,0.0,17,66,48,4
2026-07-20,S02,P201,66,0.0,6,60,48,2
2026-07-21,S02,P201,60,0.0,8,52,48,2
2026-07-22,S02,P201,52,46.0,7,91,48,1
2026-07-23,S02,P201,91,0.0,6,85,48,2
2026-07-24,S02,P201,85,0.0,9,76,48,1
2026-07-25,S02,P201,76,0.0,13,63,48,3
2026-07-26,S02,P201,63,0.0,9,54,48,4
2026-07-27,S02,P201,54,0.0,9,45,48,2
2026-07-28,S02,P201,45,0.0,9,36,48,2
2026-07-29,S02,P201,36,0.0,11,25,48,2
2026-07-30,S02,P201,25,0.0,11,14,48,4
2026-07-31,S02,P201,14,0.0,5,9,48,2
2026-08-01,S02,P201,9,0.0,9,0,48,4
2026-08-02,S02,P201,0,0.0,13,0,48,4
2026-08-03,S02,P201,0,0.0,11,0,48,2
2026-08-04,S02,P201,0,0.0,7,0,48,3
2026-08-05,S02,P201,0,24.0,5,19,48,2
2026-08-06,S02,P201,19,0.0,6,13,48,1
2026-08-07,S02,P201,13,0.0,10,3,48,1
2026-08-08,S02,P201,3,0.0,15,0,48,2
2026-08-09,S02,P201,0,135.0,9,126,48,1
2026-08-10,S02,P201,126,0.0,8,118,48,3
2026-08-11,S02,P201,118,57.0,8,167,48,4
2026-08-12,S02,P201,167,0.0,12,155,48,2
2026-08-13,S02,P201,155,0.0,12,143,48,3
2026-08-14,S02,P201,143,0.0,11,132,48,2
2026-08-15,S02,P201,132,0.0,14,118,48,1
2026-08-16,S02,P201,118,0.0,8,110,48,3
2026-08-17,S02,P201,110,0.0,15,95,48,3
2026-08-18,S02,P201,95,0.0,12,83,48,2
2026-08-19,S02,P201,83,0.0,7,76,48,4
2026-08-20,S02,P201,76,0.0,12,64,48,3
2026-08-21,S02,P201,64,0.0,4,60,48,3
2026-08-22,S02,P201,60,0.0,14,46,48,3
2026-08-23,S02,P201,46,0.0,11,35,48,4
2026-08-24,S02,P201,35,0.0,11,24,48,2
2026-08-25,S02,P201,24,0.0,11,13,48,2
2026-08-26,S02,P201,13,0.0,9,4,48,2
2026-08-27,S02,P201,4,0.0,12,0,48,1
2026-08-28,S02,P201,0,0.0,10,0,48,1
2026-08-29,S02,P201,0,0.0,8,0,48,1
2026-08-30,S02,P201,0,0.0,12,0,48,1
2026-08-31,S02,P201,0,24.0,10,14,48,1
2026-07-01,S02,P202,457,116.0,21,552,146,4
2026-07-02,S02,P202,552,0.0,23,529,146,1
2026-07-03,S02,P202,529,0.0,22,507,146,3
2026-07-04,S02,P202,507,0.0,26,481,146,1
2026-07-05,S02,P202,481,0.0,37,444,146,4
2026-07-06,S02,P202,444,0.0,19,425,146,2
2026-07-07,S02,P202,425,0.0,35,390,146,2
2026-07-08,S02,P202,390,0.0,28,362,146,1
2026-07-09,S02,P202,362,0.0,26,336,146,3
2026-07-10,S02,P202,336,0.0,24,312,146,3
2026-07-11,S02,P202,312,0.0,34,278,146,4
2026-07-12,S02,P202,278,0.0,21,257,146,1
2026-07-13,S02,P202,257,0.0,39,218,146,1
2026-07-14,S02,P202,218,91.0,28,281,146,4
2026-07-15,S02,P202,281,0.0,19,262,146,2
2026-07-16,S02,P202,262,0.0,33,229,146,2
2026-07-17,S02,P202,229,0.0,26,203,146,2
2026-07-18,S02,P202,203,0.0,32,171,146,3
2026-07-19,S02,P202,171,0.0,24,147,146,2
2026-07-20,S02,P202,147,0.0,30,117,146,4
2026-07-21,S02,P202,117,96.0,32,181,146,1
2026-07-22,S02,P202,181,0.0,21,160,146,1
2026-07-23,S02,P202,160,0.0,23,137,146,2
2026-07-24,S02,P202,137,108.0,30,215,146,3
2026-07-25,S02,P202,215,0.0,30,185,146,2
2026-07-26,S02,P202,185,0.0,26,159,146,3
2026-07-27,S02,P202,159,0.0,27,132,146,4
2026-07-28,S02,P202,132,0.0,25,107,146,4
2026-07-29,S02,P202,107,0.0,23,84,146,2
2026-07-30,S02,P202,84,0.0,17,67,146,2
2026-07-31,S02,P202,67,0.0,31,36,146,1
2026-08-01,S02,P202,36,0.0,34,2,146,3
2026-08-02,S02,P202,2,0.0,36,0,146,2
2026-08-03,S02,P202,0,0.0,26,0,146,1
2026-08-04,S02,P202,0,0.0,16,0,146,1
2026-08-05,S02,P202,0,0.0,17,0,146,2
2026-08-06,S02,P202,0,37.0,27,10,146,4
2026-08-07,S02,P202,10,0.0,26,0,146,1
2026-08-08,S02,P202,0,0.0,26,0,146,2
2026-08-09,S02,P202,0,0.0,33,0,146,4
2026-08-10,S02,P202,0,147.0,27,120,146,4
2026-08-11,S02,P202,120,0.0,22,98,146,3
2026-08-12,S02,P202,98,64.0,36,126,146,1
2026-08-13,S02,P202,126,0.0,28,98,146,4
2026-08-14,S02,P202,98,0.0,21,77,146,4
2026-08-15,S02,P202,77,0.0,45,32,146,4
2026-08-16,S02,P202,32,0.0,20,12,146,3
2026-08-17,S02,P202,12,79.0,21,70,146,3
2026-08-18,S02,P202,70,0.0,29,41,146,3
2026-08-19,S02,P202,41,0.0,28,13,146,3
2026-08-20,S02,P202,13,44.0,27,30,146,3
2026-08-21,S02,P202,30,0.0,23,7,146,3
2026-08-22,S02,P202,7,0.0,29,0,146,4
2026-08-23,S02,P202,0,0.0,32,0,146,4
2026-08-24,S02,P202,0,0.0,31,0,146,3
2026-08-25,S02,P202,0,19.0,23,0,146,4
2026-08-26,S02,P202,0,0.0,25,0,146,3
2026-08-27,S02,P202,0,0.0,33,0,146,1
2026-08-28,S02,P202,0,0.0,33,0,146,1
2026-08-29,S02,P202,0,0.0,30,0,146,1
2026-08-30,S02,P202,0,0.0,25,0,146,2
2026-08-31,S02,P202,0,0.0,36,0,146,1
2026-07-01,S02,P203,401,0.0,17,384,73,3
2026-07-02,S02,P203,384,0.0,13,371,73,2
2026-07-03,S02,P203,371,0.0,19,352,73,1
2026-07-04,S02,P203,352,0.0,13,339,73,4
2026-07-05,S02,P203,339,0.0,11,328,73,4
2026-07-06,S02,P203,328,0.0,9,319,73,3
2026-07-07,S02,P203,319,5.0,9,315,73,3
2026-07-08,S02,P203,315,0.0,15,300,73,4
2026-07-09,S02,P203,300,0.0,7,293,73,1
2026-07-10,S02,P203,293,129.0,10,412,73,4
2026-07-11,S02,P203,412,0.0,20,392,73,3
2026-07-12,S02,P203,392,0.0,15,377,73,1
2026-07-13,S02,P203,377,0.0,18,359,73,2
2026-07-14,S02,P203,359,0.0,12,347,73,1
2026-07-15,S02,P203,347,0.0,16,331,73,3
2026-07-16,S02,P203,331,0.0,8,323,73,2
2026-07-17,S02,P203,323,0.0,14,309,73,1
2026-07-18,S02,P203,309,0.0,9,300,73,3
2026-07-19,S02,P203,300,0.0,11,289,73,3
2026-07-20,S02,P203,289,0.0,8,281,73,4
2026-07-21,S02,P203,281,0.0,16,265,73,4
2026-07-22,S02,P203,265,0.0,10,255,73,4
2026-07-23,S02,P203,255,0.0,19,236,73,1
2026-07-24,S02,P203,236,0.0,10,226,73,4
2026-07-25,S02,P203,226,0.0,16,210,73,1
2026-07-26,S02,P203,210,0.0,11,199,73,1
2026-07-27,S02,P203,199,0.0,13,186,73,3
2026-07-28,S02,P203,186,63.0,13,236,73,2
2026-07-29,S02,P203,236,0.0,17,219,73,3
2026-07-30,S02,P203,219,0.0,20,199,73,1
2026-07-31,S02,P203,199,0.0,17,182,73,2
2026-08-01,S02,P203,182,0.0,16,166,73,1
2026-08-02,S02,P203,166,0.0,17,149,73,2
2026-08-03,S02,P203,149,0.0,18,131,73,4
2026-08-04,S02,P203,131,0.0,14,117,73,2
2026-08-05,S02,P203,117,0.0,13,104,73,3
2026-08-06,S02,P203,104,148.0,10,242,73,1
2026-08-07,S02,P203,242,133.0,5,370,73,2
2026-08-08,S02,P203,370,31.0,21,380,73,3
2026-08-09,S02,P203,380,0.0,14,366,73,3
2026-08-10,S02,P203,366,0.0,13,353,73,2
2026-08-11,S02,P203,353,0.0,18,335,73,1
2026-08-12,S02,P203,335,0.0,11,324,73,2
2026-08-13,S02,P203,324,0.0,20,304,73,3
2026-08-14,S02,P203,304,0.0,6,298,73,4
2026-08-15,S02,P203,298,0.0,20,278,73,4
2026-08-16,S02,P203,278,59.0,9,328,73,2
2026-08-17,S02,P203,328,0.0,20,308,73,2
2026-08-18,S02,P203,308,0.0,17,291,73,3
2026-08-19,S02,P203,291,0.0,13,278,73,4
2026-08-20,S02,P203,278,0.0,13,265,73,3
2026-08-21,S02,P203,265,16.0,8,273,73,2
2026-08-22,S02,P203,273,0.0,18,255,73,1
2026-08-23,S02,P203,255,0.0,14,241,73,4
2026-08-24,S02,P203,241,0.0,13,228,73,1
2026-08-25,S02,P203,228,0.0,13,215,73,2
2026-08-26,S02,P203,215,0.0,16,199,73,4
2026-08-27,S02,P203,199,0.0,5,194,73,2
2026-08-28,S02,P203,194,0.0,11,183,73,4
2026-08-29,S02,P203,183,0.0,13,170,73,2
2026-08-30,S02,P203,170,0.0,10,160,73,1
2026-08-31,S02,P203,160,0.0,11,149,73,4
2026-07-01,S02,P204,457,0.0,3,454,40,4
2026-07-02,S02,P204,454,0.0,12,442,40,4
2026-07-03,S02,P204,442,0.0,11,431,40,4
2026-07-04,S02,P204,431,0.0,12,419,40,3
2026-07-05,S02,P204,419,0.0,8,411,40,2
2026-07-06,S02,P204,411,0.0,5,406,40,2
2026-07-07,S02,P204,406,0.0,7,399,40,4
2026-07-08,S02,P204,399,0.0,8,391,40,1
2026-07-09,S02,P204,391,0.0,6,385,40,3
2026-07-10,S02,P204,385,0.0,8,377,40,3
2026-07-11,S02,P204,377,0.0,9,368,40,1
2026-07-12,S02,P204,368,0.0,13,355,40,2
2026-07-13,S02,P204,355,0.0,7,348,40,2
2026-07-14,S02,P204,348,0.0,6,342,40,1
2026-07-15,S02,P204,342,0.0,16,326,40,4
2026-07-16,S02,P204,326,0.0,6,320,40,3
2026-07-17,S02,P204,320,0.0,8,312,40,4
2026-07-18,S02,P204,312,0.0,10,302,40,4
2026-07-19,S02,P204,302,0.0,14,288,40,1
2026-07-20,S02,P204,288,0.0,7,281,40,3
2026-07-21,S02,P204,281,0.0,10,271,40,1
2026-07-22,S02,P204,271,0.0,12,259,40,2
2026-07-23,S02,P204,259,0.0,6,253,40,1
2026-07-24,S02,P204,253,0.0,9,244,40,2
2026-07-25,S02,P204,244,90.0,7,327,40,2
2026-07-26,S02,P204,327,0.0,4,323,40,4
2026-07-27,S02,P204,323,0.0,8,315,40,1
2026-07-28,S02,P204,315,0.0,10,305,40,4
2026-07-29,S02,P204,305,0.0,9,296,40,2
2026-07-30,S02,P204,296,0.0,7,289,40,3
2026-07-31,S02,P204,289,118.0,8,399,40,4
2026-08-01,S02,P204,399,0.0,11,388,40,3
2026-08-02,S02,P204,388,0.0,10,378,40,2
2026-08-03,S02,P204,378,0.0,10,368,40,3
2026-08-04,S02,P204,368,0.0,10,358,40,2
2026-08-05,S02,P204,358,0.0,1,357,40,2
2026-08-06,S02,P204,357,0.0,4,353,40,1
2026-08-07,S02,P204,353,0.0,7,346,40,2
2026-08-08,S02,P204,346,0.0,4,342,40,1
2026-08-09,S02,P204,342,0.0,6,336,40,2
2026-08-10,S02,P204,336,0.0,3,333,40,2
2026-08-11,S02,P204,333,0.0,8,325,40,1
2026-08-12,S02,P204,325,0.0,6,319,40,4
2026-08-13,S02,P204,319,0.0,6,313,40,3
2026-08-14,S02,P204,313,0.0,9,304,40,1
2026-08-15,S02,P204,304,0.0,9,295,40,2
2026-08-16,S02,P204,295,0.0,12,283,40,2
2026-08-17,S02,P204,283,0.0,4,279,40,2
2026-08-18,S02,P204,279,0.0,9,270,40,2
2026-08-19,S02,P204,270,0.0,6,264,40,4
2026-08-20,S02,P204,264,0.0,13,251,40,3
2026-08-21,S02,P204,251,0.0,7,244,40,1
2026-08-22,S02,P204,244,0.0,7,237,40,4
2026-08-23,S02,P204,237,0.0,9,228,40,3
2026-08-24,S02,P204,228,0.0,6,222,40,3
2026-08-25,S02,P204,222,0.0,7,215,40,4
2026-08-26,S02,P204,215,0.0,3,212,40,3
2026-08-27,S02,P204,212,0.0,11,201,40,4
2026-08-28,S02,P204,201,0.0,7,194,40,3
2026-08-29,S02,P204,194,0.0,4,190,40,3
2026-08-30,S02,P204,190,0.0,12,178,40,2
2026-08-31,S02,P204,178,0.0,6,172,40,1
2026-07-01,S02,P301,483,0.0,28,455,162,1
2026-07-02,S02,P301,455,158.0,41,572,162,3
2026-07-03,S02,P301,572,0.0,29,543,162,2
2026-07-04,S02,P301,543,0.0,39,504,162,3
2026-07-05,S02,P301,504,0.0,33,471,162,2
2026-07-06,S02,P301,471,0.0,35,436,162,2
2026-07-07,S02,P301,436,0.0,36,400,162,2
2026-07-08,S02,P301,400,0.0,38,362,162,3
2026-07-09,S02,P301,362,0.0,27,335,162,1
2026-07-10,S02,P301,335,113.0,33,415,162,2
2026-07-11,S02,P301,415,0.0,33,382,162,2
2026-07-12,S02,P301,382,0.0,45,337,162,1
2026-07-13,S02,P301,337,0.0,31,306,162,2
2026-07-14,S02,P301,306,0.0,35,271,162,4
2026-07-15,S02,P301,271,0.0,30,241,162,1
2026-07-16,S02,P301,241,92.0,28,305,162,1
2026-07-17,S02,P301,305,0.0,25,280,162,2
2026-07-18,S02,P301,280,0.0,39,241,162,4
2026-07-19,S02,P301,241,0.0,25,216,162,4
2026-07-20,S02,P301,216,0.0,31,185,162,2
2026-07-21,S02,P301,185,0.0,30,155,162,4
2026-07-22,S02,P301,155,151.0,22,284,162,1
2026-07-23,S02,P301,284,0.0,19,265,162,1
2026-07-24,S02,P301,265,133.0,23,375,162,3
2026-07-25,S02,P301,375,0.0,35,340,162,3
2026-07-26,S02,P301,340,0.0,18,322,162,4
2026-07-27,S02,P301,322,0.0,30,292,162,3
2026-07-28,S02,P301,292,0.0,31,261,162,3
2026-07-29,S02,P301,261,0.0,23,238,162,2
2026-07-30,S02,P301,238,93.0,33,298,162,3
2026-07-31,S02,P301,298,94.0,33,359,162,2
2026-08-01,S02,P301,359,0.0,34,325,162,4
2026-08-02,S02,P301,325,0.0,42,283,162,1
2026-08-03,S02,P301,283,0.0,30,253,162,3
2026-08-04,S02,P301,253,0.0,19,234,162,2
2026-08-05,S02,P301,234,0.0,33,201,162,1
2026-08-06,S02,P301,201,0.0,28,173,162,1
2026-08-07,S02,P301,173,0.0,30,143,162,1
2026-08-08,S02,P301,143,0.0,27,116,162,3
2026-08-09,S02,P301,116,0.0,28,88,162,3
2026-08-10,S02,P301,88,21.0,25,84,162,3
2026-08-11,S02,P301,84,0.0,35,49,162,4
2026-08-12,S02,P301,49,0.0,32,17,162,1
2026-08-13,S02,P301,17,0.0,32,0,162,2
2026-08-14,S02,P301,0,0.0,37,0,162,1
2026-08-15,S02,P301,0,0.0,37,0,162,3
2026-08-16,S02,P301,0,0.0,39,0,162,3
2026-08-17,S02,P301,0,133.0,31,102,162,3
2026-08-18,S02,P301,102,0.0,39,63,162,2
2026-08-19,S02,P301,63,0.0,29,34,162,3
2026-08-20,S02,P301,34,0.0,41,0,162,1
2026-08-21,S02,P301,0,0.0,30,0,162,3
2026-08-22,S02,P301,0,0.0,30,0,162,3
2026-08-23,S02,P301,0,0.0,33,0,162,3
2026-08-24,S02,P301,0,78.0,31,47,162,1
2026-08-25,S02,P301,47,95.0,36,106,162,2
2026-08-26,S02,P301,106,0.0,24,82,162,2
2026-08-27,S02,P301,82,0.0,23,59,162,1
2026-08-28,S02,P301,59,0.0,29,30,162,4
2026-08-29,S02,P301,30,32.0,24,38,162,1
2026-08-30,S02,P301,38,0.0,45,0,162,4
2026-08-31,S02,P301,0,6.0,22,0,162,2
2026-07-01,S02,P302,274,0.0,28,246,97,3
2026-07-02,S02,P302,246,0.0,14,232,97,4
2026-07-03,S02,P302,232,0.0,21,211,97,3
2026-07-04,S02,P302,211,0.0,22,189,97,4
2026-07-05,S02,P302,189,140.0,19,310,97,2
2026-07-06,S02,P302,310,0.0,19,291,97,4
2026-07-07,S02,P302,291,0.0,14,277,97,4
2026-07-08,S02,P302,277,0.0,19,258,97,3
2026-07-09,S02,P302,258,0.0,18,240,97,4
2026-07-10,S02,P302,240,0.0,24,216,97,4
2026-07-11,S02,P302,216,0.0,17,199,97,4
2026-07-12,S02,P302,199,0.0,16,183,97,2
2026-07-13,S02,P302,183,0.0,20,163,97,4
2026-07-14,S02,P302,163,0.0,14,149,97,3
2026-07-15,S02,P302,149,0.0,10,139,97,2
2026-07-16,S02,P302,139,30.0,20,149,97,2
2026-07-17,S02,P302,149,0.0,20,129,97,4
2026-07-18,S02,P302,129,0.0,28,101,97,3
2026-07-19,S02,P302,101,0.0,17,84,97,2
2026-07-20,S02,P302,84,0.0,14,70,97,2
2026-07-21,S02,P302,70,12.0,21,61,97,3
2026-07-22,S02,P302,61,0.0,23,38,97,4
2026-07-23,S02,P302,38,0.0,15,23,97,3
2026-07-24,S02,P302,23,0.0,18,5,97,2
2026-07-25,S02,P302,5,0.0,26,0,97,2
2026-07-26,S02,P302,0,0.0,25,0,97,2
2026-07-27,S02,P302,0,0.0,19,0,97,2
2026-07-28,S02,P302,0,0.0,15,0,97,3
2026-07-29,S02,P302,0,0.0,11,0,97,1
2026-07-30,S02,P302,0,0.0,22,0,97,2
2026-07-31,S02,P302,0,50.0,23,27,97,1
2026-08-01,S02,P302,27,0.0,18,9,97,2
2026-08-02,S02,P302,9,0.0,27,0,97,2
2026-08-03,S02,P302,0,0.0,17,0,97,3
2026-08-04,S02,P302,0,120.0,16,104,97,3
2026-08-05,S02,P302,104,0.0,18,86,97,3
2026-08-06,S02,P302,86,0.0,15,71,97,1
2026-08-07,S02,P302,71,140.0,21,190,97,1
2026-08-08,S02,P302,190,0.0,21,169,97,1
2026-08-09,S02,P302,169,0.0,14,155,97,1
2026-08-10,S02,P302,155,19.0,23,151,97,2
2026-08-11,S02,P302,151,50.0,18,183,97,1
2026-08-12,S02,P302,183,0.0,22,161,97,3
2026-08-13,S02,P302,161,0.0,17,144,97,2
2026-08-14,S02,P302,144,78.0,17,205,97,3
2026-08-15,S02,P302,205,113.0,25,293,97,4
2026-08-16,S02,P302,293,0.0,20,273,97,1
2026-08-17,S02,P302,273,0.0,17,256,97,4
2026-08-18,S02,P302,256,0.0,20,236,97,4
2026-08-19,S02,P302,236,157.0,18,375,97,3
2026-08-20,S02,P302,375,0.0,15,360,97,2
2026-08-21,S02,P302,360,0.0,22,338,97,4
2026-08-22,S02,P302,338,0.0,16,322,97,3
2026-08-23,S02,P302,322,0.0,22,300,97,2
2026-08-24,S02,P302,300,0.0,17,283,97,2
2026-08-25,S02,P302,283,0.0,23,260,97,1
2026-08-26,S02,P302,260,0.0,18,242,97,3
2026-08-27,S02,P302,242,65.0,17,290,97,3
2026-08-28,S02,P302,290,0.0,14,276,97,4
2026-08-29,S02,P302,276,0.0,27,249,97,3
2026-08-30,S02,P302,249,0.0,21,228,97,3
2026-08-31,S02,P302,228,0.0,22,206,97,1
2026-07-01,S02,P303,359,0.0,11,348,56,2
2026-07-02,S02,P303,348,0.0,10,338,56,1
2026-07-03,S02,P303,338,0.0,11,327,56,4
2026-07-04,S02,P303,327,0.0,12,315,56,1
2026-07-05,S02,P303,315,0.0,8,307,56,3
2026-07-06,S02,P303,307,0.0,10,297,56,1
2026-07-07,S02,P303,297,0.0,11,286,56,3
2026-07-08,S02,P303,286,0.0,11,275,56,1
2026-07-09,S02,P303,275,0.0,17,258,56,2
2026-07-10,S02,P303,258,0.0,11,247,56,3
2026-07-11,S02,P303,247,0.0,9,238,56,3
2026-07-12,S02,P303,238,0.0,11,227,56,3
2026-07-13,S02,P303,227,0.0,14,213,56,3
2026-07-14,S02,P303,213,0.0,8,205,56,4
2026-07-15,S02,P303,205,51.0,9,247,56,3
2026-07-16,S02,P303,247,39.0,9,277,56,4
2026-07-17,S02,P303,277,0.0,11,266,56,1
2026-07-18,S02,P303,266,0.0,11,255,56,4
2026-07-19,S02,P303,255,0.0,18,237,56,4
2026-07-20,S02,P303,237,0.0,12,225,56,1
2026-07-21,S02,P303,225,0.0,8,217,56,1
2026-07-22,S02,P303,217,0.0,12,205,56,2
2026-07-23,S02,P303,205,0.0,13,192,56,3
2026-07-24,S02,P303,192,0.0,13,179,56,4
2026-07-25,S02,P303,179,0.0,13,166,56,1
2026-07-26,S02,P303,166,0.0,12,154,56,1
2026-07-27,S02,P303,154,0.0,12,142,56,1
2026-07-28,S02,P303,142,52.0,16,178,56,2
2026-07-29,S02,P303,178,0.0,10,168,56,1
2026-07-30,S02,P303,168,0.0,9,159,56,1
2026-07-31,S02,P303,159,118.0,8,269,56,4
2026-08-01,S02,P303,269,0.0,17,252,56,3
2026-08-02,S02,P303,252,0.0,11,241,56,4
2026-08-03,S02,P303,241,0.0,10,231,56,3
2026-08-04,S02,P303,231,0.0,8,223,56,1
2026-08-05,S02,P303,223,0.0,9,214,56,3
2026-08-06,S02,P303,214,0.0,8,206,56,1
2026-08-07,S02,P303,206,0.0,7,199,56,3
2026-08-08,S02,P303,199,0.0,13,186,56,4
2026-08-09,S02,P303,186,0.0,11,175,56,3
2026-08-10,S02,P303,175,0.0,9,166,56,3
2026-08-11,S02,P303,166,0.0,3,163,56,3
2026-08-12,S02,P303,163,0.0,17,146,56,1
2026-08-13,S02,P303,146,114.0,12,248,56,3
2026-08-14,S02,P303,248,119.0,7,360,56,3
2026-08-15,S02,P303,360,154.0,6,508,56,1
2026-08-16,S02,P303,508,0.0,19,489,56,3
2026-08-17,S02,P303,489,0.0,8,481,56,1
2026-08-18,S02,P303,481,0.0,12,469,56,3
2026-08-19,S02,P303,469,0.0,6,463,56,1
2026-08-20,S02,P303,463,0.0,9,454,56,2
2026-08-21,S02,P303,454,0.0,14,440,56,1
2026-08-22,S02,P303,440,0.0,6,434,56,2
2026-08-23,S02,P303,434,156.0,7,583,56,4
2026-08-24,S02,P303,583,0.0,13,570,56,3
2026-08-25,S02,P303,570,0.0,9,561,56,4
2026-08-26,S02,P303,561,119.0,13,667,56,2
2026-08-27,S02,P303,667,0.0,11,656,56,2
2026-08-28,S02,P303,656,53.0,10,699,56,4
2026-08-29,S02,P303,699,0.0,11,688,56,1
2026-08-30,S02,P303,688,0.0,13,675,56,2
2026-08-31,S02,P303,675,0.0,12,663,56,2
2026-07-01,S02,P304,262,0.0,48,214,227,3
2026-07-02,S02,P304,214,0.0,38,176,227,4
2026-07-03,S02,P304,176,93.0,31,238,227,3
2026-07-04,S02,P304,238,0.0,54,184,227,2
2026-07-05,S02,P304,184,0.0,41,143,227,2
2026-07-06,S02,P304,143,0.0,45,98,227,2
2026-07-07,S02,P304,98,0.0,35,63,227,1
2026-07-08,S02,P304,63,0.0,39,24,227,3
2026-07-09,S02,P304,24,0.0,43,0,227,2
2026-07-10,S02,P304,0,0.0,55,0,227,2
2026-07-11,S02,P304,0,0.0,47,0,227,3
2026-07-12,S02,P304,0,59.0,54,5,227,2
2026-07-13,S02,P304,5,0.0,39,0,227,2
2026-07-14,S02,P304,0,0.0,36,0,227,1
2026-07-15,S02,P304,0,0.0,36,0,227,4
2026-07-16,S02,P304,0,0.0,35,0,227,4
2026-07-17,S02,P304,0,0.0,40,0,227,1
2026-07-18,S02,P304,0,0.0,53,0,227,4
2026-07-19,S02,P304,0,0.0,54,0,227,2
2026-07-20,S02,P304,0,0.0,42,0,227,2
2026-07-21,S02,P304,0,0.0,43,0,227,2
2026-07-22,S02,P304,0,0.0,32,0,227,1
2026-07-23,S02,P304,0,0.0,41,0,227,2
2026-07-24,S02,P304,0,0.0,39,0,227,4
2026-07-25,S02,P304,0,131.0,48,83,227,1
2026-07-26,S02,P304,83,0.0,45,38,227,3
2026-07-27,S02,P304,38,0.0,38,0,227,3
2026-07-28,S02,P304,0,0.0,44,0,227,3
2026-07-29,S02,P304,0,0.0,36,0,227,1
2026-07-30,S02,P304,0,0.0,34,0,227,1
2026-07-31,S02,P304,0,0.0,47,0,227,1
2026-08-01,S02,P304,0,0.0,47,0,227,3
2026-08-02,S02,P304,0,0.0,49,0,227,1
2026-08-03,S02,P304,0,0.0,46,0,227,4
2026-08-04,S02,P304,0,0.0,44,0,227,4
2026-08-05,S02,P304,0,0.0,34,0,227,2
2026-08-06,S02,P304,0,71.0,44,27,227,1
2026-08-07,S02,P304,27,0.0,39,0,227,3
2026-08-08,S02,P304,0,0.0,45,0,227,4
2026-08-09,S02,P304,0,0.0,44,0,227,1
2026-08-10,S02,P304,0,0.0,38,0,227,4
2026-08-11,S02,P304,0,0.0,36,0,227,1
2026-08-12,S02,P304,0,0.0,40,0,227,3
2026-08-13,S02,P304,0,35.0,37,0,227,1
2026-08-14,S02,P304,0,0.0,52,0,227,1
2026-08-15,S02,P304,0,0.0,45,0,227,3
2026-08-16,S02,P304,0,0.0,48,0,227,3
2026-08-17,S02,P304,0,0.0,36,0,227,2
2026-08-18,S02,P304,0,0.0,46,0,227,3
2026-08-19,S02,P304,0,0.0,34,0,227,3
2026-08-20,S02,P304,0,0.0,40,0,227,1
2026-08-21,S02,P304,0,0.0,35,0,227,4
2026-08-22,S02,P304,0,74.0,42,32,227,1
2026-08-23,S02,P304,32,0.0,42,0,227,2
2026-08-24,S02,P304,0,0.0,44,0,227,1
2026-08-25,S02,P304,0,0.0,48,0,227,1
2026-08-26,S02,P304,0,0.0,45,0,227,1
2026-08-27,S02,P304,0,0.0,54,0,227,1
2026-08-28,S02,P304,0,0.0,42,0,227,4
2026-08-29,S02,P304,0,0.0,44,0,227,1
2026-08-30,S02,P304,0,0.0,50,0,227,3
2026-08-31,S02,P304,0,0.0,38,0,227,2
2026-07-01,S02,P401,150,0.0,37,113,203,2
2026-07-02,S02,P401,113,0.0,39,74,203,2
2026-07-03,S02,P401,74,0.0,36,38,203,3
2026-07-04,S02,P401,38,0.0,46,0,203,3
2026-07-05,S02,P401,0,0.0,37,0,203,1
2026-07-06,S02,P401,0,0.0,29,0,203,1
2026-07-07,S02,P401,0,0.0,41,0,203,4
2026-07-08,S02,P401,0,0.0,37,0,203,2
2026-07-09,S02,P401,0,0.0,36,0,203,4
2026-07-10,S02,P401,0,0.0,37,0,203,2
2026-07-11,S02,P401,0,0.0,45,0,203,3
2026-07-12,S02,P401,0,0.0,36,0,203,1
2026-07-13,S02,P401,0,0.0,42,0,203,3
2026-07-14,S02,P401,0,0.0,40,0,203,3
2026-07-15,S02,P401,0,144.0,41,103,203,1
2026-07-16,S02,P401,103,0.0,24,79,203,3
2026-07-17,S02,P401,79,0.0,41,38,203,1
2026-07-18,S02,P401,38,134.0,45,127,203,3
2026-07-19,S02,P401,127,0.0,39,88,203,1
2026-07-20,S02,P401,88,0.0,34,54,203,4
2026-07-21,S02,P401,54,0.0,36,18,203,3
2026-07-22,S02,P401,18,43.0,25,36,203,1
2026-07-23,S02,P401,36,0.0,36,0,203,4
2026-07-24,S02,P401,0,0.0,45,0,203,1
2026-07-25,S02,P401,0,0.0,35,0,203,3
2026-07-26,S02,P401,0,29.0,34,0,203,2
2026-07-27,S02,P401,0,0.0,39,0,203,1
2026-07-28,S02,P401,0,0.0,27,0,203,3
2026-07-29,S02,P401,0,0.0,35,0,203,2
2026-07-30,S02,P401,0,136.0,32,104,203,1
2026-07-31,S02,P401,104,0.0,43,61,203,1
2026-08-01,S02,P401,61,0.0,45,16,203,2
2026-08-02,S02,P401,16,0.0,28,0,203,2
2026-08-03,S02,P401,0,0.0,29,0,203,4
2026-08-04,S02,P401,0,0.0,46,0,203,1
2026-08-05,S02,P401,0,110.0,27,83,203,1
2026-08-06,S02,P401,83,30.0,34,79,203,1
2026-08-07,S02,P401,79,0.0,36,43,203,4
2026-08-08,S02,P401,43,0.0,66,0,203,3
2026-08-09,S02,P401,0,0.0,44,0,203,1
2026-08-10,S02,P401,0,0.0,28,0,203,3
2026-08-11,S02,P401,0,0.0,31,0,203,2
2026-08-12,S02,P401,0,0.0,38,0,203,1
2026-08-13,S02,P401,0,0.0,37,0,203,3
2026-08-14,S02,P401,0,0.0,36,0,203,1
2026-08-15,S02,P401,0,0.0,40,0,203,4
2026-08-16,S02,P401,0,0.0,40,0,203,2
2026-08-17,S02,P401,0,9.0,43,0,203,1
2026-08-18,S02,P401,0,0.0,37,0,203,4
2026-08-19,S02,P401,0,0.0,23,0,203,3
2026-08-20,S02,P401,0,0.0,43,0,203,3
2026-08-21,S02,P401,0,39.0,47,0,203,2
2026-08-22,S02,P401,0,0.0,43,0,203,3
2026-08-23,S02,P401,0,0.0,46,0,203,1
2026-08-24,S02,P401,0,0.0,39,0,203,3
2026-08-25,S02,P401,0,0.0,31,0,203,3
2026-08-26,S02,P401,0,0.0,40,0,203,1
2026-08-27,S02,P401,0,0.0,48,0,203,3
2026-08-28,S02,P401,0,0.0,43,0,203,4
2026-08-29,S02,P401,0,0.0,47,0,203,3
2026-08-30,S02,P401,0,0.0,34,0,203,3
2026-08-31,S02,P401,0,0.0,38,0,203,1
2026-07-01,S02,P402,160,100.0,34,226,243,1
2026-07-02,S02,P402,226,0.0,53,173,243,2
2026-07-03,S02,P402,173,0.0,41,132,243,4
2026-07-04,S02,P402,132,0.0,49,83,243,4
2026-07-05,S02,P402,83,0.0,59,24,243,4
2026-07-06,S02,P402,24,130.0,47,107,243,3
2026-07-07,S02,P402,107,0.0,55,52,243,2
2026-07-08,S02,P402,52,0.0,35,17,243,4
2026-07-09,S02,P402,17,0.0,39,0,243,2
2026-07-10,S02,P402,0,0.0,48,0,243,2
2026-07-11,S02,P402,0,0.0,52,0,243,3
2026-07-12,S02,P402,0,0.0,42,0,243,4
2026-07-13,S02,P402,0,0.0,40,0,243,3
2026-07-14,S02,P402,0,0.0,42,0,243,2
2026-07-15,S02,P402,0,21.0,43,0,243,2
2026-07-16,S02,P402,0,82.0,33,49,243,3
2026-07-17,S02,P402,49,0.0,38,11,243,1
2026-07-18,S02,P402,11,0.0,54,0,243,2
2026-07-19,S02,P402,0,0.0,60,0,243,4
2026-07-20,S02,P402,0,0.0,43,0,243,3
2026-07-21,S02,P402,0,0.0,49,0,243,2
2026-07-22,S02,P402,0,0.0,47,0,243,3
2026-07-23,S02,P402,0,141.0,40,101,243,4
2026-07-24,S02,P402,101,0.0,41,60,243,3
2026-07-25,S02,P402,60,0.0,54,6,243,2
2026-07-26,S02,P402,6,0.0,56,0,243,4
2026-07-27,S02,P402,0,0.0,48,0,243,1
2026-07-28,S02,P402,0,0.0,40,0,243,4
2026-07-29,S02,P402,0,78.0,64,14,243,4
2026-07-30,S02,P402,14,128.0,48,94,243,2
2026-07-31,S02,P402,94,0.0,51,43,243,4
2026-08-01,S02,P402,43,0.0,61,0,243,2
2026-08-02,S02,P402,0,0.0,59,0,243,1
2026-08-03,S02,P402,0,0.0,40,0,243,2
2026-08-04,S02,P402,0,0.0,30,0,243,1
2026-08-05,S02,P402,0,0.0,42,0,243,1
2026-08-06,S02,P402,0,0.0,46,0,243,1
2026-08-07,S02,P402,0,0.0,35,0,243,2
2026-08-08,S02,P402,0,0.0,50,0,243,4
2026-08-09,S02,P402,0,0.0,43,0,243,2
2026-08-10,S02,P402,0,0.0,38,0,243,3
2026-08-11,S02,P402,0,0.0,35,0,243,3
2026-08-12,S02,P402,0,0.0,42,0,243,3
2026-08-13,S02,P402,0,0.0,43,0,243,2
2026-08-14,S02,P402,0,101.0,32,69,243,3
2026-08-15,S02,P402,69,5.0,78,0,243,3
2026-08-16,S02,P402,0,25.0,57,0,243,2
2026-08-17,S02,P402,0,0.0,45,0,243,1
2026-08-18,S02,P402,0,0.0,48,0,243,1
2026-08-19,S02,P402,0,21.0,38,0,243,3
2026-08-20,S02,P402,0,0.0,36,0,243,2
2026-08-21,S02,P402,0,0.0,50,0,243,3
2026-08-22,S02,P402,0,0.0,60,0,243,3
2026-08-23,S02,P402,0,0.0,58,0,243,1
2026-08-24,S02,P402,0,0.0,36,0,243,2
2026-08-25,S02,P402,0,0.0,35,0,243,4
2026-08-26,S02,P402,0,21.0,50,0,243,2
2026-08-27,S02,P402,0,0.0,30,0,243,4
2026-08-28,S02,P402,0,0.0,63,0,243,2
2026-08-29,S02,P402,0,0.0,42,0,243,2
2026-08-30,S02,P402,0,7.0,58,0,243,2
2026-08-31,S02,P402,0,0.0,45,0,243,1
2026-07-01,S02,P403,80,0.0,29,51,129,2
2026-07-02,S02,P403,51,0.0,20,31,129,1
2026-07-03,S02,P403,31,0.0,26,5,129,3
2026-07-04,S02,P403,5,0.0,23,0,129,3
2026-07-05,S02,P403,0,0.0,31,0,129,2
2026-07-06,S02,P403,0,15.0,21,0,129,1
2026-07-07,S02,P403,0,0.0,33,0,129,1
2026-07-08,S02,P403,0,0.0,23,0,129,2
2026-07-09,S02,P403,0,0.0,30,0,129,1
2026-07-10,S02,P403,0,0.0,24,0,129,1
2026-07-11,S02,P403,0,0.0,21,0,129,4
2026-07-12,S02,P403,0,0.0,39,0,129,4
2026-07-13,S02,P403,0,0.0,18,0,129,2
2026-07-14,S02,P403,0,0.0,18,0,129,3
2026-07-15,S02,P403,0,0.0,27,0,129,1
2026-07-16,S02,P403,0,0.0,26,0,129,3
2026-07-17,S02,P403,0,0.0,18,0,129,1
2026-07-18,S02,P403,0,0.0,37,0,129,1
2026-07-19,S02,P403,0,0.0,26,0,129,2
2026-07-20,S02,P403,0,0.0,22,0,129,4
2026-07-21,S02,P403,0,0.0,24,0,129,2
2026-07-22,S02,P403,0,0.0,28,0,129,3
2026-07-23,S02,P403,0,111.0,25,86,129,4
2026-07-24,S02,P403,86,0.0,24,62,129,3
2026-07-25,S02,P403,62,0.0,19,43,129,4
2026-07-26,S02,P403,43,0.0,26,17,129,4
2026-07-27,S02,P403,17,62.0,16,63,129,2
2026-07-28,S02,P403,63,18.0,21,60,129,3
2026-07-29,S02,P403,60,0.0,26,34,129,1
2026-07-30,S02,P403,34,0.0,22,12,129,2
2026-07-31,S02,P403,12,0.0,18,0,129,3
2026-08-01,S02,P403,0,0.0,27,0,129,3
2026-08-02,S02,P403,0,0.0,30,0,129,1
2026-08-03,S02,P403,0,0.0,27,0,129,3
2026-08-04,S02,P403,0,0.0,16,0,129,2
2026-08-05,S02,P403,0,0.0,26,0,129,3
2026-08-06,S02,P403,0,0.0,25,0,129,3
2026-08-07,S02,P403,0,0.0,21,0,129,2
2026-08-08,S02,P403,0,0.0,28,0,129,2
2026-08-09,S02,P403,0,0.0,28,0,129,1
2026-08-10,S02,P403,0,0.0,20,0,129,3
2026-08-11,S02,P403,0,0.0,19,0,129,1
2026-08-12,S02,P403,0,0.0,25,0,129,2
2026-08-13,S02,P403,0,105.0,19,86,129,3
2026-08-14,S02,P403,86,0.0,24,62,129,4
2026-08-15,S02,P403,62,0.0,39,23,129,2
2026-08-16,S02,P403,23,0.0,24,0,129,4
2026-08-17,S02,P403,0,0.0,23,0,129,2
2026-08-18,S02,P403,0,0.0,28,0,129,4
2026-08-19,S02,P403,0,0.0,34,0,129,3
2026-08-20,S02,P403,0,0.0,26,0,129,3
2026-08-21,S02,P403,0,0.0,32,0,129,3
2026-08-22,S02,P403,0,0.0,25,0,129,2
2026-08-23,S02,P403,0,0.0,23,0,129,2
2026-08-24,S02,P403,0,39.0,31,8,129,3
2026-08-25,S02,P403,8,0.0,22,0,129,3
2026-08-26,S02,P403,0,11.0,28,0,129,4
2026-08-27,S02,P403,0,0.0,19,0,129,1
2026-08-28,S02,P403,0,84.0,26,58,129,3
2026-08-29,S02,P403,58,0.0,23,35,129,4
2026-08-30,S02,P403,35,0.0,24,11,129,2
2026-08-31,S02,P403,11,0.0,23,0,129,4
2026-07-01,S02,P404,247,0.0,0,247,40,3
2026-07-02,S02,P404,247,80.0,0,327,40,4
2026-07-03,S02,P404,327,0.0,0,327,40,4
2026-07-04,S02,P404,327,0.0,0,327,40,3
2026-07-05,S02,P404,327,0.0,0,327,40,3
2026-07-06,S02,P404,327,0.0,0,327,40,1
2026-07-07,S02,P404,327,0.0,0,327,40,2
2026-07-08,S02,P404,327,10.0,0,337,40,3
2026-07-09,S02,P404,337,0.0,0,337,40,4
2026-07-10,S02,P404,337,0.0,0,337,40,2
2026-07-11,S02,P404,337,0.0,0,337,40,2
2026-07-12,S02,P404,337,0.0,0,337,40,2
2026-07-13,S02,P404,337,139.0,0,476,40,1
2026-07-14,S02,P404,476,0.0,0,476,40,4
2026-07-15,S02,P404,476,0.0,0,476,40,2
2026-07-16,S02,P404,476,0.0,0,476,40,4
2026-07-17,S02,P404,476,0.0,0,476,40,4
2026-07-18,S02,P404,476,24.0,0,500,40,4
2026-07-19,S02,P404,500,0.0,0,500,40,3
2026-07-20,S02,P404,500,51.0,0,551,40,2
2026-07-21,S02,P404,551,0.0,0,551,40,3
2026-07-22,S02,P404,551,0.0,0,551,40,3
2026-07-23,S02,P404,551,0.0,0,551,40,1
2026-07-24,S02,P404,551,0.0,0,551,40,1
2026-07-25,S02,P404,551,0.0,0,551,40,1
2026-07-26,S02,P404,551,0.0,0,551,40,2
2026-07-27,S02,P404,551,0.0,0,551,40,2
2026-07-28,S02,P404,551,0.0,0,551,40,2
2026-07-29,S02,P404,551,89.0,0,640,40,4
2026-07-30,S02,P404,640,0.0,0,640,40,1
2026-07-31,S02,P404,640,0.0,0,640,40,1
2026-08-01,S02,P404,640,0.0,0,640,40,2
2026-08-02,S02,P404,640,12.0,0,652,40,4
2026-08-03,S02,P404,652,0.0,0,652,40,4
2026-08-04,S02,P404,652,126.0,0,778,40,2
2026-08-05,S02,P404,778,0.0,0,778,40,2
2026-08-06,S02,P404,778,0.0,0,778,40,2
2026-08-07,S02,P404,778,0.0,0,778,40,1
2026-08-08,S02,P404,778,0.0,0,778,40,3
2026-08-09,S02,P404,778,0.0,0,778,40,4
2026-08-10,S02,P404,778,0.0,0,778,40,4
2026-08-11,S02,P404,778,0.0,0,778,40,4
2026-08-12,S02,P404,778,0.0,0,778,40,3
2026-08-13,S02,P404,778,0.0,0,778,40,3
2026-08-14,S02,P404,778,0.0,0,778,40,2
2026-08-15,S02,P404,778,0.0,0,778,40,1
2026-08-16,S02,P404,778,0.0,0,778,40,4
2026-08-17,S02,P404,778,0.0,0,778,40,2
2026-08-18,S02,P404,778,0.0,0,778,40,3
2026-08-19,S02,P404,778,0.0,0,778,40,3
2026-08-20,S02,P404,778,0.0,0,778,40,3
2026-08-21,S02,P404,778,0.0,0,778,40,2
2026-08-22,S02,P404,778,0.0,0,778,40,3
2026-08-23,S02,P404,778,94.0,0,872,40,2
2026-08-24,S02,P404,872,0.0,0,872,40,4
2026-08-25,S02,P404,872,0.0,0,872,40,4
2026-08-26,S02,P404,872,0.0,0,872,40,3
2026-08-27,S02,P404,872,0.0,6,866,40,4
2026-08-28,S02,P404,866,0.0,6,860,40,2
2026-08-29,S02,P404,860,0.0,10,850,40,2
2026-08-30,S02,P404,850,91.0,7,934,40,4
2026-08-31,S02,P404,934,0.0,9,925,40,3
2026-07-01,S02,P501,347,0.0,13,334,81,1
2026-07-02,S02,P501,334,0.0,18,316,81,3
2026-07-03,S02,P501,316,0.0,20,296,81,3
2026-07-04,S02,P501,296,0.0,21,275,81,3
2026-07-05,S02,P501,275,0.0,19,256,81,3
2026-07-06,S02,P501,256,0.0,14,242,81,3
2026-07-07,S02,P501,242,0.0,12,230,81,2
2026-07-08,S02,P501,230,0.0,20,210,81,4
2026-07-09,S02,P501,210,0.0,16,194,81,4
2026-07-10,S02,P501,194,0.0,23,171,81,1
2026-07-11,S02,P501,171,0.0,16,155,81,3
2026-07-12,S02,P501,155,95.0,15,235,81,3
2026-07-13,S02,P501,235,0.0,10,225,81,2
2026-07-14,S02,P501,225,69.0,19,275,81,4
2026-07-15,S02,P501,275,0.0,11,264,81,4
2026-07-16,S02,P501,264,0.0,13,251,81,1
2026-07-17,S02,P501,251,7.0,17,241,81,2
2026-07-18,S02,P501,241,0.0,21,220,81,1
2026-07-19,S02,P501,220,0.0,21,199,81,2
2026-07-20,S02,P501,199,0.0,13,186,81,2
2026-07-21,S02,P501,186,0.0,18,168,81,4
2026-07-22,S02,P501,168,0.0,15,153,81,4
2026-07-23,S02,P501,153,0.0,13,140,81,1
2026-07-24,S02,P501,140,0.0,13,127,81,3
2026-07-25,S02,P501,127,0.0,19,108,81,3
2026-07-26,S02,P501,108,0.0,12,96,81,1
2026-07-27,S02,P501,96,0.0,16,80,81,2
2026-07-28,S02,P501,80,159.0,13,226,81,4
2026-07-29,S02,P501,226,0.0,12,214,81,1
2026-07-30,S02,P501,214,0.0,13,201,81,4
2026-07-31,S02,P501,201,0.0,15,186,81,2
2026-08-01,S02,P501,186,0.0,15,171,81,2
2026-08-02,S02,P501,171,0.0,16,155,81,1
2026-08-03,S02,P501,155,0.0,15,140,81,4
2026-08-04,S02,P501,140,0.0,16,124,81,3
2026-08-05,S02,P501,124,0.0,19,105,81,3
2026-08-06,S02,P501,105,0.0,12,93,81,3
2026-08-07,S02,P501,93,0.0,14,79,81,3
2026-08-08,S02,P501,79,0.0,18,61,81,2
2026-08-09,S02,P501,61,0.0,22,39,81,4
2026-08-10,S02,P501,39,0.0,21,18,81,1
2026-08-11,S02,P501,18,0.0,21,0,81,2
2026-08-12,S02,P501,0,0.0,17,0,81,1
2026-08-13,S02,P501,0,0.0,11,0,81,4
2026-08-14,S02,P501,0,0.0,14,0,81,4
2026-08-15,S02,P501,0,0.0,23,0,81,2
2026-08-16,S02,P501,0,0.0,15,0,81,1
2026-08-17,S02,P501,0,0.0,19,0,81,4
2026-08-18,S02,P501,0,0.0,14,0,81,1
2026-08-19,S02,P501,0,0.0,21,0,81,1
2026-08-20,S02,P501,0,0.0,15,0,81,3
2026-08-21,S02,P501,0,0.0,10,0,81,2
2026-08-22,S02,P501,0,0.0,18,0,81,4
2026-08-23,S02,P501,0,0.0,15,0,81,4
2026-08-24,S02,P501,0,0.0,18,0,81,3
2026-08-25,S02,P501,0,0.0,24,0,81,4
2026-08-26,S02,P501,0,0.0,15,0,81,1
2026-08-27,S02,P501,0,41.0,13,28,81,2
2026-08-28,S02,P501,28,0.0,13,15,81,1
2026-08-29,S02,P501,15,0.0,8,7,81,3
2026-08-30,S02,P501,7,0.0,15,0,81,4
2026-08-31,S02,P501,0,0.0,7,0,81,1
2026-07-01,S02,P502,258,0.0,13,245,64,2
2026-07-02,S02,P502,245,0.0,12,233,64,1
2026-07-03,S02,P502,233,149.0,14,368,64,2
2026-07-04,S02,P502,368,0.0,16,352,64,3
2026-07-05,S02,P502,352,0.0,14,338,64,1
2026-07-06,S02,P502,338,0.0,10,328,64,2
2026-07-07,S02,P502,328,0.0,9,319,64,1
2026-07-08,S02,P502,319,0.0,6,313,64,3
2026-07-09,S02,P502,313,0.0,9,304,64,3
2026-07-10,S02,P502,304,0.0,10,294,64,3
2026-07-11,S02,P502,294,0.0,15,279,64,3
2026-07-12,S02,P502,279,0.0,9,270,64,4
2026-07-13,S02,P502,270,0.0,17,253,64,2
2026-07-14,S02,P502,253,0.0,12,241,64,1
2026-07-15,S02,P502,241,0.0,8,233,64,2
2026-07-16,S02,P502,233,0.0,12,221,64,2
2026-07-17,S02,P502,221,0.0,13,208,64,3
2026-07-18,S02,P502,208,0.0,13,195,64,1
2026-07-19,S02,P502,195,0.0,17,178,64,3
2026-07-20,S02,P502,178,0.0,8,170,64,1
2026-07-21,S02,P502,170,0.0,16,154,64,1
2026-07-22,S02,P502,154,0.0,14,140,64,4
2026-07-23,S02,P502,140,90.0,11,219,64,2
2026-07-24,S02,P502,219,0.0,14,205,64,4
2026-07-25,S02,P502,205,0.0,12,193,64,2
2026-07-26,S02,P502,193,0.0,9,184,64,4
2026-07-27,S02,P502,184,0.0,10,174,64,3
2026-07-28,S02,P502,174,0.0,6,168,64,1
2026-07-29,S02,P502,168,0.0,13,155,64,2
2026-07-30,S02,P502,155,0.0,12,143,64,1
2026-07-31,S02,P502,143,0.0,13,130,64,1
2026-08-01,S02,P502,130,0.0,16,114,64,2
2026-08-02,S02,P502,114,0.0,22,92,64,4
2026-08-03,S02,P502,92,0.0,8,84,64,2
2026-08-04,S02,P502,84,0.0,10,74,64,3
2026-08-05,S02,P502,74,80.0,8,146,64,1
2026-08-06,S02,P502,146,0.0,14,132,64,1
2026-08-07,S02,P502,132,140.0,10,262,64,3
2026-08-08,S02,P502,262,0.0,22,240,64,1
2026-08-09,S02,P502,240,0.0,13,227,64,1
2026-08-10,S02,P502,227,0.0,15,212,64,1
2026-08-11,S02,P502,212,0.0,11,201,64,3
2026-08-12,S02,P502,201,0.0,13,188,64,2
2026-08-13,S02,P502,188,0.0,12,176,64,1
2026-08-14,S02,P502,176,0.0,14,162,64,1
2026-08-15,S02,P502,162,0.0,16,146,64,3
2026-08-16,S02,P502,146,0.0,14,132,64,3
2026-08-17,S02,P502,132,0.0,12,120,64,2
2026-08-18,S02,P502,120,0.0,11,109,64,4
2026-08-19,S02,P502,109,0.0,13,96,64,4
2026-08-20,S02,P502,96,44.0,14,126,64,2
2026-08-21,S02,P502,126,0.0,10,116,64,1
2026-08-22,S02,P502,116,0.0,16,100,64,3
2026-08-23,S02,P502,100,0.0,11,89,64,3
2026-08-24,S02,P502,89,95.0,11,173,64,2
2026-08-25,S02,P502,173,0.0,15,158,64,2
2026-08-26,S02,P502,158,0.0,20,138,64,3
2026-08-27,S02,P502,138,37.0,17,158,64,3
2026-08-28,S02,P502,158,126.0,9,275,64,3
2026-08-29,S02,P502,275,0.0,19,256,64,3
2026-08-30,S02,P502,256,0.0,16,240,64,4
2026-08-31,S02,P502,240,77.0,3,314,64,2
2026-07-01,S02,P503,80,0.0,21,59,97,1
2026-07-02,S02,P503,59,0.0,19,40,97,2
2026-07-03,S02,P503,40,0.0,13,27,97,2
2026-07-04,S02,P503,27,12.0,34,5,97,3
2026-07-05,S02,P503,5,0.0,20,0,97,1
2026-07-06,S02,P503,0,0.0,18,0,97,1
2026-07-07,S02,P503,0,0.0,10,0,97,3
2026-07-08,S02,P503,0,0.0,16,0,97,3
2026-07-09,S02,P503,0,0.0,14,0,97,4
2026-07-10,S02,P503,0,0.0,23,0,97,3
2026-07-11,S02,P503,0,0.0,18,0,97,4
2026-07-12,S02,P503,0,0.0,13,0,97,2
2026-07-13,S02,P503,0,0.0,29,0,97,3
2026-07-14,S02,P503,0,0.0,19,0,97,3
2026-07-15,S02,P503,0,0.0,13,0,97,2
2026-07-16,S02,P503,0,0.0,23,0,97,3
2026-07-17,S02,P503,0,0.0,11,0,97,4
2026-07-18,S02,P503,0,0.0,14,0,97,4
2026-07-19,S02,P503,0,0.0,18,0,97,4
2026-07-20,S02,P503,0,0.0,14,0,97,3
2026-07-21,S02,P503,0,0.0,16,0,97,3
2026-07-22,S02,P503,0,0.0,15,0,97,1
2026-07-23,S02,P503,0,0.0,20,0,97,4
2026-07-24,S02,P503,0,0.0,20,0,97,4
2026-07-25,S02,P503,0,0.0,12,0,97,1
2026-07-26,S02,P503,0,0.0,22,0,97,2
2026-07-27,S02,P503,0,0.0,18,0,97,3
2026-07-28,S02,P503,0,0.0,19,0,97,3
2026-07-29,S02,P503,0,0.0,21,0,97,1
2026-07-30,S02,P503,0,81.0,15,66,97,4
2026-07-31,S02,P503,66,0.0,22,44,97,1
2026-08-01,S02,P503,44,0.0,22,22,97,3
2026-08-02,S02,P503,22,0.0,22,0,97,4
2026-08-03,S02,P503,0,119.0,9,110,97,2
2026-08-04,S02,P503,110,0.0,12,98,97,3
2026-08-05,S02,P503,98,0.0,10,88,97,1
2026-08-06,S02,P503,88,0.0,23,65,97,4
2026-08-07,S02,P503,65,0.0,19,46,97,2
2026-08-08,S02,P503,46,0.0,16,30,97,2
2026-08-09,S02,P503,30,0.0,25,5,97,1
2026-08-10,S02,P503,5,0.0,19,0,97,1
2026-08-11,S02,P503,0,0.0,17,0,97,2
2026-08-12,S02,P503,0,68.0,27,41,97,1
2026-08-13,S02,P503,41,0.0,20,21,97,4
2026-08-14,S02,P503,21,0.0,12,9,97,1
2026-08-15,S02,P503,9,0.0,31,0,97,2
2026-08-16,S02,P503,0,0.0,30,0,97,3
2026-08-17,S02,P503,0,0.0,13,0,97,4
2026-08-18,S02,P503,0,0.0,18,0,97,3
2026-08-19,S02,P503,0,0.0,13,0,97,4
2026-08-20,S02,P503,0,112.0,14,98,97,2
2026-08-21,S02,P503,98,0.0,14,84,97,4
2026-08-22,S02,P503,84,78.0,27,135,97,4
2026-08-23,S02,P503,135,0.0,16,119,97,4
2026-08-24,S02,P503,119,0.0,19,100,97,2
2026-08-25,S02,P503,100,0.0,16,84,97,1
2026-08-26,S02,P503,84,0.0,24,60,97,1
2026-08-27,S02,P503,60,0.0,15,45,97,4
2026-08-28,S02,P503,45,0.0,16,29,97,3
2026-08-29,S02,P503,29,0.0,21,8,97,3
2026-08-30,S02,P503,8,0.0,22,0,97,1
2026-08-31,S02,P503,0,0.0,18,0,97,1
2026-07-01,S02,P601,121,0.0,22,99,113,3
2026-07-02,S02,P601,99,0.0,21,78,113,2
2026-07-03,S02,P601,78,0.0,21,57,113,4
2026-07-04,S02,P601,57,0.0,25,32,113,1
2026-07-05,S02,P601,32,0.0,15,17,113,1
2026-07-06,S02,P601,17,28.0,24,21,113,3
2026-07-07,S02,P601,21,0.0,25,0,113,1
2026-07-08,S02,P601,0,0.0,14,0,113,1
2026-07-09,S02,P601,0,0.0,18,0,113,3
2026-07-10,S02,P601,0,0.0,15,0,113,4
2026-07-11,S02,P601,0,0.0,30,0,113,4
2026-07-12,S02,P601,0,115.0,30,85,113,1
2026-07-13,S02,P601,85,0.0,16,69,113,2
2026-07-14,S02,P601,69,0.0,14,55,113,4
2026-07-15,S02,P601,55,0.0,24,31,113,2
2026-07-16,S02,P601,31,0.0,21,10,113,4
2026-07-17,S02,P601,10,0.0,21,0,113,4
2026-07-18,S02,P601,0,86.0,18,68,113,1
2026-07-19,S02,P601,68,0.0,13,55,113,3
2026-07-20,S02,P601,55,0.0,30,25,113,3
2026-07-21,S02,P601,25,0.0,25,0,113,1
2026-07-22,S02,P601,0,0.0,30,0,113,2
2026-07-23,S02,P601,0,0.0,14,0,113,3
2026-07-24,S02,P601,0,0.0,26,0,113,2
2026-07-25,S02,P601,0,0.0,25,0,113,3
2026-07-26,S02,P601,0,0.0,26,0,113,2
2026-07-27,S02,P601,0,109.0,16,93,113,3
2026-07-28,S02,P601,93,0.0,17,76,113,4
2026-07-29,S02,P601,76,0.0,23,53,113,4
2026-07-30,S02,P601,53,0.0,33,20,113,4
2026-07-31,S02,P601,20,0.0,27,0,113,3
2026-08-01,S02,P601,0,0.0,34,0,113,1
2026-08-02,S02,P601,0,0.0,29,0,113,4
2026-08-03,S02,P601,0,0.0,13,0,113,3
2026-08-04,S02,P601,0,0.0,23,0,113,3
2026-08-05,S02,P601,0,0.0,20,0,113,3
2026-08-06,S02,P601,0,0.0,11,0,113,2
2026-08-07,S02,P601,0,0.0,21,0,113,4
2026-08-08,S02,P601,0,0.0,25,0,113,2
2026-08-09,S02,P601,0,0.0,25,0,113,2
2026-08-10,S02,P601,0,0.0,26,0,113,4
2026-08-11,S02,P601,0,0.0,19,0,113,2
2026-08-12,S02,P601,0,141.0,22,119,113,1
2026-08-13,S02,P601,119,0.0,22,97,113,3
2026-08-14,S02,P601,97,0.0,13,84,113,1
2026-08-15,S02,P601,84,0.0,32,52,113,4
2026-08-16,S02,P601,52,0.0,23,29,113,1
2026-08-17,S02,P601,29,0.0,29,0,113,2
2026-08-18,S02,P601,0,0.0,26,0,113,1
2026-08-19,S02,P601,0,130.0,29,101,113,2
2026-08-20,S02,P601,101,0.0,24,77,113,1
2026-08-21,S02,P601,77,65.0,30,112,113,3
2026-08-22,S02,P601,112,152.0,24,240,113,1
2026-08-23,S02,P601,240,0.0,26,214,113,4
2026-08-24,S02,P601,214,0.0,19,195,113,2
2026-08-25,S02,P601,195,0.0,19,176,113,2
2026-08-26,S02,P601,176,0.0,26,150,113,3
2026-08-27,S02,P601,150,0.0,17,133,113,1
2026-08-28,S02,P601,133,0.0,19,114,113,1
2026-08-29,S02,P601,114,0.0,21,93,113,4
2026-08-30,S02,P601,93,0.0,20,73,113,4
2026-08-31,S02,P601,73,0.0,17,56,113,4
2026-07-01,S03,P101,355,0.0,19,336,88,3
2026-07-02,S03,P101,336,0.0,14,322,88,3
2026-07-03,S03,P101,322,0.0,19,303,88,3
2026-07-04,S03,P101,303,0.0,23,280,88,2
2026-07-05,S03,P101,280,0.0,21,259,88,3
2026-07-06,S03,P101,259,0.0,15,244,88,1
2026-07-07,S03,P101,244,0.0,17,227,88,4
2026-07-08,S03,P101,227,0.0,10,217,88,3
2026-07-09,S03,P101,217,0.0,12,205,88,3
2026-07-10,S03,P101,205,0.0,15,190,88,3
2026-07-11,S03,P101,190,0.0,11,179,88,3
2026-07-12,S03,P101,179,0.0,23,156,88,3
2026-07-13,S03,P101,156,0.0,17,139,88,1
2026-07-14,S03,P101,139,0.0,16,123,88,2
2026-07-15,S03,P101,123,0.0,12,111,88,3
2026-07-16,S03,P101,111,0.0,16,95,88,2
2026-07-17,S03,P101,95,0.0,11,84,88,4
2026-07-18,S03,P101,84,0.0,23,61,88,3
2026-07-19,S03,P101,61,0.0,17,44,88,2
2026-07-20,S03,P101,44,0.0,16,28,88,1
2026-07-21,S03,P101,28,0.0,9,44,88,2
2026-07-22,S03,P101,19,0.0,17,2,88,4
2026-07-23,S03,P101,2,0.0,14,0,88,1
2026-07-24,S03,P101,0,0.0,18,0,88,3
2026-07-25,S03,P101,0,0.0,15,0,88,1
2026-07-26,S03,P101,0,0.0,16,0,88,4
2026-07-27,S03,P101,0,81.0,17,64,88,1
2026-07-28,S03,P101,64,0.0,12,52,88,3
2026-07-29,S03,P101,52,0.0,14,38,88,2
2026-07-30,S03,P101,38,0.0,18,20,88,2
2026-07-31,S03,P101,20,57.0,22,55,88,3
2026-08-01,S03,P101,55,0.0,16,39,88,1
2026-08-02,S03,P101,39,0.0,25,14,88,4
2026-08-03,S03,P101,14,0.0,14,0,88,1
2026-08-04,S03,P101,0,0.0,20,0,88,1
2026-08-05,S03,P101,0,138.0,13,125,88,4
2026-08-06,S03,P101,125,0.0,10,115,88,4
2026-08-07,S03,P101,115,0.0,9,106,88,1
2026-08-08,S03,P101,106,0.0,20,86,88,2
2026-08-09,S03,P101,86,114.0,19,181,88,4
2026-08-10,S03,P101,181,0.0,15,166,88,1
2026-08-11,S03,P101,166,0.0,14,152,88,3
2026-08-12,S03,P101,152,0.0,16,136,88,3
2026-08-13,S03,P101,136,0.0,18,118,88,1
2026-08-14,S03,P101,118,0.0,16,102,88,3
2026-08-15,S03,P101,102,0.0,17,85,88,1
2026-08-16,S03,P101,85,55.0,22,118,88,4
2026-08-17,S03,P101,118,0.0,11,107,88,2
2026-08-18,S03,P101,107,0.0,19,88,88,2
2026-08-19,S03,P101,88,0.0,19,69,88,1
2026-08-20,S03,P101,69,0.0,16,53,88,1
2026-08-21,S03,P101,53,0.0,12,41,88,4
2026-08-22,S03,P101,41,100.0,20,121,88,3
2026-08-23,S03,P101,121,104.0,12,213,88,1
2026-08-24,S03,P101,213,0.0,13,200,88,1
2026-08-25,S03,P101,200,104.0,18,286,88,4
2026-08-26,S03,P101,286,0.0,24,262,88,3
2026-08-27,S03,P101,262,0.0,18,244,88,2
2026-08-28,S03,P101,244,59.0,18,285,88,1
2026-08-29,S03,P101,285,0.0,18,267,88,2
2026-08-30,S03,P101,267,0.0,22,245,88,1
2026-08-31,S03,P101,245,0.0,22,223,88,2
2026-07-01,S03,P102,498,67.0,12,553,60,3
2026-07-02,S03,P102,553,0.0,10,543,60,4
2026-07-03,S03,P102,543,106.0,9,640,60,2
2026-07-04,S03,P102,640,0.0,15,625,60,1
2026-07-05,S03,P102,625,0.0,14,611,60,3
2026-07-06,S03,P102,611,0.0,9,602,60,2
2026-07-07,S03,P102,602,0.0,18,584,60,2
2026-07-08,S03,P102,584,0.0,4,580,60,2
2026-07-09,S03,P102,580,0.0,11,569,60,2
2026-07-10,S03,P102,569,0.0,13,556,60,3
2026-07-11,S03,P102,556,0.0,6,550,60,4
2026-07-12,S03,P102,550,0.0,15,535,60,1
2026-07-13,S03,P102,535,0.0,11,524,60,2
2026-07-14,S03,P102,524,0.0,12,512,60,2
2026-07-15,S03,P102,512,0.0,14,498,60,3
2026-07-16,S03,P102,498,0.0,13,485,60,1
2026-07-17,S03,P102,485,0.0,11,474,60,3
2026-07-18,S03,P102,474,51.0,8,517,60,2
2026-07-19,S03,P102,517,0.0,16,501,60,3
2026-07-20,S03,P102,501,0.0,13,488,60,4
2026-07-21,S03,P102,488,0.0,6,482,60,1
2026-07-22,S03,P102,482,0.0,6,476,60,3
2026-07-23,S03,P102,476,0.0,12,464,60,4
2026-07-24,S03,P102,464,0.0,11,453,60,3
2026-07-25,S03,P102,453,0.0,7,446,60,3
2026-07-26,S03,P102,446,0.0,12,434,60,2
2026-07-27,S03,P102,434,0.0,7,427,60,3
2026-07-28,S03,P102,427,0.0,15,412,60,1
2026-07-29,S03,P102,412,0.0,8,404,60,3
2026-07-30,S03,P102,404,0.0,14,390,60,3
2026-07-31,S03,P102,390,0.0,14,376,60,2
2026-08-01,S03,P102,376,0.0,8,368,60,1
2026-08-02,S03,P102,368,0.0,15,353,60,4
2026-08-03,S03,P102,353,0.0,7,346,60,3
2026-08-04,S03,P102,346,0.0,5,341,60,1
2026-08-05,S03,P102,341,0.0,9,332,60,3
2026-08-06,S03,P102,332,0.0,15,317,60,2
2026-08-07,S03,P102,317,0.0,7,310,60,2
2026-08-08,S03,P102,310,0.0,16,294,60,2
2026-08-09,S03,P102,294,0.0,15,279,60,1
2026-08-10,S03,P102,279,0.0,12,267,60,3
2026-08-11,S03,P102,267,0.0,14,253,60,3
2026-08-12,S03,P102,253,0.0,14,239,60,4
2026-08-13,S03,P102,239,0.0,8,231,60,2
2026-08-14,S03,P102,231,0.0,8,223,60,4
2026-08-15,S03,P102,223,0.0,12,211,60,2
2026-08-16,S03,P102,211,0.0,12,199,60,4
2026-08-17,S03,P102,199,93.0,10,282,60,2
2026-08-18,S03,P102,282,0.0,14,268,60,1
2026-08-19,S03,P102,268,0.0,9,259,60,4
2026-08-20,S03,P102,259,0.0,11,248,60,4
2026-08-21,S03,P102,248,0.0,11,237,60,4
2026-08-22,S03,P102,237,0.0,15,222,60,2
2026-08-23,S03,P102,222,0.0,16,206,60,3
2026-08-24,S03,P102,206,0.0,10,196,60,1
2026-08-25,S03,P102,196,0.0,11,185,60,1
2026-08-26,S03,P102,185,0.0,12,173,60,2
2026-08-27,S03,P102,173,0.0,21,152,60,3
2026-08-28,S03,P102,152,0.0,9,143,60,1
2026-08-29,S03,P102,143,0.0,15,128,60,2
2026-08-30,S03,P102,128,0.0,10,118,60,1
2026-08-31,S03,P102,118,0.0,18,100,60,2
2026-07-01,S03,P103,197,0.0,5,192,40,3
2026-07-02,S03,P103,192,0.0,7,185,40,1
2026-07-03,S03,P103,185,119.0,6,298,40,1
2026-07-04,S03,P103,298,0.0,6,292,40,4
2026-07-05,S03,P103,292,0.0,11,281,40,2
2026-07-06,S03,P103,281,0.0,7,274,40,1
2026-07-07,S03,P103,274,0.0,9,265,40,1
2026-07-08,S03,P103,265,0.0,5,260,40,3
2026-07-09,S03,P103,260,0.0,6,254,40,3
2026-07-10,S03,P103,254,0.0,5,249,40,4
2026-07-11,S03,P103,249,0.0,4,245,40,2
2026-07-12,S03,P103,245,0.0,7,238,40,3
2026-07-13,S03,P103,238,0.0,6,232,40,3
2026-07-14,S03,P103,232,0.0,5,227,40,1
2026-07-15,S03,P103,227,0.0,6,221,40,3
2026-07-16,S03,P103,221,0.0,3,218,40,4
2026-07-17,S03,P103,218,0.0,2,216,40,3
2026-07-18,S03,P103,216,0.0,8,208,40,4
2026-07-19,S03,P103,208,0.0,5,203,40,2
2026-07-20,S03,P103,203,0.0,8,195,40,4
2026-07-21,S03,P103,195,0.0,3,192,40,2
2026-07-22,S03,P103,192,0.0,7,185,40,4
2026-07-23,S03,P103,185,0.0,10,175,40,3
2026-07-24,S03,P103,175,0.0,8,167,40,4
2026-07-25,S03,P103,167,0.0,4,163,40,2
2026-07-26,S03,P103,163,0.0,6,157,40,2
2026-07-27,S03,P103,157,0.0,4,153,40,1
2026-07-28,S03,P103,153,0.0,11,142,40,3
2026-07-29,S03,P103,142,0.0,7,135,40,3
2026-07-30,S03,P103,135,0.0,6,129,40,4
2026-07-31,S03,P103,129,0.0,5,124,40,1
2026-08-01,S03,P103,124,0.0,4,120,40,2
2026-08-02,S03,P103,120,0.0,6,114,40,2
2026-08-03,S03,P103,114,0.0,6,108,40,1
2026-08-04,S03,P103,108,0.0,10,98,40,4
2026-08-05,S03,P103,98,0.0,8,90,40,3
2026-08-06,S03,P103,90,84.0,6,168,40,1
2026-08-07,S03,P103,168,0.0,7,161,40,1
2026-08-08,S03,P103,161,0.0,5,156,40,2
2026-08-09,S03,P103,156,0.0,7,149,40,1
2026-08-10,S03,P103,149,0.0,2,147,40,1
2026-08-11,S03,P103,147,0.0,5,142,40,1
2026-08-12,S03,P103,142,0.0,8,134,40,2
2026-08-13,S03,P103,134,0.0,4,130,40,2
2026-08-14,S03,P103,130,0.0,8,122,40,2
2026-08-15,S03,P103,122,0.0,9,113,40,1
2026-08-16,S03,P103,113,108.0,5,216,40,1
2026-08-17,S03,P103,216,0.0,8,208,40,2
2026-08-18,S03,P103,208,0.0,4,204,40,3
2026-08-19,S03,P103,204,0.0,4,200,40,3
2026-08-20,S03,P103,200,0.0,5,195,40,2
2026-08-21,S03,P103,195,0.0,5,190,40,2
2026-08-22,S03,P103,190,0.0,6,184,40,3
2026-08-23,S03,P103,184,0.0,5,179,40,1
2026-08-24,S03,P103,179,0.0,7,172,40,3
2026-08-25,S03,P103,172,0.0,5,167,40,2
2026-08-26,S03,P103,167,0.0,5,162,40,2
2026-08-27,S03,P103,162,0.0,11,151,40,4
2026-08-28,S03,P103,151,0.0,7,144,40,1
2026-08-29,S03,P103,144,0.0,4,140,40,3
2026-08-30,S03,P103,140,0.0,7,133,40,4
2026-08-31,S03,P103,133,0.0,7,126,40,3
2026-07-01,S03,P104,401,0.0,4,397,40,1
2026-07-02,S03,P104,397,0.0,4,393,40,2
2026-07-03,S03,P104,393,0.0,1,392,40,2
2026-07-04,S03,P104,392,0.0,4,388,40,3
2026-07-05,S03,P104,388,151.0,4,535,40,1
2026-07-06,S03,P104,535,65.0,1,599,40,2
2026-07-07,S03,P104,599,0.0,2,597,40,3
2026-07-08,S03,P104,597,0.0,3,594,40,3
2026-07-09,S03,P104,594,0.0,9,585,40,4
2026-07-10,S03,P104,585,0.0,2,583,40,4
2026-07-11,S03,P104,583,0.0,3,580,40,1
2026-07-12,S03,P104,580,0.0,5,575,40,4
2026-07-13,S03,P104,575,0.0,6,569,40,1
2026-07-14,S03,P104,569,0.0,3,566,40,4
2026-07-15,S03,P104,566,0.0,5,561,40,1
2026-07-16,S03,P104,561,0.0,4,557,40,4
2026-07-17,S03,P104,557,86.0,1,642,40,4
2026-07-18,S03,P104,642,0.0,2,640,40,2
2026-07-19,S03,P104,640,0.0,2,638,40,4
2026-07-20,S03,P104,638,0.0,3,635,40,3
2026-07-21,S03,P104,635,0.0,1,634,40,2
2026-07-22,S03,P104,634,0.0,4,630,40,1
2026-07-23,S03,P104,630,108.0,5,733,40,1
2026-07-24,S03,P104,733,0.0,5,728,40,1
2026-07-25,S03,P104,728,0.0,5,723,40,4
2026-07-26,S03,P104,723,0.0,3,720,40,2
2026-07-27,S03,P104,720,0.0,2,718,40,1
2026-07-28,S03,P104,718,0.0,4,714,40,4
2026-07-29,S03,P104,714,0.0,8,706,40,1
2026-07-30,S03,P104,706,0.0,2,704,40,4
2026-07-31,S03,P104,704,0.0,3,701,40,1
2026-08-01,S03,P104,701,156.0,2,855,40,3
2026-08-02,S03,P104,855,0.0,3,852,40,2
2026-08-03,S03,P104,852,89.0,1,940,40,3
2026-08-04,S03,P104,940,0.0,3,937,40,1
2026-08-05,S03,P104,937,0.0,6,931,40,4
2026-08-06,S03,P104,931,0.0,3,928,40,4
2026-08-07,S03,P104,928,0.0,3,925,40,3
2026-08-08,S03,P104,925,0.0,5,920,40,4
2026-08-09,S03,P104,920,0.0,5,915,40,2
2026-08-10,S03,P104,915,0.0,3,912,40,3
2026-08-11,S03,P104,912,136.0,1,1047,40,2
2026-08-12,S03,P104,1047,0.0,4,1043,40,4
2026-08-13,S03,P104,1043,0.0,4,1039,40,1
2026-08-14,S03,P104,1039,0.0,4,1035,40,2
2026-08-15,S03,P104,1035,0.0,1,1034,40,1
2026-08-16,S03,P104,1034,135.0,6,1163,40,1
2026-08-17,S03,P104,1163,0.0,6,1157,40,4
2026-08-18,S03,P104,1157,0.0,3,1154,40,1
2026-08-19,S03,P104,1154,0.0,2,1152,40,4
2026-08-20,S03,P104,1152,0.0,3,1149,40,2
2026-08-21,S03,P104,1149,0.0,1,1148,40,2
2026-08-22,S03,P104,1148,0.0,3,1145,40,2
2026-08-23,S03,P104,1145,0.0,7,1138,40,3
2026-08-24,S03,P104,1138,0.0,6,1132,40,3
2026-08-25,S03,P104,1132,0.0,6,1126,40,3
2026-08-26,S03,P104,1126,0.0,3,1123,40,4
2026-08-27,S03,P104,1123,0.0,5,1118,40,2
2026-08-28,S03,P104,1118,0.0,5,1113,40,2
2026-08-29,S03,P104,1113,33.0,4,1142,40,1
2026-08-30,S03,P104,1142,0.0,8,1134,40,3
2026-08-31,S03,P104,1134,0.0,3,1131,40,2
2026-07-01,S03,P201,322,156.0,3,475,40,3
2026-07-02,S03,P201,475,0.0,4,471,40,2
2026-07-03,S03,P201,471,0.0,3,468,40,4
2026-07-04,S03,P201,468,0.0,9,459,40,1
2026-07-05,S03,P201,459,0.0,8,451,40,4
2026-07-06,S03,P201,451,0.0,2,449,40,4
2026-07-07,S03,P201,449,96.0,5,540,40,4
2026-07-08,S03,P201,540,10.0,4,546,40,2
2026-07-09,S03,P201,546,0.0,8,538,40,4
2026-07-10,S03,P201,538,0.0,1,537,40,3
2026-07-11,S03,P201,537,0.0,6,531,40,1
2026-07-12,S03,P201,531,0.0,1,530,40,2
2026-07-13,S03,P201,530,0.0,4,526,40,2
2026-07-14,S03,P201,526,0.0,3,523,40,3
2026-07-15,S03,P201,523,0.0,5,518,40,1
2026-07-16,S03,P201,518,32.0,2,548,40,4
2026-07-17,S03,P201,548,0.0,3,545,40,1
2026-07-18,S03,P201,545,0.0,4,541,40,1
2026-07-19,S03,P201,541,0.0,4,537,40,2
2026-07-20,S03,P201,537,0.0,1,536,40,1
2026-07-21,S03,P201,536,0.0,4,532,40,3
2026-07-22,S03,P201,532,131.0,4,659,40,4
2026-07-23,S03,P201,659,0.0,9,650,40,2
2026-07-24,S03,P201,650,0.0,3,647,40,3
2026-07-25,S03,P201,647,0.0,4,643,40,1
2026-07-26,S03,P201,643,0.0,4,639,40,4
2026-07-27,S03,P201,639,0.0,7,632,40,4
2026-07-28,S03,P201,632,130.0,3,759,40,3
2026-07-29,S03,P201,759,0.0,7,752,40,1
2026-07-30,S03,P201,752,0.0,6,746,40,2
2026-07-31,S03,P201,746,0.0,3,743,40,1
2026-08-01,S03,P201,743,147.0,4,886,40,1
2026-08-02,S03,P201,886,150.0,8,1028,40,3
2026-08-03,S03,P201,1028,0.0,2,1026,40,4
2026-08-04,S03,P201,1026,41.0,7,1060,40,2
2026-08-05,S03,P201,1060,127.0,4,1183,40,1
2026-08-06,S03,P201,1183,0.0,6,1177,40,3
2026-08-07,S03,P201,1177,0.0,3,1174,40,4
2026-08-08,S03,P201,1174,0.0,4,1170,40,1
2026-08-09,S03,P201,1170,0.0,3,1167,40,1
2026-08-10,S03,P201,1167,0.0,1,1166,40,1
2026-08-11,S03,P201,1166,0.0,3,1163,40,4
2026-08-12,S03,P201,1163,0.0,4,1159,40,4
2026-08-13,S03,P201,1159,0.0,5,1154,40,2
2026-08-14,S03,P201,1154,111.0,5,1260,40,4
2026-08-15,S03,P201,1260,78.0,9,1329,40,3
2026-08-16,S03,P201,1329,0.0,9,1320,40,4
2026-08-17,S03,P201,1320,0.0,5,1315,40,4
2026-08-18,S03,P201,1315,0.0,7,1308,40,4
2026-08-19,S03,P201,1308,0.0,6,1302,40,3
2026-08-20,S03,P201,1302,0.0,4,1298,40,3
2026-08-21,S03,P201,1298,0.0,5,1293,40,4
2026-08-22,S03,P201,1293,0.0,6,1287,40,3
2026-08-23,S03,P201,1287,0.0,3,1284,40,3
2026-08-24,S03,P201,1284,0.0,11,1273,40,1
2026-08-25,S03,P201,1273,0.0,8,1265,40,2
2026-08-26,S03,P201,1265,0.0,4,1261,40,1
2026-08-27,S03,P201,1261,0.0,5,1256,40,4
2026-08-28,S03,P201,1256,0.0,6,1250,40,1
2026-08-29,S03,P201,1250,0.0,4,1246,40,4
2026-08-30,S03,P201,1246,0.0,1,1245,40,3
2026-08-31,S03,P201,1245,0.0,4,1241,40,3
2026-07-01,S03,P202,153,0.0,13,140,72,1
2026-07-02,S03,P202,140,0.0,15,125,72,1
2026-07-03,S03,P202,125,0.0,8,117,72,2
2026-07-04,S03,P202,117,0.0,10,107,72,1
2026-07-05,S03,P202,107,0.0,14,93,72,3
2026-07-06,S03,P202,93,0.0,5,88,72,4
2026-07-07,S03,P202,88,0.0,13,75,72,4
2026-07-08,S03,P202,75,0.0,17,58,72,3
2026-07-09,S03,P202,58,0.0,13,45,72,1
2026-07-10,S03,P202,45,0.0,15,30,72,4
2026-07-11,S03,P202,30,,13,17,72,1
2026-07-12,S03,P202,17,0.0,27,0,72,2
2026-07-13,S03,P202,0,0.0,8,0,72,2
2026-07-14,S03,P202,0,0.0,6,0,72,4
2026-07-15,S03,P202,0,0.0,8,0,72,3
2026-07-16,S03,P202,0,95.0,12,83,72,4
2026-07-17,S03,P202,83,0.0,9,74,72,2
2026-07-18,S03,P202,74,0.0,15,59,72,4
2026-07-19,S03,P202,59,0.0,20,39,72,3
2026-07-20,S03,P202,39,0.0,13,26,72,2
2026-07-21,S03,P202,26,0.0,13,13,72,4
2026-07-22,S03,P202,13,0.0,17,0,72,3
2026-07-23,S03,P202,0,0.0,13,0,72,1
2026-07-24,S03,P202,0,0.0,18,0,72,3
2026-07-25,S03,P202,0,0.0,21,0,72,2
2026-07-26,S03,P202,0,2.0,17,0,72,4
2026-07-27,S03,P202,0,0.0,9,0,72,3
2026-07-28,S03,P202,0,0.0,9,0,72,3
2026-07-29,S03,P202,0,0.0,14,0,72,3
2026-07-30,S03,P202,0,0.0,15,0,72,3
2026-07-31,S03,P202,0,0.0,12,0,72,2
2026-08-01,S03,P202,0,0.0,17,0,72,2
2026-08-02,S03,P202,0,37.0,15,22,72,1
2026-08-03,S03,P202,22,0.0,16,6,72,4
2026-08-04,S03,P202,6,0.0,13,0,72,2
2026-08-05,S03,P202,0,0.0,10,0,72,1
2026-08-06,S03,P202,0,0.0,15,0,72,2
2026-08-07,S03,P202,0,0.0,10,0,72,4
2026-08-08,S03,P202,0,0.0,20,0,72,4
2026-08-09,S03,P202,0,48.0,16,32,72,2
2026-08-10,S03,P202,32,0.0,6,26,72,2
2026-08-11,S03,P202,26,0.0,13,13,72,2
2026-08-12,S03,P202,13,0.0,17,0,72,3
2026-08-13,S03,P202,0,0.0,14,0,72,1
2026-08-14,S03,P202,0,0.0,7,0,72,2
2026-08-15,S03,P202,0,20.0,9,11,72,2
2026-08-16,S03,P202,11,0.0,15,0,72,4
2026-08-17,S03,P202,0,0.0,9,0,72,3
2026-08-18,S03,P202,0,0.0,18,0,72,3
2026-08-19,S03,P202,0,0.0,16,0,72,1
2026-08-20,S03,P202,0,0.0,6,0,72,2
2026-08-21,S03,P202,0,0.0,8,0,72,2
2026-08-22,S03,P202,0,0.0,16,0,72,1
2026-08-23,S03,P202,0,0.0,19,0,72,3
2026-08-24,S03,P202,0,0.0,8,0,72,2
2026-08-25,S03,P202,0,0.0,17,0,72,3
2026-08-26,S03,P202,0,0.0,10,0,72,1
2026-08-27,S03,P202,0,0.0,13,0,72,2
2026-08-28,S03,P202,0,0.0,17,0,72,3
2026-08-29,S03,P202,0,0.0,21,0,72,1
2026-08-30,S03,P202,0,0.0,12,0,72,4
2026-08-31,S03,P202,0,0.0,14,0,72,1
2026-07-01,S03,P203,87,0.0,8,79,40,1
2026-07-02,S03,P203,79,0.0,4,75,40,3
2026-07-03,S03,P203,75,0.0,11,64,40,3
2026-07-04,S03,P203,64,0.0,3,61,40,4
2026-07-05,S03,P203,61,0.0,6,55,40,4
2026-07-06,S03,P203,55,0.0,6,49,40,3
2026-07-07,S03,P203,49,0.0,3,46,40,2
2026-07-08,S03,P203,46,0.0,4,42,40,4
2026-07-09,S03,P203,42,0.0,12,30,40,1
2026-07-10,S03,P203,30,0.0,8,22,40,1
2026-07-11,S03,P203,22,0.0,6,16,40,4
2026-07-12,S03,P203,16,0.0,9,7,40,3
2026-07-13,S03,P203,7,0.0,7,0,40,3
2026-07-14,S03,P203,0,0.0,6,0,40,1
2026-07-15,S03,P203,0,0.0,9,0,40,4
2026-07-16,S03,P203,0,0.0,5,0,40,2
2026-07-17,S03,P203,0,123.0,8,115,40,1
2026-07-18,S03,P203,115,0.0,3,112,40,3
2026-07-19,S03,P203,112,0.0,5,107,40,2
2026-07-20,S03,P203,107,0.0,6,101,40,1
2026-07-21,S03,P203,101,0.0,6,95,40,1
2026-07-22,S03,P203,95,0.0,6,89,40,4
2026-07-23,S03,P203,89,0.0,9,80,40,1
2026-07-24,S03,P203,80,0.0,11,69,40,4
2026-07-25,S03,P203,69,0.0,1,68,40,3
2026-07-26,S03,P203,68,19.0,7,80,40,4
2026-07-27,S03,P203,80,0.0,6,74,40,1
2026-07-28,S03,P203,74,0.0,10,64,40,2
2026-07-29,S03,P203,64,0.0,7,57,40,3
2026-07-30,S03,P203,57,86.0,8,135,40,4
2026-07-31,S03,P203,135,0.0,8,127,40,2
2026-08-01,S03,P203,127,0.0,8,119,40,4
2026-08-02,S03,P203,119,0.0,7,112,40,4
2026-08-03,S03,P203,112,0.0,4,108,40,1
2026-08-04,S03,P203,108,0.0,7,101,40,3
2026-08-05,S03,P203,101,0.0,6,95,40,4
2026-08-06,S03,P203,95,0.0,1,94,40,3
2026-08-07,S03,P203,94,0.0,8,86,40,3
2026-08-08,S03,P203,86,0.0,4,82,40,3
2026-08-09,S03,P203,82,0.0,7,75,40,1
2026-08-10,S03,P203,75,0.0,10,65,40,1
2026-08-11,S03,P203,65,0.0,6,59,40,3
2026-08-12,S03,P203,59,29.0,7,81,40,1
2026-08-13,S03,P203,81,0.0,7,74,40,1
2026-08-14,S03,P203,74,0.0,6,68,40,3
2026-08-15,S03,P203,68,0.0,14,54,40,2
2026-08-16,S03,P203,54,0.0,9,45,40,3
2026-08-17,S03,P203,45,0.0,5,40,40,4
2026-08-18,S03,P203,40,45.0,5,80,40,2
2026-08-19,S03,P203,80,109.0,4,185,40,2
2026-08-20,S03,P203,185,0.0,6,179,40,2
2026-08-21,S03,P203,179,0.0,7,172,40,3
2026-08-22,S03,P203,172,0.0,1,171,40,4
2026-08-23,S03,P203,171,58.0,11,218,40,4
2026-08-24,S03,P203,218,0.0,7,211,40,3
2026-08-25,S03,P203,211,0.0,7,204,40,4
2026-08-26,S03,P203,204,0.0,8,196,40,1
2026-08-27,S03,P203,196,0.0,7,189,40,1
2026-08-28,S03,P203,189,0.0,5,184,40,1
2026-08-29,S03,P203,184,0.0,5,179,40,1
2026-08-30,S03,P203,179,0.0,9,170,40,1
2026-08-31,S03,P203,170,0.0,8,162,40,3
2026-07-01,S03,P204,200,0.0,4,196,40,4
2026-07-02,S03,P204,196,0.0,6,190,40,1
2026-07-03,S03,P204,190,0.0,5,185,40,4
2026-07-04,S03,P204,185,133.0,2,316,40,1
2026-07-05,S03,P204,316,108.0,3,421,40,2
2026-07-06,S03,P204,421,0.0,4,417,40,3
2026-07-07,S03,P204,417,0.0,1,416,40,4
2026-07-08,S03,P204,416,0.0,3,413,40,4
2026-07-09,S03,P204,413,0.0,2,411,40,3
2026-07-10,S03,P204,411,0.0,2,409,40,4
2026-07-11,S03,P204,409,0.0,4,405,40,1
2026-07-12,S03,P204,405,0.0,10,395,40,3
2026-07-13,S03,P204,395,0.0,2,393,40,4
2026-07-14,S03,P204,393,0.0,4,389,40,2
2026-07-15,S03,P204,389,0.0,6,383,40,2
2026-07-16,S03,P204,383,0.0,3,380,40,1
2026-07-17,S03,P204,380,0.0,4,376,40,1
2026-07-18,S03,P204,376,0.0,2,374,40,1
2026-07-19,S03,P204,374,0.0,2,372,40,2
2026-07-20,S03,P204,372,0.0,2,370,40,3
2026-07-21,S03,P204,370,0.0,1,369,40,2
2026-07-22,S03,P204,369,0.0,4,365,40,3
2026-07-23,S03,P204,365,0.0,8,357,40,4
2026-07-24,S03,P204,357,16.0,9,364,40,4
2026-07-25,S03,P204,364,0.0,6,358,40,4
2026-07-26,S03,P204,358,0.0,5,353,40,2
2026-07-27,S03,P204,353,0.0,4,349,40,2
2026-07-28,S03,P204,349,0.0,4,345,40,4
2026-07-29,S03,P204,345,0.0,5,340,40,2
2026-07-30,S03,P204,340,0.0,4,336,40,2
2026-07-31,S03,P204,336,0.0,2,334,40,3
2026-08-01,S03,P204,334,0.0,6,328,40,2
2026-08-02,S03,P204,328,0.0,3,325,40,1
2026-08-03,S03,P204,325,143.0,2,466,40,4
2026-08-04,S03,P204,466,0.0,5,461,40,3
2026-08-05,S03,P204,461,0.0,3,458,40,3
2026-08-06,S03,P204,458,0.0,2,456,40,2
2026-08-07,S03,P204,456,0.0,4,452,40,1
2026-08-08,S03,P204,452,0.0,3,449,40,1
2026-08-09,S03,P204,449,0.0,3,446,40,2
2026-08-10,S03,P204,446,103.0,3,546,40,3
2026-08-11,S03,P204,546,0.0,2,544,40,4
2026-08-12,S03,P204,544,0.0,7,537,40,2
2026-08-13,S03,P204,537,0.0,4,533,40,4
2026-08-14,S03,P204,533,2.0,4,531,40,1
2026-08-15,S03,P204,531,55.0,4,582,40,2
2026-08-16,S03,P204,582,0.0,3,579,40,2
2026-08-17,S03,P204,579,0.0,3,576,40,3
2026-08-18,S03,P204,576,0.0,5,571,40,4
2026-08-19,S03,P204,571,0.0,5,566,40,4
2026-08-20,S03,P204,566,0.0,6,560,40,2
2026-08-21,S03,P204,560,0.0,3,557,40,2
2026-08-22,S03,P204,557,0.0,6,551,40,1
2026-08-23,S03,P204,551,0.0,3,548,40,4
2026-08-24,S03,P204,548,158.0,4,702,40,4
2026-08-25,S03,P204,702,0.0,7,695,40,3
2026-08-26,S03,P204,695,0.0,9,686,40,2
2026-08-27,S03,P204,686,0.0,3,683,40,3
2026-08-28,S03,P204,683,0.0,2,681,40,1
2026-08-29,S03,P204,681,0.0,9,672,40,1
2026-08-30,S03,P204,672,0.0,6,666,40,3
2026-08-31,S03,P204,666,0.0,1,665,40,4
2026-07-01,S03,P301,368,0.0,15,353,80,2
2026-07-02,S03,P301,353,49.0,16,386,80,2
2026-07-03,S03,P301,386,0.0,7,379,80,4
2026-07-04,S03,P301,379,0.0,18,361,80,2
2026-07-05,S03,P301,361,0.0,17,344,80,1
2026-07-06,S03,P301,344,126.0,21,449,80,1
2026-07-07,S03,P301,449,0.0,14,435,80,4
2026-07-08,S03,P301,435,0.0,15,420,80,4
2026-07-09,S03,P301,420,0.0,10,410,80,1
2026-07-10,S03,P301,410,0.0,17,393,80,4
2026-07-11,S03,P301,393,0.0,19,374,80,4
2026-07-12,S03,P301,374,0.0,19,355,80,2
2026-07-13,S03,P301,355,0.0,11,344,80,2
2026-07-14,S03,P301,344,0.0,18,326,80,1
2026-07-15,S03,P301,326,0.0,14,312,80,2
2026-07-16,S03,P301,312,0.0,17,295,80,4
2026-07-17,S03,P301,295,0.0,15,280,80,4
2026-07-18,S03,P301,280,0.0,13,267,80,2
2026-07-19,S03,P301,267,0.0,9,258,80,2
2026-07-20,S03,P301,258,0.0,14,244,80,4
2026-07-21,S03,P301,244,0.0,16,228,80,4
2026-07-22,S03,P301,228,0.0,10,218,80,4
2026-07-23,S03,P301,218,0.0,10,208,80,2
2026-07-24,S03,P301,208,47.0,19,236,80,4
2026-07-25,S03,P301,236,0.0,22,214,80,3
2026-07-26,S03,P301,214,0.0,19,195,80,2
2026-07-27,S03,P301,195,0.0,16,179,80,2
2026-07-28,S03,P301,179,0.0,6,173,80,4
2026-07-29,S03,P301,173,0.0,13,160,80,2
2026-07-30,S03,P301,160,0.0,14,146,80,4
2026-07-31,S03,P301,146,0.0,18,128,80,4
2026-08-01,S03,P301,128,0.0,17,111,80,2
2026-08-02,S03,P301,111,0.0,17,94,80,2
2026-08-03,S03,P301,94,0.0,18,76,80,1
2026-08-04,S03,P301,76,0.0,11,65,80,3
2026-08-05,S03,P301,65,122.0,16,171,80,2
2026-08-06,S03,P301,171,0.0,10,161,80,2
2026-08-07,S03,P301,161,0.0,10,151,80,2
2026-08-08,S03,P301,151,0.0,19,132,80,2
2026-08-09,S03,P301,132,0.0,27,105,80,1
2026-08-10,S03,P301,105,0.0,20,85,80,2
2026-08-11,S03,P301,85,0.0,12,73,80,3
2026-08-12,S03,P301,73,0.0,14,59,80,1
2026-08-13,S03,P301,59,109.0,14,154,80,4
2026-08-14,S03,P301,154,0.0,12,142,80,2
2026-08-15,S03,P301,142,0.0,17,125,80,1
2026-08-16,S03,P301,125,0.0,17,108,80,1
2026-08-17,S03,P301,108,0.0,19,89,80,1
2026-08-18,S03,P301,89,11.0,16,84,80,3
2026-08-19,S03,P301,84,0.0,13,71,80,3
2026-08-20,S03,P301,71,0.0,12,59,80,2
2026-08-21,S03,P301,59,0.0,12,47,80,4
2026-08-22,S03,P301,47,0.0,15,32,80,1
2026-08-23,S03,P301,32,0.0,26,6,80,1
2026-08-24,S03,P301,6,0.0,20,0,80,2
2026-08-25,S03,P301,0,0.0,15,0,80,1
2026-08-26,S03,P301,0,0.0,14,0,80,3
2026-08-27,S03,P301,0,0.0,21,0,80,2
2026-08-28,S03,P301,0,0.0,14,0,80,1
2026-08-29,S03,P301,0,0.0,13,0,80,4
2026-08-30,S03,P301,0,0.0,18,0,80,3
2026-08-31,S03,P301,0,0.0,17,0,80,1
2026-07-01,S03,P302,258,0.0,7,251,48,3
2026-07-02,S03,P302,251,0.0,4,247,48,3
2026-07-03,S03,P302,247,0.0,11,236,48,3
2026-07-04,S03,P302,236,0.0,8,228,48,3
2026-07-05,S03,P302,228,0.0,9,219,48,3
2026-07-06,S03,P302,219,126.0,9,336,48,1
2026-07-07,S03,P302,336,0.0,7,329,48,1
2026-07-08,S03,P302,329,0.0,16,313,48,2
2026-07-09,S03,P302,313,0.0,11,302,48,1
2026-07-10,S03,P302,302,0.0,7,295,48,3
2026-07-11,S03,P302,295,0.0,9,286,48,2
2026-07-12,S03,P302,286,0.0,7,279,48,1
2026-07-13,S03,P302,279,0.0,9,270,48,3
2026-07-14,S03,P302,270,0.0,7,263,48,1
2026-07-15,S03,P302,263,0.0,8,255,48,2
2026-07-16,S03,P302,255,0.0,8,247,48,1
2026-07-17,S03,P302,247,120.0,9,358,48,3
2026-07-18,S03,P302,358,0.0,12,346,48,2
2026-07-19,S03,P302,346,0.0,9,337,48,3
2026-07-20,S03,P302,337,0.0,9,328,48,2
2026-07-21,S03,P302,328,0.0,10,318,48,2
2026-07-22,S03,P302,318,0.0,10,308,48,2
2026-07-23,S03,P302,308,0.0,10,298,48,3
2026-07-24,S03,P302,298,50.0,10,338,48,2
2026-07-25,S03,P302,338,0.0,9,329,48,2
2026-07-26,S03,P302,329,0.0,11,318,48,4
2026-07-27,S03,P302,318,0.0,5,313,48,3
2026-07-28,S03,P302,313,0.0,10,303,48,2
2026-07-29,S03,P302,303,0.0,11,292,48,2
2026-07-30,S03,P302,292,0.0,9,283,48,1
2026-07-31,S03,P302,283,0.0,8,275,48,3
2026-08-01,S03,P302,275,68.0,7,336,48,3
2026-08-02,S03,P302,336,0.0,13,323,48,1
2026-08-03,S03,P302,323,0.0,10,313,48,1
2026-08-04,S03,P302,313,0.0,9,304,48,4
2026-08-05,S03,P302,304,0.0,10,294,48,3
2026-08-06,S03,P302,294,0.0,6,288,48,2
2026-08-07,S03,P302,288,0.0,7,281,48,3
2026-08-08,S03,P302,281,0.0,8,273,48,2
2026-08-09,S03,P302,273,0.0,8,265,48,2
2026-08-10,S03,P302,265,0.0,6,259,48,4
2026-08-11,S03,P302,259,0.0,10,249,48,4
2026-08-12,S03,P302,249,0.0,4,245,48,1
2026-08-13,S03,P302,245,0.0,6,239,48,2
2026-08-14,S03,P302,239,0.0,8,231,48,1
2026-08-15,S03,P302,231,64.0,3,292,48,2
2026-08-16,S03,P302,292,0.0,8,284,48,1
2026-08-17,S03,P302,284,0.0,5,279,48,4
2026-08-18,S03,P302,279,0.0,9,270,48,1
2026-08-19,S03,P302,270,0.0,7,263,48,3
2026-08-20,S03,P302,263,0.0,12,251,48,2
2026-08-21,S03,P302,251,0.0,12,239,48,1
2026-08-22,S03,P302,239,0.0,9,230,48,2
2026-08-23,S03,P302,230,0.0,10,220,48,2
2026-08-24,S03,P302,220,0.0,14,206,48,1
2026-08-25,S03,P302,206,0.0,12,194,48,2
2026-08-26,S03,P302,194,0.0,13,181,48,3
2026-08-27,S03,P302,181,0.0,3,178,48,4
2026-08-28,S03,P302,178,0.0,13,165,48,1
2026-08-29,S03,P302,165,100.0,4,261,48,3
2026-08-30,S03,P302,261,0.0,8,253,48,3
2026-08-31,S03,P302,253,0.0,8,245,48,2
2026-07-01,S03,P303,192,0.0,7,185,40,2
2026-07-02,S03,P303,185,105.0,4,286,40,4
2026-07-03,S03,P303,286,0.0,2,284,40,3
2026-07-04,S03,P303,284,0.0,7,277,40,2
2026-07-05,S03,P303,277,0.0,8,269,40,4
2026-07-06,S03,P303,269,0.0,6,263,40,3
2026-07-07,S03,P303,263,0.0,2,261,40,3
2026-07-08,S03,P303,261,0.0,3,258,40,3
2026-07-09,S03,P303,258,0.0,2,256,40,2
2026-07-10,S03,P303,256,0.0,4,252,40,3
2026-07-11,S03,P303,252,0.0,5,247,40,2
2026-07-12,S03,P303,247,0.0,5,242,40,2
2026-07-13,S03,P303,242,0.0,6,236,40,4
2026-07-14,S03,P303,236,0.0,11,225,40,3
2026-07-15,S03,P303,225,0.0,5,220,40,3
2026-07-16,S03,P303,220,17.0,5,232,40,4
2026-07-17,S03,P303,232,0.0,4,228,40,3
2026-07-18,S03,P303,228,0.0,1,227,40,3
2026-07-19,S03,P303,227,0.0,4,223,40,4
2026-07-20,S03,P303,223,0.0,4,219,40,2
2026-07-21,S03,P303,219,0.0,4,215,40,2
2026-07-22,S03,P303,215,0.0,5,210,40,1
2026-07-23,S03,P303,210,0.0,4,206,40,2
2026-07-24,S03,P303,206,0.0,5,201,40,3
2026-07-25,S03,P303,201,0.0,8,193,40,4
2026-07-26,S03,P303,193,0.0,7,186,40,3
2026-07-27,S03,P303,186,0.0,4,182,40,2
2026-07-28,S03,P303,182,0.0,4,178,40,1
2026-07-29,S03,P303,178,0.0,3,175,40,3
2026-07-30,S03,P303,175,0.0,6,169,40,3
2026-07-31,S03,P303,169,0.0,5,164,40,1
2026-08-01,S03,P303,164,0.0,5,159,40,4
2026-08-02,S03,P303,159,0.0,8,151,40,1
2026-08-03,S03,P303,151,0.0,7,144,40,4
2026-08-04,S03,P303,144,0.0,5,139,40,4
2026-08-05,S03,P303,139,0.0,5,134,40,2
2026-08-06,S03,P303,134,0.0,9,125,40,3
2026-08-07,S03,P303,125,0.0,4,121,40,1
2026-08-08,S03,P303,121,0.0,11,110,40,2
2026-08-09,S03,P303,110,0.0,9,101,40,3
2026-08-10,S03,P303,101,0.0,8,93,40,2
2026-08-11,S03,P303,93,0.0,7,86,40,1
2026-08-12,S03,P303,86,0.0,4,82,40,2
2026-08-13,S03,P303,82,0.0,6,76,40,2
2026-08-14,S03,P303,76,0.0,3,73,40,3
2026-08-15,S03,P303,73,0.0,4,69,40,4
2026-08-16,S03,P303,69,0.0,3,66,40,3
2026-08-17,S03,P303,66,0.0,4,62,40,2
2026-08-18,S03,P303,62,0.0,6,56,40,3
2026-08-19,S03,P303,56,0.0,7,49,40,4
2026-08-20,S03,P303,49,0.0,4,45,40,3
2026-08-21,S03,P303,45,137.0,6,176,40,2
2026-08-22,S03,P303,176,0.0,9,167,40,1
2026-08-23,S03,P303,167,0.0,8,159,40,3
2026-08-24,S03,P303,159,0.0,4,155,40,3
2026-08-25,S03,P303,155,0.0,8,147,40,4
2026-08-26,S03,P303,147,0.0,6,141,40,4
2026-08-27,S03,P303,141,0.0,3,138,40,3
2026-08-28,S03,P303,138,0.0,6,132,40,2
2026-08-29,S03,P303,132,0.0,4,128,40,3
2026-08-30,S03,P303,128,0.0,3,125,40,3
2026-08-31,S03,P303,125,0.0,7,118,40,1
2026-07-01,S03,P304,293,0.0,20,273,112,1
2026-07-02,S03,P304,273,0.0,20,253,112,3
2026-07-03,S03,P304,253,0.0,16,237,112,3
2026-07-04,S03,P304,237,0.0,21,216,112,1
2026-07-05,S03,P304,216,0.0,29,187,112,2
2026-07-06,S03,P304,187,0.0,19,168,112,2
2026-07-07,S03,P304,168,0.0,15,153,112,1
2026-07-08,S03,P304,153,0.0,10,143,112,3
2026-07-09,S03,P304,143,0.0,13,130,112,1
2026-07-10,S03,P304,130,0.0,25,105,112,4
2026-07-11,S03,P304,105,0.0,20,85,112,1
2026-07-12,S03,P304,85,0.0,25,60,112,4
2026-07-13,S03,P304,60,0.0,20,40,112,3
2026-07-14,S03,P304,40,0.0,19,21,112,3
2026-07-15,S03,P304,21,0.0,21,0,112,1
2026-07-16,S03,P304,0,0.0,18,0,112,1
2026-07-17,S03,P304,0,0.0,16,0,112,4
2026-07-18,S03,P304,0,0.0,16,0,112,4
2026-07-19,S03,P304,0,0.0,18,0,112,1
2026-07-20,S03,P304,0,0.0,27,0,112,3
2026-07-21,S03,P304,0,0.0,22,0,112,3
2026-07-22,S03,P304,0,16.0,18,0,112,2
2026-07-23,S03,P304,0,0.0,12,0,112,2
2026-07-24,S03,P304,0,0.0,26,0,112,4
2026-07-25,S03,P304,0,0.0,20,0,112,3
2026-07-26,S03,P304,0,0.0,20,0,112,3
2026-07-27,S03,P304,0,0.0,16,0,112,4
2026-07-28,S03,P304,0,0.0,20,0,112,2
2026-07-29,S03,P304,0,0.0,25,0,112,2
2026-07-30,S03,P304,0,0.0,20,0,112,1
2026-07-31,S03,P304,0,26.0,11,15,112,3
2026-08-01,S03,P304,15,0.0,22,0,112,3
2026-08-02,S03,P304,0,0.0,16,0,112,2
2026-08-03,S03,P304,0,0.0,21,0,112,4
2026-08-04,S03,P304,0,0.0,16,0,112,3
2026-08-05,S03,P304,0,0.0,16,0,112,3
2026-08-06,S03,P304,0,0.0,18,0,112,3
2026-08-07,S03,P304,0,0.0,24,0,112,4
2026-08-08,S03,P304,0,0.0,26,0,112,1
2026-08-09,S03,P304,0,0.0,25,0,112,4
2026-08-10,S03,P304,0,0.0,27,0,112,2
2026-08-11,S03,P304,0,0.0,13,0,112,3
2026-08-12,S03,P304,0,0.0,16,0,112,4
2026-08-13,S03,P304,0,0.0,21,0,112,2
2026-08-14,S03,P304,0,0.0,15,0,112,3
2026-08-15,S03,P304,0,0.0,19,0,112,4
2026-08-16,S03,P304,0,0.0,21,0,112,2
2026-08-17,S03,P304,0,4.0,25,0,112,3
2026-08-18,S03,P304,0,136.0,15,121,112,4
2026-08-19,S03,P304,121,0.0,22,99,112,4
2026-08-20,S03,P304,99,0.0,20,79,112,3
2026-08-21,S03,P304,79,0.0,19,60,112,2
2026-08-22,S03,P304,60,0.0,23,37,112,4
2026-08-23,S03,P304,37,0.0,25,12,112,4
2026-08-24,S03,P304,12,0.0,15,0,112,4
2026-08-25,S03,P304,0,0.0,28,0,112,1
2026-08-26,S03,P304,0,0.0,16,0,112,2
2026-08-27,S03,P304,0,0.0,22,0,112,1
2026-08-28,S03,P304,0,0.0,23,0,112,4
2026-08-29,S03,P304,0,0.0,32,0,112,4
2026-08-30,S03,P304,0,0.0,21,0,112,1
2026-08-31,S03,P304,0,0.0,15,0,112,4
2026-07-01,S03,P401,251,0.0,17,234,100,4
2026-07-02,S03,P401,234,0.0,26,208,100,1
2026-07-03,S03,P401,208,0.0,20,188,100,1
2026-07-04,S03,P401,188,0.0,26,162,100,3
2026-07-05,S03,P401,162,0.0,24,138,100,3
2026-07-06,S03,P401,138,0.0,23,115,100,1
2026-07-07,S03,P401,115,0.0,21,94,100,4
2026-07-08,S03,P401,94,0.0,34,60,100,2
2026-07-09,S03,P401,60,0.0,14,46,100,2
2026-07-10,S03,P401,46,0.0,20,26,100,3
2026-07-11,S03,P401,26,0.0,25,1,100,2
2026-07-12,S03,P401,1,0.0,25,0,100,2
2026-07-13,S03,P401,0,0.0,17,0,100,2
2026-07-14,S03,P401,0,0.0,16,0,100,2
2026-07-15,S03,P401,0,0.0,20,0,100,3
2026-07-16,S03,P401,0,0.0,18,0,100,4
2026-07-17,S03,P401,0,0.0,24,0,100,2
2026-07-18,S03,P401,0,0.0,19,0,100,1
2026-07-19,S03,P401,0,0.0,30,0,100,4
2026-07-20,S03,P401,0,0.0,19,0,100,1
2026-07-21,S03,P401,0,0.0,17,0,100,2
2026-07-22,S03,P401,0,0.0,23,0,100,1
2026-07-23,S03,P401,0,0.0,19,0,100,3
2026-07-24,S03,P401,0,0.0,24,0,100,4
2026-07-25,S03,P401,0,0.0,19,0,100,4
2026-07-26,S03,P401,0,0.0,25,0,100,2
2026-07-27,S03,P401,0,0.0,22,0,100,4
2026-07-28,S03,P401,0,0.0,22,0,100,2
2026-07-29,S03,P401,0,0.0,15,0,100,1
2026-07-30,S03,P401,0,0.0,16,0,100,3
2026-07-31,S03,P401,0,0.0,18,0,100,3
2026-08-01,S03,P401,0,0.0,18,0,100,4
2026-08-02,S03,P401,0,47.0,28,19,100,4
2026-08-03,S03,P401,19,0.0,23,0,100,4
2026-08-04,S03,P401,0,0.0,26,0,100,3
2026-08-05,S03,P401,0,0.0,19,0,100,4
2026-08-06,S03,P401,0,0.0,12,0,100,1
2026-08-07,S03,P401,0,0.0,8,0,100,3
2026-08-08,S03,P401,0,0.0,13,0,100,4
2026-08-09,S03,P401,0,0.0,25,0,100,4
2026-08-10,S03,P401,0,3.0,16,0,100,4
2026-08-11,S03,P401,0,0.0,26,0,100,4
2026-08-12,S03,P401,0,122.0,16,106,100,4
2026-08-13,S03,P401,106,0.0,16,90,100,2
2026-08-14,S03,P401,90,0.0,9,81,100,3
2026-08-15,S03,P401,81,0.0,16,65,100,1
2026-08-16,S03,P401,65,0.0,19,46,100,2
2026-08-17,S03,P401,46,0.0,13,33,100,3
2026-08-18,S03,P401,33,0.0,14,19,100,1
2026-08-19,S03,P401,19,0.0,23,0,100,4
2026-08-20,S03,P401,0,0.0,17,0,100,4
2026-08-21,S03,P401,0,0.0,14,0,100,4
2026-08-22,S03,P401,0,0.0,25,0,100,1
2026-08-23,S03,P401,0,0.0,19,0,100,2
2026-08-24,S03,P401,0,37.0,21,16,100,4
2026-08-25,S03,P401,16,0.0,34,0,100,1
2026-08-26,S03,P401,0,0.0,18,0,100,2
2026-08-27,S03,P401,0,0.0,29,0,100,4
2026-08-28,S03,P401,0,0.0,13,0,100,3
2026-08-29,S03,P401,0,0.0,27,0,100,2
2026-08-30,S03,P401,0,0.0,17,0,100,2
2026-08-31,S03,P401,0,0.0,20,0,100,4
2026-07-01,S03,P402,320,0.0,24,296,120,4
2026-07-02,S03,P402,296,105.0,18,383,120,1
2026-07-03,S03,P402,383,0.0,17,366,120,4
2026-07-04,S03,P402,366,56.0,24,398,120,2
2026-07-05,S03,P402,398,0.0,22,376,120,1
2026-07-06,S03,P402,376,0.0,18,358,120,3
2026-07-07,S03,P402,358,0.0,15,343,120,3
2026-07-08,S03,P402,343,0.0,20,323,120,4
2026-07-09,S03,P402,323,0.0,24,299,120,4
2026-07-10,S03,P402,299,0.0,24,275,120,4
2026-07-11,S03,P402,275,0.0,23,252,120,2
2026-07-12,S03,P402,252,0.0,22,230,120,3
2026-07-13,S03,P402,230,0.0,13,217,120,2
2026-07-14,S03,P402,217,0.0,18,199,120,4
2026-07-15,S03,P402,199,0.0,17,182,120,2
2026-07-16,S03,P402,182,133.0,33,282,120,3
2026-07-17,S03,P402,282,27.0,20,289,120,3
2026-07-18,S03,P402,289,30.0,37,282,120,1
2026-07-19,S03,P402,282,0.0,24,258,120,1
2026-07-20,S03,P402,258,0.0,32,226,120,3
2026-07-21,S03,P402,226,61.0,20,267,120,3
2026-07-22,S03,P402,267,107.0,20,354,120,1
2026-07-23,S03,P402,354,138.0,16,476,120,1
2026-07-24,S03,P402,476,0.0,15,461,120,3
2026-07-25,S03,P402,461,0.0,29,432,120,3
2026-07-26,S03,P402,432,0.0,29,403,120,3
2026-07-27,S03,P402,403,0.0,26,377,120,3
2026-07-28,S03,P402,377,0.0,18,359,120,1
2026-07-29,S03,P402,359,0.0,20,339,120,3
2026-07-30,S03,P402,339,0.0,26,313,120,3
2026-07-31,S03,P402,313,0.0,25,288,120,2
2026-08-01,S03,P402,288,0.0,21,267,120,1
2026-08-02,S03,P402,267,0.0,31,236,120,3
2026-08-03,S03,P402,236,0.0,10,226,120,4
2026-08-04,S03,P402,226,0.0,14,212,120,1
2026-08-05,S03,P402,212,3.0,19,196,120,3
2026-08-06,S03,P402,196,148.0,22,322,120,2
2026-08-07,S03,P402,322,0.0,23,299,120,3
2026-08-08,S03,P402,299,0.0,20,279,120,1
2026-08-09,S03,P402,279,0.0,29,250,120,1
2026-08-10,S03,P402,250,0.0,21,229,120,4
2026-08-11,S03,P402,229,0.0,31,198,120,3
2026-08-12,S03,P402,198,53.0,22,229,120,2
2026-08-13,S03,P402,229,0.0,21,208,120,2
2026-08-14,S03,P402,208,0.0,19,189,120,2
2026-08-15,S03,P402,189,69.0,25,233,120,1
2026-08-16,S03,P402,233,0.0,26,207,120,1
2026-08-17,S03,P402,207,0.0,23,184,120,4
2026-08-18,S03,P402,184,57.0,25,216,120,2
2026-08-19,S03,P402,216,0.0,21,195,120,1
2026-08-20,S03,P402,195,0.0,21,174,120,4
2026-08-21,S03,P402,174,0.0,25,149,120,4
2026-08-22,S03,P402,149,0.0,18,131,120,2
2026-08-23,S03,P402,131,0.0,29,102,120,2
2026-08-24,S03,P402,102,29.0,19,112,120,3
2026-08-25,S03,P402,112,0.0,20,92,120,3
2026-08-26,S03,P402,92,0.0,20,72,120,2
2026-08-27,S03,P402,72,0.0,23,49,120,4
2026-08-28,S03,P402,49,0.0,15,34,120,2
2026-08-29,S03,P402,34,0.0,17,17,120,4
2026-08-30,S03,P402,17,0.0,24,0,120,2
2026-08-31,S03,P402,0,32.0,18,14,120,2
2026-07-01,S03,P403,370,0.0,14,356,64,4
2026-07-02,S03,P403,356,0.0,15,341,64,3
2026-07-03,S03,P403,341,0.0,10,331,64,1
2026-07-04,S03,P403,331,0.0,15,316,64,2
2026-07-05,S03,P403,316,0.0,10,306,64,4
2026-07-06,S03,P403,306,0.0,16,290,64,2
2026-07-07,S03,P403,290,0.0,9,281,64,2
2026-07-08,S03,P403,281,0.0,16,265,64,4
2026-07-09,S03,P403,265,0.0,9,256,64,3
2026-07-10,S03,P403,256,0.0,14,242,64,4
2026-07-11,S03,P403,242,117.0,12,347,64,4
2026-07-12,S03,P403,347,0.0,14,333,64,2
2026-07-13,S03,P403,333,0.0,10,323,64,1
2026-07-14,S03,P403,323,0.0,13,310,64,4
2026-07-15,S03,P403,310,0.0,10,300,64,3
2026-07-16,S03,P403,300,0.0,21,279,64,4
2026-07-17,S03,P403,279,0.0,18,261,64,2
2026-07-18,S03,P403,261,0.0,17,244,64,2
2026-07-19,S03,P403,244,0.0,8,236,64,4
2026-07-20,S03,P403,236,0.0,8,228,64,3
2026-07-21,S03,P403,228,0.0,11,217,64,4
2026-07-22,S03,P403,217,0.0,12,205,64,4
2026-07-23,S03,P403,205,0.0,11,194,64,1
2026-07-24,S03,P403,194,28.0,14,208,64,2
2026-07-25,S03,P403,208,0.0,13,195,64,4
2026-07-26,S03,P403,195,0.0,17,178,64,4
2026-07-27,S03,P403,178,0.0,14,164,64,2
2026-07-28,S03,P403,164,0.0,15,149,64,3
2026-07-29,S03,P403,149,0.0,10,139,64,2
2026-07-30,S03,P403,139,0.0,12,127,64,4
2026-07-31,S03,P403,127,0.0,6,121,64,4
2026-08-01,S03,P403,121,0.0,13,108,64,3
2026-08-02,S03,P403,108,118.0,15,211,64,1
2026-08-03,S03,P403,211,0.0,13,198,64,3
2026-08-04,S03,P403,198,0.0,19,179,64,4
2026-08-05,S03,P403,179,57.0,9,227,64,3
2026-08-06,S03,P403,227,0.0,10,217,64,3
2026-08-07,S03,P403,217,0.0,6,211,64,3
2026-08-08,S03,P403,211,0.0,12,199,64,2
2026-08-09,S03,P403,199,0.0,15,184,64,2
2026-08-10,S03,P403,184,0.0,8,176,64,2
2026-08-11,S03,P403,176,0.0,12,164,64,2
2026-08-12,S03,P403,164,0.0,15,149,64,3
2026-08-13,S03,P403,149,0.0,13,136,64,3
2026-08-14,S03,P403,136,0.0,6,130,64,1
2026-08-15,S03,P403,130,52.0,8,174,64,4
2026-08-16,S03,P403,174,0.0,7,167,64,4
2026-08-17,S03,P403,167,55.0,13,209,64,3
2026-08-18,S03,P403,209,0.0,14,195,64,1
2026-08-19,S03,P403,195,0.0,13,182,64,4
2026-08-20,S03,P403,182,0.0,15,167,64,3
2026-08-21,S03,P403,167,0.0,15,152,64,1
2026-08-22,S03,P403,152,0.0,21,131,64,2
2026-08-23,S03,P403,131,0.0,16,115,64,2
2026-08-24,S03,P403,115,0.0,6,109,64,1
2026-08-25,S03,P403,109,0.0,15,94,64,2
2026-08-26,S03,P403,94,0.0,11,83,64,4
2026-08-27,S03,P403,83,0.0,10,73,64,2
2026-08-28,S03,P403,73,0.0,16,57,64,4
2026-08-29,S03,P403,57,0.0,16,41,64,3
2026-08-30,S03,P403,41,0.0,11,30,64,1
2026-08-31,S03,P403,30,47.0,21,56,64,4
2026-07-01,S03,P404,370,0.0,0,370,40,3
2026-07-02,S03,P404,370,0.0,0,370,40,1
2026-07-03,S03,P404,370,0.0,0,370,40,3
2026-07-04,S03,P404,370,0.0,0,370,40,2
2026-07-05,S03,P404,370,0.0,0,370,40,4
2026-07-06,S03,P404,370,0.0,0,370,40,4
2026-07-07,S03,P404,370,0.0,0,370,40,4
2026-07-08,S03,P404,370,0.0,0,370,40,2
2026-07-09,S03,P404,370,0.0,0,370,40,2
2026-07-10,S03,P404,370,103.0,0,473,40,2
2026-07-11,S03,P404,473,0.0,0,473,40,4
2026-07-12,S03,P404,473,0.0,0,473,40,1
2026-07-13,S03,P404,473,0.0,0,473,40,2
2026-07-14,S03,P404,473,0.0,0,473,40,4
2026-07-15,S03,P404,473,0.0,0,473,40,1
2026-07-16,S03,P404,473,0.0,0,473,40,4
2026-07-17,S03,P404,473,159.0,0,632,40,2
2026-07-18,S03,P404,632,0.0,0,632,40,3
2026-07-19,S03,P404,632,0.0,0,632,40,3
2026-07-20,S03,P404,632,0.0,0,632,40,2
2026-07-21,S03,P404,632,0.0,0,632,40,2
2026-07-22,S03,P404,632,0.0,0,632,40,3
2026-07-23,S03,P404,632,0.0,0,632,40,4
2026-07-24,S03,P404,632,0.0,0,632,40,4
2026-07-25,S03,P404,632,0.0,0,632,40,4
2026-07-26,S03,P404,632,124.0,0,756,40,1
2026-07-27,S03,P404,756,0.0,0,756,40,1
2026-07-28,S03,P404,756,0.0,0,756,40,1
2026-07-29,S03,P404,756,0.0,0,756,40,1
2026-07-30,S03,P404,756,0.0,0,756,40,3
2026-07-31,S03,P404,756,0.0,0,756,40,1
2026-08-01,S03,P404,756,0.0,0,756,40,2
2026-08-02,S03,P404,756,0.0,0,756,40,2
2026-08-03,S03,P404,756,0.0,0,756,40,2
2026-08-04,S03,P404,756,0.0,0,756,40,1
2026-08-05,S03,P404,756,0.0,0,756,40,1
2026-08-06,S03,P404,756,0.0,0,756,40,3
2026-08-07,S03,P404,756,0.0,0,756,40,2
2026-08-08,S03,P404,756,0.0,0,756,40,2
2026-08-09,S03,P404,756,0.0,0,756,40,3
2026-08-10,S03,P404,756,0.0,0,756,40,4
2026-08-11,S03,P404,756,0.0,0,756,40,1
2026-08-12,S03,P404,756,0.0,0,756,40,1
2026-08-13,S03,P404,756,0.0,0,756,40,4
2026-08-14,S03,P404,756,0.0,0,756,40,3
2026-08-15,S03,P404,756,20.0,0,776,40,3
2026-08-16,S03,P404,776,0.0,0,776,40,4
2026-08-17,S03,P404,776,0.0,0,776,40,1
2026-08-18,S03,P404,776,0.0,0,776,40,2
2026-08-19,S03,P404,776,125.0,0,901,40,4
2026-08-20,S03,P404,901,0.0,0,901,40,4
2026-08-21,S03,P404,901,0.0,0,901,40,4
2026-08-22,S03,P404,901,0.0,0,901,40,2
2026-08-23,S03,P404,901,0.0,0,901,40,4
2026-08-24,S03,P404,901,0.0,0,901,40,1
2026-08-25,S03,P404,901,0.0,0,901,40,2
2026-08-26,S03,P404,901,0.0,0,901,40,2
2026-08-27,S03,P404,901,81.0,2,980,40,2
2026-08-28,S03,P404,980,0.0,1,979,40,4
2026-08-29,S03,P404,979,0.0,2,977,40,1
2026-08-30,S03,P404,977,0.0,2,975,40,4
2026-08-31,S03,P404,975,0.0,6,969,40,2
2026-07-01,S03,P501,419,0.0,11,408,40,1
2026-07-02,S03,P501,408,0.0,9,399,40,3
2026-07-03,S03,P501,399,0.0,7,392,40,1
2026-07-04,S03,P501,392,0.0,7,385,40,4
2026-07-05,S03,P501,385,71.0,8,448,40,3
2026-07-06,S03,P501,448,0.0,4,444,40,1
2026-07-07,S03,P501,444,0.0,12,432,40,3
2026-07-08,S03,P501,432,0.0,8,424,40,4
2026-07-09,S03,P501,424,0.0,7,417,40,4
2026-07-10,S03,P501,417,0.0,8,409,40,1
2026-07-11,S03,P501,409,102.0,8,503,40,3
2026-07-12,S03,P501,503,6.0,4,505,40,3
2026-07-13,S03,P501,505,0.0,7,498,40,1
2026-07-14,S03,P501,498,0.0,5,493,40,2
2026-07-15,S03,P501,493,0.0,9,484,40,1
2026-07-16,S03,P501,484,0.0,10,474,40,2
2026-07-17,S03,P501,474,59.0,12,521,40,1
2026-07-18,S03,P501,521,96.0,11,606,40,3
2026-07-19,S03,P501,606,0.0,6,600,40,4
2026-07-20,S03,P501,600,0.0,8,592,40,4
2026-07-21,S03,P501,592,0.0,4,588,40,3
2026-07-22,S03,P501,588,0.0,5,583,40,1
2026-07-23,S03,P501,583,0.0,9,574,40,2
2026-07-24,S03,P501,574,4.0,5,573,40,4
2026-07-25,S03,P501,573,0.0,17,556,40,2
2026-07-26,S03,P501,556,0.0,8,548,40,2
2026-07-27,S03,P501,548,0.0,8,540,40,2
2026-07-28,S03,P501,540,0.0,8,532,40,4
2026-07-29,S03,P501,532,0.0,9,523,40,3
2026-07-30,S03,P501,523,0.0,9,514,40,2
2026-07-31,S03,P501,514,0.0,5,509,40,4
2026-08-01,S03,P501,509,0.0,7,502,40,3
2026-08-02,S03,P501,502,0.0,4,498,40,2
2026-08-03,S03,P501,498,0.0,3,495,40,4
2026-08-04,S03,P501,495,49.0,8,536,40,2
2026-08-05,S03,P501,536,0.0,7,529,40,3
2026-08-06,S03,P501,529,0.0,9,520,40,2
2026-08-07,S03,P501,520,0.0,10,510,40,3
2026-08-08,S03,P501,510,0.0,10,500,40,1
2026-08-09,S03,P501,500,0.0,8,492,40,3
2026-08-10,S03,P501,492,0.0,9,483,40,2
2026-08-11,S03,P501,483,0.0,7,476,40,4
2026-08-12,S03,P501,476,106.0,9,573,40,4
2026-08-13,S03,P501,573,0.0,8,565,40,3
2026-08-14,S03,P501,565,52.0,7,610,40,3
2026-08-15,S03,P501,610,0.0,17,593,40,1
2026-08-16,S03,P501,593,0.0,15,578,40,4
2026-08-17,S03,P501,578,0.0,10,568,40,2
2026-08-18,S03,P501,568,0.0,9,559,40,1
2026-08-19,S03,P501,559,0.0,8,551,40,2
2026-08-20,S03,P501,551,0.0,9,542,40,1
2026-08-21,S03,P501,542,0.0,8,534,40,1
2026-08-22,S03,P501,534,0.0,14,520,40,2
2026-08-23,S03,P501,520,0.0,6,514,40,1
2026-08-24,S03,P501,514,0.0,12,502,40,1
2026-08-25,S03,P501,502,0.0,4,498,40,3
2026-08-26,S03,P501,498,0.0,2,496,40,2
2026-08-27,S03,P501,496,0.0,7,489,40,4
2026-08-28,S03,P501,489,0.0,12,477,40,2
2026-08-29,S03,P501,477,0.0,11,466,40,2
2026-08-30,S03,P501,466,0.0,7,459,40,2
2026-08-31,S03,P501,459,0.0,5,454,40,3
2026-07-01,S03,P502,70,0.0,4,66,40,3
2026-07-02,S03,P502,66,0.0,4,62,40,3
2026-07-03,S03,P502,62,0.0,6,56,40,1
2026-07-04,S03,P502,56,0.0,4,52,40,3
2026-07-05,S03,P502,52,0.0,6,46,40,3
2026-07-06,S03,P502,46,0.0,8,38,40,3
2026-07-07,S03,P502,38,46.0,8,76,40,4
2026-07-08,S03,P502,76,0.0,13,63,40,2
2026-07-09,S03,P502,63,0.0,1,62,40,2
2026-07-10,S03,P502,62,0.0,7,55,40,2
2026-07-11,S03,P502,55,0.0,11,44,40,4
2026-07-12,S03,P502,44,0.0,6,38,40,2
2026-07-13,S03,P502,38,0.0,9,29,40,3
2026-07-14,S03,P502,29,58.0,3,84,40,2
2026-07-15,S03,P502,84,0.0,5,79,40,2
2026-07-16,S03,P502,79,0.0,6,73,40,1
2026-07-17,S03,P502,73,0.0,1,72,40,3
2026-07-18,S03,P502,72,0.0,3,69,40,3
2026-07-19,S03,P502,69,0.0,9,60,40,3
2026-07-20,S03,P502,60,109.0,5,164,40,4
2026-07-21,S03,P502,164,0.0,4,160,40,3
2026-07-22,S03,P502,160,0.0,3,157,40,4
2026-07-23,S03,P502,157,0.0,4,153,40,2
2026-07-24,S03,P502,153,0.0,8,145,40,3
2026-07-25,S03,P502,145,0.0,6,139,40,3
2026-07-26,S03,P502,139,0.0,8,131,40,2
2026-07-27,S03,P502,131,0.0,6,125,40,3
2026-07-28,S03,P502,125,0.0,5,120,40,4
2026-07-29,S03,P502,120,0.0,7,113,40,3
2026-07-30,S03,P502,113,0.0,7,106,40,1
2026-07-31,S03,P502,106,0.0,8,98,40,3
2026-08-01,S03,P502,98,0.0,12,86,40,4
2026-08-02,S03,P502,86,0.0,4,82,40,3
2026-08-03,S03,P502,82,93.0,5,170,40,2
2026-08-04,S03,P502,170,0.0,5,165,40,4
2026-08-05,S03,P502,165,0.0,11,154,40,3
2026-08-06,S03,P502,154,0.0,5,149,40,1
2026-08-07,S03,P502,149,0.0,5,144,40,2
2026-08-08,S03,P502,144,85.0,5,224,40,4
2026-08-09,S03,P502,224,0.0,9,215,40,2
2026-08-10,S03,P502,215,0.0,3,212,40,4
2026-08-11,S03,P502,212,89.0,9,292,40,2
2026-08-12,S03,P502,292,0.0,11,281,40,2
2026-08-13,S03,P502,281,0.0,4,277,40,3
2026-08-14,S03,P502,277,0.0,5,272,40,3
2026-08-15,S03,P502,272,0.0,5,267,40,1
2026-08-16,S03,P502,267,0.0,10,257,40,4
2026-08-17,S03,P502,257,0.0,9,248,40,3
2026-08-18,S03,P502,248,0.0,8,240,40,1
2026-08-19,S03,P502,240,0.0,1,239,40,2
2026-08-20,S03,P502,239,0.0,9,230,40,4
2026-08-21,S03,P502,230,0.0,8,222,40,1
2026-08-22,S03,P502,222,0.0,8,214,40,3
2026-08-23,S03,P502,214,140.0,7,347,40,3
2026-08-24,S03,P502,347,0.0,9,338,40,3
2026-08-25,S03,P502,338,122.0,6,454,40,3
2026-08-26,S03,P502,454,0.0,6,448,40,3
2026-08-27,S03,P502,448,0.0,4,444,40,2
2026-08-28,S03,P502,444,67.0,5,506,40,4
2026-08-29,S03,P502,506,0.0,11,495,40,4
2026-08-30,S03,P502,495,0.0,9,486,40,1
2026-08-31,S03,P502,486,113.0,6,593,40,1
2026-07-01,S03,P503,147,0.0,10,137,48,3
2026-07-02,S03,P503,137,0.0,12,125,48,1
2026-07-03,S03,P503,125,0.0,7,118,48,4
2026-07-04,S03,P503,118,0.0,13,105,48,2
2026-07-05,S03,P503,105,0.0,12,118,48,3
2026-07-06,S03,P503,93,0.0,14,79,48,4
2026-07-07,S03,P503,79,0.0,6,73,48,1
2026-07-08,S03,P503,73,0.0,8,65,48,4
2026-07-09,S03,P503,65,0.0,13,52,48,4
2026-07-10,S03,P503,52,0.0,9,43,48,1
2026-07-11,S03,P503,43,0.0,6,37,48,2
2026-07-12,S03,P503,37,0.0,9,28,48,3
2026-07-13,S03,P503,28,0.0,7,21,48,4
2026-07-14,S03,P503,21,0.0,11,10,48,4
2026-07-15,S03,P503,10,46.0,6,50,48,3
2026-07-16,S03,P503,50,0.0,4,46,48,3
2026-07-17,S03,P503,46,0.0,7,39,48,1
2026-07-18,S03,P503,39,0.0,6,33,48,1
2026-07-19,S03,P503,33,0.0,7,26,48,3
2026-07-20,S03,P503,26,0.0,8,18,48,4
2026-07-21,S03,P503,18,0.0,12,6,48,4
2026-07-22,S03,P503,6,0.0,12,0,48,3
2026-07-23,S03,P503,0,0.0,8,0,48,3
2026-07-24,S03,P503,0,0.0,9,0,48,3
2026-07-25,S03,P503,0,0.0,15,0,48,3
2026-07-26,S03,P503,0,0.0,13,0,48,1
2026-07-27,S03,P503,0,0.0,10,0,48,2
2026-07-28,S03,P503,0,0.0,6,0,48,2
2026-07-29,S03,P503,0,0.0,11,0,48,4
2026-07-30,S03,P503,0,0.0,11,0,48,1
2026-07-31,S03,P503,0,2.0,6,0,48,4
2026-08-01,S03,P503,0,0.0,8,0,48,3
2026-08-02,S03,P503,0,0.0,17,0,48,1
2026-08-03,S03,P503,0,87.0,5,82,48,2
2026-08-04,S03,P503,82,0.0,7,75,48,1
2026-08-05,S03,P503,75,0.0,10,65,48,3
2026-08-06,S03,P503,65,0.0,7,58,48,1
2026-08-07,S03,P503,58,0.0,8,50,48,2
2026-08-08,S03,P503,50,136.0,10,176,48,3
2026-08-09,S03,P503,176,131.0,10,297,48,2
2026-08-10,S03,P503,297,0.0,5,292,48,4
2026-08-11,S03,P503,292,0.0,9,283,48,1
2026-08-12,S03,P503,283,0.0,8,275,48,1
2026-08-13,S03,P503,275,0.0,7,268,48,2
2026-08-14,S03,P503,268,0.0,9,259,48,4
2026-08-15,S03,P503,259,0.0,16,243,48,1
2026-08-16,S03,P503,243,0.0,7,236,48,4
2026-08-17,S03,P503,236,0.0,8,228,48,3
2026-08-18,S03,P503,228,0.0,7,221,48,3
2026-08-19,S03,P503,221,0.0,10,211,48,1
2026-08-20,S03,P503,211,159.0,12,358,48,1
2026-08-21,S03,P503,358,0.0,8,350,48,4
2026-08-22,S03,P503,350,49.0,9,390,48,1
2026-08-23,S03,P503,390,0.0,8,382,48,1
2026-08-24,S03,P503,382,0.0,4,378,48,4
2026-08-25,S03,P503,378,0.0,11,367,48,4
2026-08-26,S03,P503,367,0.0,5,362,48,4
2026-08-27,S03,P503,362,0.0,9,353,48,2
2026-08-28,S03,P503,353,0.0,8,345,48,1
2026-08-29,S03,P503,345,0.0,10,335,48,2
2026-08-30,S03,P503,335,0.0,7,328,48,4
2026-08-31,S03,P503,328,0.0,5,323,48,4
2026-07-01,S03,P601,460,0.0,8,452,56,3
2026-07-02,S03,P601,452,0.0,5,447,56,1
2026-07-03,S03,P601,447,0.0,11,436,56,4
2026-07-04,S03,P601,436,0.0,12,424,56,1
2026-07-05,S03,P601,424,0.0,9,415,56,3
2026-07-06,S03,P601,415,108.0,7,516,56,2
2026-07-07,S03,P601,516,0.0,11,505,56,1
2026-07-08,S03,P601,505,0.0,10,495,56,1
2026-07-09,S03,P601,495,154.0,4,645,56,1
2026-07-10,S03,P601,645,0.0,7,638,56,4
2026-07-11,S03,P601,638,0.0,9,629,56,2
2026-07-12,S03,P601,629,0.0,10,619,56,1
2026-07-13,S03,P601,619,0.0,6,613,56,1
2026-07-14,S03,P601,613,0.0,9,604,56,3
2026-07-15,S03,P601,604,109.0,12,701,56,2
2026-07-16,S03,P601,701,0.0,16,685,56,1
2026-07-17,S03,P601,685,0.0,10,675,56,2
2026-07-18,S03,P601,675,0.0,8,667,56,3
2026-07-19,S03,P601,667,0.0,10,657,56,3
2026-07-20,S03,P601,657,0.0,5,652,56,2
2026-07-21,S03,P601,652,0.0,5,647,56,3
2026-07-22,S03,P601,647,0.0,11,636,56,2
2026-07-23,S03,P601,636,0.0,9,627,56,1
2026-07-24,S03,P601,627,0.0,20,607,56,4
2026-07-25,S03,P601,607,35.0,11,631,56,2
2026-07-26,S03,P601,631,0.0,14,617,56,3
2026-07-27,S03,P601,617,0.0,8,609,56,3
2026-07-28,S03,P601,609,0.0,13,596,56,4
2026-07-29,S03,P601,596,0.0,9,587,56,1
2026-07-30,S03,P601,587,0.0,9,578,56,1
2026-07-31,S03,P601,578,0.0,8,570,56,2
2026-08-01,S03,P601,570,0.0,8,562,56,1
2026-08-02,S03,P601,562,0.0,9,553,56,3
2026-08-03,S03,P601,553,0.0,12,541,56,4
2026-08-04,S03,P601,541,0.0,8,533,56,4
2026-08-05,S03,P601,533,0.0,7,526,56,1
2026-08-06,S03,P601,526,143.0,10,659,56,3
2026-08-07,S03,P601,659,0.0,13,646,56,4
2026-08-08,S03,P601,646,0.0,5,641,56,3
2026-08-09,S03,P601,641,0.0,15,626,56,3
2026-08-10,S03,P601,626,0.0,8,618,56,3
2026-08-11,S03,P601,618,0.0,8,610,56,2
2026-08-12,S03,P601,610,0.0,13,597,56,3
2026-08-13,S03,P601,597,0.0,10,587,56,4
2026-08-14,S03,P601,587,0.0,9,578,56,2
2026-08-15,S03,P601,578,0.0,14,564,56,3
2026-08-16,S03,P601,564,0.0,18,546,56,2
2026-08-17,S03,P601,546,0.0,8,538,56,1
2026-08-18,S03,P601,538,0.0,11,527,56,4
2026-08-19,S03,P601,527,0.0,13,514,56,1
2026-08-20,S03,P601,514,0.0,10,504,56,2
2026-08-21,S03,P601,504,0.0,11,493,56,3
2026-08-22,S03,P601,493,0.0,15,478,56,2
2026-08-23,S03,P601,478,0.0,13,465,56,1
2026-08-24,S03,P601,465,0.0,8,457,56,3
2026-08-25,S03,P601,457,0.0,8,449,56,3
2026-08-26,S03,P601,449,0.0,9,440,56,1
2026-08-27,S03,P601,440,0.0,9,431,56,1
2026-08-28,S03,P601,431,0.0,9,422,56,2
2026-08-29,S03,P601,422,0.0,15,407,56,3
2026-08-30,S03,P601,407,0.0,12,395,56,3
2026-08-31,S03,P601,395,0.0,11,384,56,4
2026-07-01,S04,P101,423,0.0,16,407,110,2
2026-07-02,S04,P101,407,87.0,15,479,110,3
2026-07-03,S04,P101,479,0.0,15,464,110,4
2026-07-04,S04,P101,464,0.0,20,444,110,4
2026-07-05,S04,P101,444,0.0,18,426,110,1
2026-07-06,S04,P101,426,0.0,14,412,110,1
2026-07-07,S04,P101,412,0.0,21,391,110,3
2026-07-08,S04,P101,391,0.0,23,368,110,2
2026-07-09,S04,P101,368,0.0,18,350,110,1
2026-07-10,S04,P101,350,0.0,28,322,110,4
2026-07-11,S04,P101,322,0.0,25,297,110,3
2026-07-12,S04,P101,297,0.0,22,275,110,1
2026-07-13,S04,P101,275,138.0,17,396,110,4
2026-07-14,S04,P101,396,40.0,21,415,110,4
2026-07-15,S04,P101,415,0.0,17,398,110,3
2026-07-16,S04,P101,398,0.0,16,382,110,4
2026-07-17,S04,P101,382,0.0,19,363,110,2
2026-07-18,S04,P101,363,0.0,22,341,110,3
2026-07-19,S04,P101,341,0.0,25,316,110,3
2026-07-20,S04,P101,316,0.0,18,298,110,1
2026-07-21,S04,P101,298,0.0,17,281,110,4
2026-07-22,S04,P101,281,0.0,15,266,110,3
2026-07-23,S04,P101,266,0.0,22,244,110,2
2026-07-24,S04,P101,244,0.0,20,224,110,3
2026-07-25,S04,P101,224,0.0,22,202,110,3
2026-07-26,S04,P101,202,75.0,36,241,110,3
2026-07-27,S04,P101,241,0.0,23,218,110,1
2026-07-28,S04,P101,218,0.0,14,204,110,1
2026-07-29,S04,P101,204,0.0,19,185,110,2
2026-07-30,S04,P101,185,0.0,23,162,110,1
2026-07-31,S04,P101,162,0.0,21,141,110,3
2026-08-01,S04,P101,141,0.0,18,123,110,1
2026-08-02,S04,P101,123,0.0,25,98,110,1
2026-08-03,S04,P101,98,78.0,23,153,110,2
2026-08-04,S04,P101,153,0.0,11,142,110,2
2026-08-05,S04,P101,142,0.0,24,118,110,2
2026-08-06,S04,P101,118,0.0,18,100,110,4
2026-08-07,S04,P101,100,0.0,17,83,110,1
2026-08-08,S04,P101,83,0.0,22,61,110,2
2026-08-09,S04,P101,61,111.0,22,150,110,3
2026-08-10,S04,P101,150,22.0,27,145,110,4
2026-08-11,S04,P101,145,0.0,23,122,110,4
2026-08-12,S04,P101,122,0.0,22,100,110,4
2026-08-13,S04,P101,100,112.0,22,190,110,1
2026-08-14,S04,P101,190,0.0,23,167,110,1
2026-08-15,S04,P101,167,0.0,20,147,110,4
2026-08-16,S04,P101,147,0.0,22,125,110,2
2026-08-17,S04,P101,125,0.0,10,115,110,1
2026-08-18,S04,P101,115,0.0,20,95,110,3
2026-08-19,S04,P101,95,153.0,13,235,110,3
2026-08-20,S04,P101,235,0.0,14,221,110,3
2026-08-21,S04,P101,221,0.0,22,199,110,3
2026-08-22,S04,P101,199,0.0,22,177,110,3
2026-08-23,S04,P101,177,0.0,17,160,110,3
2026-08-24,S04,P101,160,0.0,17,143,110,4
2026-08-25,S04,P101,143,0.0,20,123,110,4
2026-08-26,S04,P101,123,0.0,23,100,110,3
2026-08-27,S04,P101,100,0.0,28,72,110,1
2026-08-28,S04,P101,72,0.0,20,52,110,2
2026-08-29,S04,P101,52,0.0,19,33,110,3
2026-08-30,S04,P101,33,0.0,34,0,110,3
2026-08-31,S04,P101,0,18.0,22,0,110,4
2026-07-01,S04,P102,496,0.0,16,480,75,3
2026-07-02,S04,P102,480,0.0,13,467,75,1
2026-07-03,S04,P102,467,0.0,9,458,75,1
2026-07-04,S04,P102,458,0.0,14,444,75,2
2026-07-05,S04,P102,444,0.0,18,426,75,3
2026-07-06,S04,P102,426,0.0,11,415,75,2
2026-07-07,S04,P102,415,0.0,10,405,75,1
2026-07-08,S04,P102,405,0.0,19,386,75,3
2026-07-09,S04,P102,386,130.0,15,501,75,2
2026-07-10,S04,P102,501,42.0,12,531,75,2
2026-07-11,S04,P102,531,0.0,16,515,75,3
2026-07-12,S04,P102,515,0.0,18,497,75,3
2026-07-13,S04,P102,497,0.0,22,475,75,4
2026-07-14,S04,P102,475,0.0,22,453,75,2
2026-07-15,S04,P102,453,0.0,8,445,75,4
2026-07-16,S04,P102,445,0.0,11,434,75,1
2026-07-17,S04,P102,434,87.0,10,511,75,4
2026-07-18,S04,P102,511,0.0,18,493,75,2
2026-07-19,S04,P102,493,12.0,26,479,75,3
2026-07-20,S04,P102,479,0.0,17,462,75,1
2026-07-21,S04,P102,462,0.0,19,443,75,1
2026-07-22,S04,P102,443,0.0,19,424,75,2
2026-07-23,S04,P102,424,0.0,14,410,75,1
2026-07-24,S04,P102,410,0.0,11,399,75,4
2026-07-25,S04,P102,399,0.0,19,380,75,3
2026-07-26,S04,P102,380,118.0,14,484,75,4
2026-07-27,S04,P102,484,0.0,15,469,75,3
2026-07-28,S04,P102,469,0.0,14,455,75,1
2026-07-29,S04,P102,455,0.0,12,443,75,4
2026-07-30,S04,P102,443,0.0,15,428,75,2
2026-07-31,S04,P102,428,0.0,14,414,75,2
2026-08-01,S04,P102,414,0.0,21,393,75,4
2026-08-02,S04,P102,393,0.0,18,375,75,3
2026-08-03,S04,P102,375,0.0,12,363,75,3
2026-08-04,S04,P102,363,0.0,9,354,75,2
2026-08-05,S04,P102,354,0.0,7,347,75,3
2026-08-06,S04,P102,347,0.0,15,332,75,1
2026-08-07,S04,P102,332,77.0,18,391,75,4
2026-08-08,S04,P102,391,0.0,18,373,75,2
2026-08-09,S04,P102,373,0.0,13,360,75,3
2026-08-10,S04,P102,360,0.0,12,348,75,4
2026-08-11,S04,P102,348,0.0,11,337,75,3
2026-08-12,S04,P102,337,0.0,23,314,75,4
2026-08-13,S04,P102,314,0.0,22,292,75,4
2026-08-14,S04,P102,292,72.0,10,354,75,3
2026-08-15,S04,P102,354,0.0,15,339,75,3
2026-08-16,S04,P102,339,23.0,16,346,75,3
2026-08-17,S04,P102,346,0.0,20,326,75,2
2026-08-18,S04,P102,326,0.0,20,306,75,4
2026-08-19,S04,P102,306,0.0,13,293,75,4
2026-08-20,S04,P102,293,0.0,13,280,75,2
2026-08-21,S04,P102,280,27.0,13,294,75,4
2026-08-22,S04,P102,294,0.0,12,282,75,3
2026-08-23,S04,P102,282,0.0,9,273,75,3
2026-08-24,S04,P102,273,0.0,15,258,75,1
2026-08-25,S04,P102,258,0.0,13,245,75,3
2026-08-26,S04,P102,245,0.0,11,234,75,3
2026-08-27,S04,P102,234,0.0,17,217,75,3
2026-08-28,S04,P102,217,0.0,17,200,75,4
2026-08-29,S04,P102,200,0.0,17,183,75,1
2026-08-30,S04,P102,183,0.0,15,168,75,4
2026-08-31,S04,P102,168,0.0,11,157,75,3
2026-07-01,S04,P103,120,0.0,9,111,40,1
2026-07-02,S04,P103,111,0.0,9,102,40,1
2026-07-03,S04,P103,102,19.0,6,115,40,2
2026-07-04,S04,P103,115,0.0,10,105,40,4
2026-07-05,S04,P103,105,0.0,8,97,40,4
2026-07-06,S04,P103,97,0.0,7,90,40,1
2026-07-07,S04,P103,90,0.0,7,83,40,2
2026-07-08,S04,P103,83,72.0,7,148,40,2
2026-07-09,S04,P103,148,0.0,10,138,40,4
2026-07-10,S04,P103,138,0.0,8,130,40,4
2026-07-11,S04,P103,130,0.0,12,118,40,2
2026-07-12,S04,P103,118,50.0,9,159,40,2
2026-07-13,S04,P103,159,0.0,7,152,40,2
2026-07-14,S04,P103,152,0.0,2,150,40,3
2026-07-15,S04,P103,150,0.0,8,142,40,2
2026-07-16,S04,P103,142,36.0,8,170,40,4
2026-07-17,S04,P103,170,0.0,7,163,40,2
2026-07-18,S04,P103,163,0.0,14,149,40,1
2026-07-19,S04,P103,149,0.0,9,140,40,1
2026-07-20,S04,P103,140,0.0,8,132,40,4
2026-07-21,S04,P103,132,0.0,10,122,40,4
2026-07-22,S04,P103,122,0.0,5,117,40,2
2026-07-23,S04,P103,117,0.0,5,112,40,4
2026-07-24,S04,P103,112,0.0,10,102,40,2
2026-07-25,S04,P103,102,0.0,5,97,40,4
2026-07-26,S04,P103,97,0.0,6,91,40,1
2026-07-27,S04,P103,91,146.0,10,227,40,2
2026-07-28,S04,P103,227,0.0,7,220,40,2
2026-07-29,S04,P103,220,0.0,7,213,40,1
2026-07-30,S04,P103,213,0.0,7,206,40,1
2026-07-31,S04,P103,206,0.0,2,204,40,3
2026-08-01,S04,P103,204,0.0,6,198,40,4
2026-08-02,S04,P103,198,0.0,5,193,40,1
2026-08-03,S04,P103,193,0.0,5,188,40,1
2026-08-04,S04,P103,188,150.0,5,333,40,1
2026-08-05,S04,P103,333,0.0,14,319,40,1
2026-08-06,S04,P103,319,0.0,6,313,40,3
2026-08-07,S04,P103,313,0.0,5,308,40,2
2026-08-08,S04,P103,308,116.0,14,410,40,1
2026-08-09,S04,P103,410,0.0,6,404,40,1
2026-08-10,S04,P103,404,0.0,6,398,40,1
2026-08-11,S04,P103,398,0.0,10,388,40,1
2026-08-12,S04,P103,388,8.0,8,388,40,4
2026-08-13,S04,P103,388,0.0,7,381,40,3
2026-08-14,S04,P103,381,0.0,14,367,40,2
2026-08-15,S04,P103,367,0.0,10,357,40,1
2026-08-16,S04,P103,357,0.0,5,352,40,3
2026-08-17,S04,P103,352,0.0,11,341,40,4
2026-08-18,S04,P103,341,0.0,11,330,40,4
2026-08-19,S04,P103,330,0.0,5,325,40,4
2026-08-20,S04,P103,325,0.0,6,319,40,1
2026-08-21,S04,P103,319,82.0,11,390,40,2
2026-08-22,S04,P103,390,0.0,2,388,40,2
2026-08-23,S04,P103,388,0.0,6,382,40,1
2026-08-24,S04,P103,382,0.0,8,374,40,4
2026-08-25,S04,P103,374,0.0,6,368,40,2
2026-08-26,S04,P103,368,0.0,10,358,40,2
2026-08-27,S04,P103,358,0.0,8,350,40,2
2026-08-28,S04,P103,350,0.0,7,343,40,3
2026-08-29,S04,P103,343,0.0,12,331,40,2
2026-08-30,S04,P103,331,0.0,10,321,40,4
2026-08-31,S04,P103,321,0.0,9,312,40,1
2026-07-01,S04,P104,487,0.0,5,482,40,1
2026-07-02,S04,P104,482,0.0,4,478,40,1
2026-07-03,S04,P104,478,0.0,4,474,40,1
2026-07-04,S04,P104,474,0.0,4,470,40,2
2026-07-05,S04,P104,470,0.0,5,465,40,3
2026-07-06,S04,P104,465,0.0,3,462,40,4
2026-07-07,S04,P104,462,0.0,3,459,40,1
2026-07-08,S04,P104,459,0.0,5,454,40,4
2026-07-09,S04,P104,454,0.0,4,450,40,1
2026-07-10,S04,P104,450,25.0,5,470,40,4
2026-07-11,S04,P104,470,0.0,2,468,40,2
2026-07-12,S04,P104,468,0.0,3,465,40,3
2026-07-13,S04,P104,465,0.0,1,464,40,2
2026-07-14,S04,P104,464,0.0,10,454,40,4
2026-07-15,S04,P104,454,0.0,3,451,40,4
2026-07-16,S04,P104,451,0.0,1,450,40,3
2026-07-17,S04,P104,450,0.0,3,447,40,1
2026-07-18,S04,P104,447,0.0,7,440,40,2
2026-07-19,S04,P104,440,0.0,3,437,40,1
2026-07-20,S04,P104,437,42.0,4,475,40,1
2026-07-21,S04,P104,475,0.0,5,470,40,1
2026-07-22,S04,P104,470,0.0,4,466,40,1
2026-07-23,S04,P104,466,0.0,4,462,40,3
2026-07-24,S04,P104,462,0.0,3,459,40,1
2026-07-25,S04,P104,459,0.0,7,452,40,3
2026-07-26,S04,P104,452,0.0,5,447,40,3
2026-07-27,S04,P104,447,0.0,2,445,40,3
2026-07-28,S04,P104,445,0.0,5,440,40,1
2026-07-29,S04,P104,440,0.0,5,435,40,3
2026-07-30,S04,P104,435,0.0,4,431,40,3
2026-07-31,S04,P104,431,0.0,6,425,40,2
2026-08-01,S04,P104,425,0.0,6,419,40,1
2026-08-02,S04,P104,419,0.0,5,414,40,4
2026-08-03,S04,P104,414,0.0,7,407,40,4
2026-08-04,S04,P104,407,155.0,7,555,40,2
2026-08-05,S04,P104,555,0.0,5,550,40,3
2026-08-06,S04,P104,550,0.0,5,545,40,3
2026-08-07,S04,P104,545,0.0,8,537,40,3
2026-08-08,S04,P104,537,0.0,8,529,40,1
2026-08-09,S04,P104,529,0.0,4,525,40,3
2026-08-10,S04,P104,525,0.0,8,517,40,4
2026-08-11,S04,P104,517,0.0,7,510,40,3
2026-08-12,S04,P104,510,0.0,3,507,40,4
2026-08-13,S04,P104,507,17.0,6,518,40,1
2026-08-14,S04,P104,518,0.0,5,513,40,2
2026-08-15,S04,P104,513,0.0,5,508,40,3
2026-08-16,S04,P104,508,0.0,7,501,40,1
2026-08-17,S04,P104,501,0.0,3,498,40,1
2026-08-18,S04,P104,498,0.0,9,489,40,3
2026-08-19,S04,P104,489,0.0,6,483,40,2
2026-08-20,S04,P104,483,0.0,2,481,40,1
2026-08-21,S04,P104,481,0.0,4,477,40,2
2026-08-22,S04,P104,477,23.0,6,494,40,2
2026-08-23,S04,P104,494,78.0,3,569,40,4
2026-08-24,S04,P104,569,0.0,3,566,40,3
2026-08-25,S04,P104,566,0.0,10,556,40,3
2026-08-26,S04,P104,556,0.0,2,554,40,3
2026-08-27,S04,P104,554,0.0,8,546,40,3
2026-08-28,S04,P104,546,0.0,7,539,40,3
2026-08-29,S04,P104,539,0.0,8,531,40,3
2026-08-30,S04,P104,531,0.0,10,521,40,2
2026-08-31,S04,P104,521,0.0,4,517,40,2
2026-07-01,S04,P201,312,81.0,3,390,40,3
2026-07-02,S04,P201,390,0.0,3,387,40,4
2026-07-03,S04,P201,387,0.0,4,383,40,2
2026-07-04,S04,P201,383,0.0,10,373,40,2
2026-07-05,S04,P201,373,0.0,5,368,40,2
2026-07-06,S04,P201,368,0.0,6,362,40,4
2026-07-07,S04,P201,362,0.0,2,360,40,4
2026-07-08,S04,P201,360,0.0,3,357,40,1
2026-07-09,S04,P201,357,0.0,3,354,40,1
2026-07-10,S04,P201,354,0.0,5,349,40,1
2026-07-11,S04,P201,349,0.0,6,343,40,4
2026-07-12,S04,P201,343,28.0,7,364,40,1
2026-07-13,S04,P201,364,0.0,4,360,40,1
2026-07-14,S04,P201,360,40.0,6,394,40,4
2026-07-15,S04,P201,394,0.0,4,390,40,4
2026-07-16,S04,P201,390,0.0,8,382,40,2
2026-07-17,S04,P201,382,0.0,7,375,40,3
2026-07-18,S04,P201,375,0.0,7,368,40,1
2026-07-19,S04,P201,368,0.0,9,359,40,1
2026-07-20,S04,P201,359,0.0,6,353,40,2
2026-07-21,S04,P201,353,0.0,4,349,40,4
2026-07-22,S04,P201,349,0.0,4,345,40,4
2026-07-23,S04,P201,345,0.0,2,343,40,1
2026-07-24,S04,P201,343,0.0,4,339,40,1
2026-07-25,S04,P201,339,72.0,6,405,40,4
2026-07-26,S04,P201,405,0.0,5,400,40,3
2026-07-27,S04,P201,400,134.0,6,528,40,2
2026-07-28,S04,P201,528,128.0,5,651,40,1
2026-07-29,S04,P201,651,0.0,8,643,40,1
2026-07-30,S04,P201,643,0.0,4,639,40,1
2026-07-31,S04,P201,639,94.0,9,724,40,3
2026-08-01,S04,P201,724,0.0,1,723,40,1
2026-08-02,S04,P201,723,0.0,6,717,40,1
2026-08-03,S04,P201,717,0.0,8,709,40,3
2026-08-04,S04,P201,709,62.0,4,767,40,3
2026-08-05,S04,P201,767,0.0,6,761,40,4
2026-08-06,S04,P201,761,62.0,2,821,40,4
2026-08-07,S04,P201,821,0.0,6,815,40,4
2026-08-08,S04,P201,815,0.0,7,808,40,4
2026-08-09,S04,P201,808,0.0,5,803,40,1
2026-08-10,S04,P201,803,0.0,4,799,40,4
2026-08-11,S04,P201,799,0.0,5,794,40,3
2026-08-12,S04,P201,794,0.0,3,791,40,3
2026-08-13,S04,P201,791,0.0,2,789,40,4
2026-08-14,S04,P201,789,0.0,6,783,40,4
2026-08-15,S04,P201,783,0.0,6,777,40,2
2026-08-16,S04,P201,777,0.0,3,774,40,4
2026-08-17,S04,P201,774,0.0,3,771,40,2
2026-08-18,S04,P201,771,0.0,5,766,40,4
2026-08-19,S04,P201,766,0.0,6,760,40,4
2026-08-20,S04,P201,760,0.0,6,754,40,3
2026-08-21,S04,P201,754,0.0,7,747,40,4
2026-08-22,S04,P201,747,0.0,7,740,40,1
2026-08-23,S04,P201,740,0.0,10,730,40,1
2026-08-24,S04,P201,730,0.0,9,721,40,2
2026-08-25,S04,P201,721,0.0,4,717,40,2
2026-08-26,S04,P201,717,0.0,8,709,40,4
2026-08-27,S04,P201,709,0.0,2,707,40,1
2026-08-28,S04,P201,707,0.0,6,701,40,3
2026-08-29,S04,P201,701,0.0,7,694,40,2
2026-08-30,S04,P201,694,0.0,7,687,40,3
2026-08-31,S04,P201,687,0.0,7,680,40,4
2026-07-01,S04,P202,169,138.0,16,291,90,3
2026-07-02,S04,P202,291,0.0,19,272,90,3
2026-07-03,S04,P202,272,0.0,23,249,90,3
2026-07-04,S04,P202,249,0.0,18,231,90,3
2026-07-05,S04,P202,231,0.0,20,211,90,3
2026-07-06,S04,P202,211,0.0,13,198,90,2
2026-07-07,S04,P202,198,0.0,13,185,90,2
2026-07-08,S04,P202,185,0.0,17,168,90,2
2026-07-09,S04,P202,168,0.0,9,159,90,2
2026-07-10,S04,P202,159,0.0,13,146,90,2
2026-07-11,S04,P202,146,0.0,17,129,90,2
2026-07-12,S04,P202,129,0.0,29,100,90,3
2026-07-13,S04,P202,100,0.0,18,82,90,3
2026-07-14,S04,P202,82,0.0,17,65,90,1
2026-07-15,S04,P202,65,0.0,12,53,90,4
2026-07-16,S04,P202,53,0.0,17,36,90,4
2026-07-17,S04,P202,36,0.0,17,19,90,3
2026-07-18,S04,P202,19,0.0,19,0,90,3
2026-07-19,S04,P202,0,0.0,16,0,90,2
2026-07-20,S04,P202,0,0.0,19,0,90,3
2026-07-21,S04,P202,0,0.0,24,0,90,4
2026-07-22,S04,P202,0,0.0,10,0,90,4
2026-07-23,S04,P202,0,0.0,17,0,90,2
2026-07-24,S04,P202,0,0.0,14,0,90,2
2026-07-25,S04,P202,0,0.0,20,0,90,4
2026-07-26,S04,P202,0,0.0,25,0,90,3
2026-07-27,S04,P202,0,0.0,9,0,90,2
2026-07-28,S04,P202,0,0.0,4,0,90,2
2026-07-29,S04,P202,0,0.0,18,0,90,1
2026-07-30,S04,P202,0,0.0,13,0,90,3
2026-07-31,S04,P202,0,0.0,13,0,90,2
2026-08-01,S04,P202,0,0.0,13,0,90,1
2026-08-02,S04,P202,0,49.0,18,31,90,3
2026-08-03,S04,P202,31,0.0,17,14,90,4
2026-08-04,S04,P202,14,0.0,12,2,90,4
2026-08-05,S04,P202,2,0.0,25,0,90,2
2026-08-06,S04,P202,0,0.0,19,0,90,3
2026-08-07,S04,P202,0,0.0,19,0,90,4
2026-08-08,S04,P202,0,0.0,24,0,90,3
2026-08-09,S04,P202,0,0.0,16,0,90,3
2026-08-10,S04,P202,0,0.0,14,0,90,2
2026-08-11,S04,P202,0,0.0,15,0,90,4
2026-08-12,S04,P202,0,0.0,15,0,90,3
2026-08-13,S04,P202,0,0.0,13,0,90,2
2026-08-14,S04,P202,0,0.0,17,0,90,2
2026-08-15,S04,P202,0,0.0,25,0,90,1
2026-08-16,S04,P202,0,0.0,16,0,90,4
2026-08-17,S04,P202,0,0.0,18,0,90,2
2026-08-18,S04,P202,0,0.0,14,0,90,1
2026-08-19,S04,P202,0,0.0,10,0,90,4
2026-08-20,S04,P202,0,0.0,17,0,90,1
2026-08-21,S04,P202,0,0.0,17,0,90,3
2026-08-22,S04,P202,0,33.0,25,8,90,2
2026-08-23,S04,P202,8,0.0,26,0,90,1
2026-08-24,S04,P202,0,0.0,25,0,90,3
2026-08-25,S04,P202,0,0.0,21,0,90,3
2026-08-26,S04,P202,0,0.0,18,0,90,4
2026-08-27,S04,P202,0,33.0,16,17,90,1
2026-08-28,S04,P202,17,0.0,19,0,90,2
2026-08-29,S04,P202,0,0.0,22,0,90,4
2026-08-30,S04,P202,0,0.0,18,0,90,3
2026-08-31,S04,P202,0,0.0,10,0,90,3
2026-07-01,S04,P203,206,0.0,11,195,45,1
2026-07-02,S04,P203,195,0.0,5,190,45,3
2026-07-03,S04,P203,190,0.0,9,181,45,3
2026-07-04,S04,P203,181,0.0,12,169,45,3
2026-07-05,S04,P203,169,146.0,9,306,45,3
2026-07-06,S04,P203,306,37.0,2,341,45,1
2026-07-07,S04,P203,341,0.0,10,331,45,2
2026-07-08,S04,P203,331,0.0,7,324,45,4
2026-07-09,S04,P203,324,0.0,5,319,45,1
2026-07-10,S04,P203,319,0.0,7,312,45,2
2026-07-11,S04,P203,312,0.0,13,299,45,1
2026-07-12,S04,P203,299,0.0,11,288,45,3
2026-07-13,S04,P203,288,0.0,12,276,45,2
2026-07-14,S04,P203,276,0.0,7,269,45,4
2026-07-15,S04,P203,269,0.0,8,261,45,4
2026-07-16,S04,P203,261,0.0,12,249,45,3
2026-07-17,S04,P203,249,0.0,10,239,45,4
2026-07-18,S04,P203,239,0.0,17,222,45,4
2026-07-19,S04,P203,222,0.0,5,217,45,1
2026-07-20,S04,P203,217,0.0,4,213,45,3
2026-07-21,S04,P203,213,0.0,8,205,45,2
2026-07-22,S04,P203,205,0.0,5,200,45,1
2026-07-23,S04,P203,200,0.0,3,197,45,2
2026-07-24,S04,P203,197,0.0,13,184,45,2
2026-07-25,S04,P203,184,0.0,12,172,45,2
2026-07-26,S04,P203,172,0.0,11,161,45,3
2026-07-27,S04,P203,161,0.0,16,145,45,2
2026-07-28,S04,P203,145,0.0,6,139,45,1
2026-07-29,S04,P203,139,0.0,6,133,45,3
2026-07-30,S04,P203,133,0.0,11,122,45,2
2026-07-31,S04,P203,122,0.0,1,121,45,3
2026-08-01,S04,P203,121,0.0,15,106,45,2
2026-08-02,S04,P203,106,0.0,6,100,45,4
2026-08-03,S04,P203,100,0.0,12,88,45,3
2026-08-04,S04,P203,88,0.0,9,79,45,4
2026-08-05,S04,P203,79,0.0,6,73,45,1
2026-08-06,S04,P203,73,0.0,6,67,45,3
2026-08-07,S04,P203,67,18.0,7,78,45,3
2026-08-08,S04,P203,78,0.0,13,65,45,4
2026-08-09,S04,P203,65,0.0,12,53,45,4
2026-08-10,S04,P203,53,0.0,12,41,45,2
2026-08-11,S04,P203,41,0.0,9,32,45,2
2026-08-12,S04,P203,32,0.0,11,21,45,4
2026-08-13,S04,P203,21,0.0,4,17,45,4
2026-08-14,S04,P203,17,0.0,8,9,45,3
2026-08-15,S04,P203,9,0.0,5,4,45,4
2026-08-16,S04,P203,4,0.0,7,0,45,2
2026-08-17,S04,P203,0,0.0,8,0,45,1
2026-08-18,S04,P203,0,0.0,13,0,45,3
2026-08-19,S04,P203,0,0.0,3,0,45,3
2026-08-20,S04,P203,0,135.0,10,125,45,2
2026-08-21,S04,P203,125,0.0,12,113,45,3
2026-08-22,S04,P203,113,0.0,11,102,45,2
2026-08-23,S04,P203,102,0.0,11,91,45,1
2026-08-24,S04,P203,91,0.0,12,79,45,3
2026-08-25,S04,P203,79,0.0,11,68,45,2
2026-08-26,S04,P203,68,0.0,6,62,45,3
2026-08-27,S04,P203,62,0.0,13,49,45,1
2026-08-28,S04,P203,49,108.0,11,146,45,1
2026-08-29,S04,P203,146,0.0,8,138,45,3
2026-08-30,S04,P203,138,0.0,2,136,45,4
2026-08-31,S04,P203,136,0.0,10,126,45,4
2026-07-01,S04,P204,158,0.0,2,156,40,4
2026-07-02,S04,P204,156,0.0,10,146,40,1
2026-07-03,S04,P204,146,0.0,2,144,40,2
2026-07-04,S04,P204,144,0.0,6,138,40,4
2026-07-05,S04,P204,138,0.0,3,135,40,1
2026-07-06,S04,P204,135,71.0,4,202,40,1
2026-07-07,S04,P204,202,0.0,8,194,40,4
2026-07-08,S04,P204,194,0.0,6,188,40,1
2026-07-09,S04,P204,188,48.0,4,232,40,1
2026-07-10,S04,P204,232,82.0,9,305,40,1
2026-07-11,S04,P204,305,0.0,6,299,40,2
2026-07-12,S04,P204,299,0.0,10,289,40,2
2026-07-13,S04,P204,289,0.0,3,286,40,4
2026-07-14,S04,P204,286,0.0,4,282,40,1
2026-07-15,S04,P204,282,0.0,4,278,40,2
2026-07-16,S04,P204,278,0.0,2,276,40,1
2026-07-17,S04,P204,276,0.0,7,269,40,4
2026-07-18,S04,P204,269,0.0,8,261,40,3
2026-07-19,S04,P204,261,0.0,5,256,40,1
2026-07-20,S04,P204,256,0.0,5,251,40,4
2026-07-21,S04,P204,251,135.0,6,380,40,1
2026-07-22,S04,P204,380,0.0,4,376,40,1
2026-07-23,S04,P204,376,0.0,4,372,40,3
2026-07-24,S04,P204,372,0.0,6,366,40,2
2026-07-25,S04,P204,366,0.0,5,361,40,4
2026-07-26,S04,P204,361,0.0,6,355,40,4
2026-07-27,S04,P204,355,0.0,4,351,40,1
2026-07-28,S04,P204,351,0.0,11,340,40,2
2026-07-29,S04,P204,340,0.0,7,333,40,4
2026-07-30,S04,P204,333,0.0,4,329,40,3
2026-07-31,S04,P204,329,0.0,5,324,40,1
2026-08-01,S04,P204,324,0.0,2,322,40,1
2026-08-02,S04,P204,322,0.0,5,317,40,1
2026-08-03,S04,P204,317,0.0,3,314,40,4
2026-08-04,S04,P204,314,0.0,5,309,40,3
2026-08-05,S04,P204,309,0.0,1,308,40,3
2026-08-06,S04,P204,308,0.0,10,298,40,3
2026-08-07,S04,P204,298,0.0,3,295,40,1
2026-08-08,S04,P204,295,0.0,8,287,40,3
2026-08-09,S04,P204,287,0.0,5,282,40,2
2026-08-10,S04,P204,282,0.0,2,280,40,2
2026-08-11,S04,P204,280,0.0,5,275,40,4
2026-08-12,S04,P204,275,0.0,5,270,40,4
2026-08-13,S04,P204,270,0.0,10,260,40,2
2026-08-14,S04,P204,260,0.0,4,256,40,4
2026-08-15,S04,P204,256,0.0,4,252,40,1
2026-08-16,S04,P204,252,0.0,3,249,40,1
2026-08-17,S04,P204,249,0.0,6,243,40,3
2026-08-18,S04,P204,243,0.0,6,237,40,1
2026-08-19,S04,P204,237,0.0,8,229,40,2
2026-08-20,S04,P204,229,0.0,3,226,40,3
2026-08-21,S04,P204,226,0.0,1,225,40,2
2026-08-22,S04,P204,225,0.0,1,224,40,2
2026-08-23,S04,P204,224,0.0,4,220,40,4
2026-08-24,S04,P204,220,0.0,3,217,40,2
2026-08-25,S04,P204,217,0.0,3,214,40,2
2026-08-26,S04,P204,214,135.0,6,343,40,1
2026-08-27,S04,P204,343,0.0,4,339,40,1
2026-08-28,S04,P204,339,0.0,7,332,40,2
2026-08-29,S04,P204,332,97.0,7,422,40,1
2026-08-30,S04,P204,422,0.0,3,419,40,4
2026-08-31,S04,P204,419,17.0,4,432,40,3
2026-07-01,S04,P301,284,0.0,20,264,100,3
2026-07-02,S04,P301,264,81.0,21,324,100,2
2026-07-03,S04,P301,324,0.0,25,299,100,1
2026-07-04,S04,P301,299,0.0,20,279,100,4
2026-07-05,S04,P301,279,0.0,25,254,100,1
2026-07-06,S04,P301,254,0.0,17,237,100,4
2026-07-07,S04,P301,237,0.0,18,219,100,3
2026-07-08,S04,P301,219,2.0,18,203,100,4
2026-07-09,S04,P301,203,32.0,17,218,100,2
2026-07-10,S04,P301,218,0.0,24,194,100,4
2026-07-11,S04,P301,194,0.0,27,167,100,3
2026-07-12,S04,P301,167,0.0,27,140,100,3
2026-07-13,S04,P301,140,108.0,18,230,100,3
2026-07-14,S04,P301,230,0.0,18,212,100,3
2026-07-15,S04,P301,212,0.0,15,197,100,4
2026-07-16,S04,P301,197,0.0,17,180,100,2
2026-07-17,S04,P301,180,0.0,21,159,100,2
2026-07-18,S04,P301,159,0.0,25,134,100,2
2026-07-19,S04,P301,134,113.0,14,233,100,4
2026-07-20,S04,P301,233,0.0,16,217,100,4
2026-07-21,S04,P301,217,0.0,18,199,100,3
2026-07-22,S04,P301,199,2.0,21,180,100,2
2026-07-23,S04,P301,180,150.0,12,318,100,1
2026-07-24,S04,P301,318,0.0,19,299,100,4
2026-07-25,S04,P301,299,0.0,26,273,100,3
2026-07-26,S04,P301,273,0.0,22,251,100,3
2026-07-27,S04,P301,251,0.0,26,225,100,3
2026-07-28,S04,P301,225,0.0,22,203,100,3
2026-07-29,S04,P301,203,0.0,13,190,100,1
2026-07-30,S04,P301,190,0.0,14,176,100,3
2026-07-31,S04,P301,176,0.0,8,168,100,2
2026-08-01,S04,P301,168,0.0,22,146,100,2
2026-08-02,S04,P301,146,0.0,23,123,100,2
2026-08-03,S04,P301,123,0.0,11,112,100,1
2026-08-04,S04,P301,112,0.0,19,93,100,3
2026-08-05,S04,P301,93,0.0,20,73,100,3
2026-08-06,S04,P301,73,0.0,24,49,100,1
2026-08-07,S04,P301,49,0.0,25,24,100,1
2026-08-08,S04,P301,24,0.0,19,5,100,1
2026-08-09,S04,P301,5,0.0,27,0,100,2
2026-08-10,S04,P301,0,0.0,19,0,100,3
2026-08-11,S04,P301,0,0.0,22,0,100,3
2026-08-12,S04,P301,0,142.0,20,122,100,4
2026-08-13,S04,P301,122,0.0,18,104,100,1
2026-08-14,S04,P301,104,0.0,13,91,100,2
2026-08-15,S04,P301,91,0.0,28,63,100,2
2026-08-16,S04,P301,63,0.0,18,45,100,3
2026-08-17,S04,P301,45,0.0,16,29,100,2
2026-08-18,S04,P301,29,0.0,17,12,100,2
2026-08-19,S04,P301,12,0.0,11,1,100,2
2026-08-20,S04,P301,1,0.0,22,0,100,3
2026-08-21,S04,P301,0,0.0,18,0,100,4
2026-08-22,S04,P301,0,0.0,14,0,100,1
2026-08-23,S04,P301,0,0.0,25,0,100,2
2026-08-24,S04,P301,0,0.0,20,0,100,2
2026-08-25,S04,P301,0,0.0,18,0,100,2
2026-08-26,S04,P301,0,0.0,24,0,100,1
2026-08-27,S04,P301,0,0.0,25,0,100,4
2026-08-28,S04,P301,0,0.0,20,0,100,1
2026-08-29,S04,P301,0,0.0,33,0,100,1
2026-08-30,S04,P301,0,0.0,24,0,100,1
2026-08-31,S04,P301,0,0.0,13,0,100,2
2026-07-01,S04,P302,141,0.0,0,141,60,3
2026-07-02,S04,P302,141,0.0,7,134,60,3
2026-07-03,S04,P302,134,0.0,10,124,60,3
2026-07-04,S04,P302,124,0.0,14,110,60,4
2026-07-05,S04,P302,110,0.0,12,98,60,1
2026-07-06,S04,P302,98,0.0,9,89,60,3
2026-07-07,S04,P302,89,0.0,11,78,60,2
2026-07-08,S04,P302,78,0.0,11,67,60,4
2026-07-09,S04,P302,67,0.0,6,61,60,4
2026-07-10,S04,P302,61,0.0,12,49,60,2
2026-07-11,S04,P302,49,0.0,10,39,60,1
2026-07-12,S04,P302,39,0.0,4,35,60,1
2026-07-13,S04,P302,35,0.0,15,20,60,2
2026-07-14,S04,P302,20,0.0,10,10,60,1
2026-07-15,S04,P302,10,0.0,7,3,60,1
2026-07-16,S04,P302,3,0.0,16,0,60,3
2026-07-17,S04,P302,0,0.0,7,0,60,4
2026-07-18,S04,P302,0,97.0,6,91,60,4
2026-07-19,S04,P302,91,146.0,8,229,60,4
2026-07-20,S04,P302,229,0.0,6,223,60,3
2026-07-21,S04,P302,223,0.0,12,211,60,2
2026-07-22,S04,P302,211,0.0,10,201,60,2
2026-07-23,S04,P302,201,9.0,7,203,60,2
2026-07-24,S04,P302,203,15.0,15,203,60,4
2026-07-25,S04,P302,203,0.0,6,197,60,2
2026-07-26,S04,P302,197,0.0,15,182,60,3
2026-07-27,S04,P302,182,110.0,5,287,60,1
2026-07-28,S04,P302,287,0.0,10,277,60,2
2026-07-29,S04,P302,277,0.0,14,263,60,2
2026-07-30,S04,P302,263,70.0,11,322,60,2
2026-07-31,S04,P302,322,0.0,16,306,60,2
2026-08-01,S04,P302,306,0.0,7,299,60,4
2026-08-02,S04,P302,299,38.0,12,325,60,4
2026-08-03,S04,P302,325,0.0,11,314,60,2
2026-08-04,S04,P302,314,0.0,10,304,60,3
2026-08-05,S04,P302,304,0.0,5,299,60,3
2026-08-06,S04,P302,299,0.0,16,283,60,2
2026-08-07,S04,P302,283,0.0,8,275,60,2
2026-08-08,S04,P302,275,0.0,15,260,60,2
2026-08-09,S04,P302,260,0.0,10,250,60,1
2026-08-10,S04,P302,250,0.0,9,241,60,2
2026-08-11,S04,P302,241,0.0,8,233,60,4
2026-08-12,S04,P302,233,0.0,10,223,60,4
2026-08-13,S04,P302,223,0.0,14,209,60,4
2026-08-14,S04,P302,209,0.0,8,201,60,2
2026-08-15,S04,P302,201,0.0,13,188,60,3
2026-08-16,S04,P302,188,0.0,8,180,60,3
2026-08-17,S04,P302,180,98.0,11,267,60,3
2026-08-18,S04,P302,267,0.0,7,260,60,3
2026-08-19,S04,P302,260,0.0,9,251,60,3
2026-08-20,S04,P302,251,0.0,11,240,60,3
2026-08-21,S04,P302,240,0.0,17,223,60,3
2026-08-22,S04,P302,223,0.0,14,209,60,2
2026-08-23,S04,P302,209,0.0,19,190,60,2
2026-08-24,S04,P302,190,0.0,10,180,60,3
2026-08-25,S04,P302,180,0.0,7,173,60,3
2026-08-26,S04,P302,173,0.0,12,161,60,3
2026-08-27,S04,P302,161,0.0,17,144,60,4
2026-08-28,S04,P302,144,0.0,11,133,60,4
2026-08-29,S04,P302,133,0.0,15,118,60,1
2026-08-30,S04,P302,118,0.0,11,107,60,2
2026-08-31,S04,P302,107,0.0,9,98,60,2
2026-07-01,S04,P303,188,0.0,7,181,40,4
2026-07-02,S04,P303,181,0.0,8,173,40,1
2026-07-03,S04,P303,173,0.0,7,166,40,4
2026-07-04,S04,P303,166,0.0,5,161,40,4
2026-07-05,S04,P303,161,0.0,8,153,40,1
2026-07-06,S04,P303,153,0.0,8,145,40,1
2026-07-07,S04,P303,145,0.0,8,137,40,1
2026-07-08,S04,P303,137,0.0,10,127,40,4
2026-07-09,S04,P303,127,0.0,12,115,40,3
2026-07-10,S04,P303,115,0.0,3,112,40,1
2026-07-11,S04,P303,112,0.0,11,101,40,4
2026-07-12,S04,P303,101,78.0,5,174,40,2
2026-07-13,S04,P303,174,0.0,2,172,40,4
2026-07-14,S04,P303,172,103.0,7,268,40,3
2026-07-15,S04,P303,268,0.0,7,261,40,4
2026-07-16,S04,P303,261,0.0,7,254,40,1
2026-07-17,S04,P303,254,0.0,5,249,40,3
2026-07-18,S04,P303,249,0.0,9,240,40,1
2026-07-19,S04,P303,240,0.0,7,233,40,2
2026-07-20,S04,P303,233,25.0,7,251,40,4
2026-07-21,S04,P303,251,0.0,9,242,40,1
2026-07-22,S04,P303,242,0.0,6,236,40,3
2026-07-23,S04,P303,236,0.0,7,229,40,3
2026-07-24,S04,P303,229,0.0,6,223,40,3
2026-07-25,S04,P303,223,0.0,10,213,40,1
2026-07-26,S04,P303,213,96.0,4,305,40,2
2026-07-27,S04,P303,305,0.0,4,301,40,1
2026-07-28,S04,P303,301,0.0,6,295,40,3
2026-07-29,S04,P303,295,0.0,5,290,40,1
2026-07-30,S04,P303,290,0.0,11,279,40,4
2026-07-31,S04,P303,279,0.0,6,273,40,2
2026-08-01,S04,P303,273,0.0,9,264,40,2
2026-08-02,S04,P303,264,0.0,6,258,40,1
2026-08-03,S04,P303,258,0.0,6,252,40,1
2026-08-04,S04,P303,252,53.0,6,299,40,2
2026-08-05,S04,P303,299,0.0,4,295,40,1
2026-08-06,S04,P303,295,0.0,2,293,40,2
2026-08-07,S04,P303,293,0.0,11,282,40,1
2026-08-08,S04,P303,282,0.0,9,273,40,2
2026-08-09,S04,P303,273,76.0,7,342,40,2
2026-08-10,S04,P303,342,0.0,8,334,40,3
2026-08-11,S04,P303,334,0.0,4,330,40,3
2026-08-12,S04,P303,330,0.0,2,328,40,3
2026-08-13,S04,P303,328,0.0,9,319,40,1
2026-08-14,S04,P303,319,0.0,5,314,40,2
2026-08-15,S04,P303,314,0.0,3,311,40,4
2026-08-16,S04,P303,311,0.0,7,304,40,1
2026-08-17,S04,P303,304,17.0,7,314,40,4
2026-08-18,S04,P303,314,0.0,4,310,40,4
2026-08-19,S04,P303,310,0.0,10,300,40,3
2026-08-20,S04,P303,300,0.0,5,295,40,3
2026-08-21,S04,P303,295,0.0,9,286,40,4
2026-08-22,S04,P303,286,0.0,11,275,40,3
2026-08-23,S04,P303,275,0.0,8,267,40,2
2026-08-24,S04,P303,267,0.0,6,261,40,2
2026-08-25,S04,P303,261,121.0,4,378,40,3
2026-08-26,S04,P303,378,0.0,10,368,40,1
2026-08-27,S04,P303,368,0.0,6,362,40,1
2026-08-28,S04,P303,362,138.0,3,497,40,1
2026-08-29,S04,P303,497,0.0,5,492,40,3
2026-08-30,S04,P303,492,0.0,4,488,40,2
2026-08-31,S04,P303,488,0.0,10,478,40,2
2026-07-01,S04,P304,430,0.0,30,400,141,2
2026-07-02,S04,P304,400,0.0,24,376,141,3
2026-07-03,S04,P304,376,0.0,23,353,141,4
2026-07-04,S04,P304,353,0.0,25,328,141,4
2026-07-05,S04,P304,328,0.0,31,297,141,4
2026-07-06,S04,P304,297,0.0,21,276,141,1
2026-07-07,S04,P304,276,0.0,26,250,141,3
2026-07-08,S04,P304,250,0.0,25,225,141,1
2026-07-09,S04,P304,225,0.0,24,201,141,3
2026-07-10,S04,P304,201,0.0,25,176,141,1
2026-07-11,S04,P304,176,0.0,31,145,141,3
2026-07-12,S04,P304,145,0.0,32,113,141,3
2026-07-13,S04,P304,113,0.0,26,87,141,4
2026-07-14,S04,P304,87,0.0,30,57,141,2
2026-07-15,S04,P304,57,0.0,28,29,141,3
2026-07-16,S04,P304,29,0.0,29,0,141,2
2026-07-17,S04,P304,0,0.0,22,0,141,2
2026-07-18,S04,P304,0,0.0,33,0,141,1
2026-07-19,S04,P304,0,0.0,29,0,141,4
2026-07-20,S04,P304,0,0.0,25,0,141,4
2026-07-21,S04,P304,0,0.0,23,0,141,3
2026-07-22,S04,P304,0,0.0,26,0,141,1
2026-07-23,S04,P304,0,0.0,18,0,141,3
2026-07-24,S04,P304,0,0.0,19,0,141,3
2026-07-25,S04,P304,0,0.0,35,0,141,1
2026-07-26,S04,P304,0,0.0,37,0,141,4
2026-07-27,S04,P304,0,0.0,28,0,141,2
2026-07-28,S04,P304,0,0.0,25,0,141,4
2026-07-29,S04,P304,0,0.0,19,0,141,2
2026-07-30,S04,P304,0,0.0,22,0,141,4
2026-07-31,S04,P304,0,0.0,18,0,141,3
2026-08-01,S04,P304,0,0.0,22,0,141,4
2026-08-02,S04,P304,0,141.0,29,112,141,3
2026-08-03,S04,P304,112,0.0,28,84,141,3
2026-08-04,S04,P304,84,0.0,31,53,141,1
2026-08-05,S04,P304,53,0.0,23,30,141,2
2026-08-06,S04,P304,30,0.0,32,0,141,1
2026-08-07,S04,P304,0,0.0,29,0,141,2
2026-08-08,S04,P304,0,0.0,27,0,141,2
2026-08-09,S04,P304,0,0.0,26,0,141,1
2026-08-10,S04,P304,0,0.0,30,0,141,3
2026-08-11,S04,P304,0,0.0,34,0,141,1
2026-08-12,S04,P304,0,0.0,24,0,141,4
2026-08-13,S04,P304,0,0.0,32,0,141,1
2026-08-14,S04,P304,0,0.0,37,0,141,3
2026-08-15,S04,P304,0,0.0,24,0,141,4
2026-08-16,S04,P304,0,0.0,23,0,141,4
2026-08-17,S04,P304,0,112.0,28,84,141,4
2026-08-18,S04,P304,84,0.0,24,60,141,4
2026-08-19,S04,P304,60,0.0,21,39,141,4
2026-08-20,S04,P304,39,0.0,16,23,141,4
2026-08-21,S04,P304,23,0.0,22,1,141,1
2026-08-22,S04,P304,1,0.0,32,0,141,4
2026-08-23,S04,P304,0,0.0,29,0,141,4
2026-08-24,S04,P304,0,0.0,28,0,141,2
2026-08-25,S04,P304,0,8.0,16,0,141,4
2026-08-26,S04,P304,0,0.0,30,0,141,3
2026-08-27,S04,P304,0,0.0,28,0,141,1
2026-08-28,S04,P304,0,0.0,25,0,141,4
2026-08-29,S04,P304,0,0.0,32,0,141,4
2026-08-30,S04,P304,0,0.0,36,0,141,1
2026-08-31,S04,P304,0,0.0,44,0,141,4
2026-07-01,S04,P401,452,0.0,25,427,126,4
2026-07-02,S04,P401,427,0.0,30,397,126,2
2026-07-03,S04,P401,397,0.0,18,379,126,3
2026-07-04,S04,P401,379,0.0,15,364,126,1
2026-07-05,S04,P401,364,0.0,26,338,126,3
2026-07-06,S04,P401,338,129.0,19,448,126,4
2026-07-07,S04,P401,448,0.0,28,420,126,2
2026-07-08,S04,P401,420,146.0,22,544,126,1
2026-07-09,S04,P401,544,63.0,19,588,126,4
2026-07-10,S04,P401,588,0.0,23,565,126,3
2026-07-11,S04,P401,565,0.0,24,541,126,4
2026-07-12,S04,P401,541,83.0,19,605,126,4
2026-07-13,S04,P401,605,0.0,24,581,126,1
2026-07-14,S04,P401,581,0.0,19,562,126,3
2026-07-15,S04,P401,562,0.0,27,535,126,4
2026-07-16,S04,P401,535,77.0,24,588,126,4
2026-07-17,S04,P401,588,0.0,27,561,126,1
2026-07-18,S04,P401,561,0.0,25,536,126,3
2026-07-19,S04,P401,536,0.0,23,513,126,3
2026-07-20,S04,P401,513,96.0,18,591,126,3
2026-07-21,S04,P401,591,0.0,19,572,126,1
2026-07-22,S04,P401,572,0.0,22,550,126,2
2026-07-23,S04,P401,550,0.0,25,525,126,1
2026-07-24,S04,P401,525,0.0,17,508,126,1
2026-07-25,S04,P401,508,0.0,23,485,126,1
2026-07-26,S04,P401,485,0.0,30,455,126,1
2026-07-27,S04,P401,455,0.0,23,432,126,4
2026-07-28,S04,P401,432,0.0,24,408,126,2
2026-07-29,S04,P401,408,0.0,26,382,126,1
2026-07-30,S04,P401,382,0.0,26,356,126,4
2026-07-31,S04,P401,356,0.0,19,337,126,4
2026-08-01,S04,P401,337,0.0,25,312,126,2
2026-08-02,S04,P401,312,0.0,29,283,126,3
2026-08-03,S04,P401,283,0.0,29,254,126,2
2026-08-04,S04,P401,254,0.0,8,246,126,1
2026-08-05,S04,P401,246,0.0,16,230,126,1
2026-08-06,S04,P401,230,0.0,23,207,126,1
2026-08-07,S04,P401,207,0.0,12,195,126,4
2026-08-08,S04,P401,195,0.0,30,165,126,1
2026-08-09,S04,P401,165,27.0,29,163,126,2
2026-08-10,S04,P401,163,43.0,20,186,126,1
2026-08-11,S04,P401,186,0.0,20,166,126,2
2026-08-12,S04,P401,166,0.0,21,145,126,2
2026-08-13,S04,P401,145,0.0,21,124,126,3
2026-08-14,S04,P401,124,0.0,22,102,126,4
2026-08-15,S04,P401,102,0.0,15,87,126,1
2026-08-16,S04,P401,87,0.0,26,61,126,3
2026-08-17,S04,P401,61,0.0,14,47,126,2
2026-08-18,S04,P401,47,0.0,25,22,126,3
2026-08-19,S04,P401,22,0.0,18,4,126,4
2026-08-20,S04,P401,4,45.0,21,28,126,1
2026-08-21,S04,P401,28,0.0,15,13,126,4
2026-08-22,S04,P401,13,0.0,25,0,126,2
2026-08-23,S04,P401,0,0.0,33,0,126,4
2026-08-24,S04,P401,0,0.0,20,0,126,4
2026-08-25,S04,P401,0,0.0,18,0,126,3
2026-08-26,S04,P401,0,0.0,30,0,126,1
2026-08-27,S04,P401,0,0.0,24,0,126,2
2026-08-28,S04,P401,0,0.0,29,0,126,2
2026-08-29,S04,P401,0,0.0,29,0,126,2
2026-08-30,S04,P401,0,0.0,30,0,126,2
2026-08-31,S04,P401,0,0.0,23,0,126,4
2026-07-01,S04,P402,335,0.0,31,304,151,2
2026-07-02,S04,P402,304,37.0,21,320,151,1
2026-07-03,S04,P402,320,0.0,16,304,151,4
2026-07-04,S04,P402,304,0.0,38,266,151,2
2026-07-05,S04,P402,266,0.0,28,238,151,4
2026-07-06,S04,P402,238,152.0,28,362,151,1
2026-07-07,S04,P402,362,0.0,29,333,151,3
2026-07-08,S04,P402,333,0.0,36,297,151,1
2026-07-09,S04,P402,297,0.0,36,261,151,2
2026-07-10,S04,P402,261,0.0,21,240,151,3
2026-07-11,S04,P402,240,0.0,42,198,151,3
2026-07-12,S04,P402,198,0.0,37,161,151,4
2026-07-13,S04,P402,161,0.0,26,135,151,4
2026-07-14,S04,P402,135,0.0,30,105,151,2
2026-07-15,S04,P402,105,0.0,25,80,151,3
2026-07-16,S04,P402,80,63.0,29,114,151,4
2026-07-17,S04,P402,114,0.0,26,88,151,2
2026-07-18,S04,P402,88,0.0,32,56,151,4
2026-07-19,S04,P402,56,0.0,32,24,151,4
2026-07-20,S04,P402,24,0.0,24,0,151,4
2026-07-21,S04,P402,0,0.0,18,0,151,4
2026-07-22,S04,P402,0,0.0,25,0,151,4
2026-07-23,S04,P402,0,0.0,20,0,151,2
2026-07-24,S04,P402,0,0.0,23,0,151,3
2026-07-25,S04,P402,0,0.0,29,0,151,1
2026-07-26,S04,P402,0,0.0,26,0,151,2
2026-07-27,S04,P402,0,0.0,21,0,151,2
2026-07-28,S04,P402,0,0.0,35,0,151,1
2026-07-29,S04,P402,0,0.0,32,0,151,3
2026-07-30,S04,P402,0,0.0,25,0,151,2
2026-07-31,S04,P402,0,0.0,32,0,151,2
2026-08-01,S04,P402,0,0.0,31,0,151,1
2026-08-02,S04,P402,0,0.0,24,0,151,1
2026-08-03,S04,P402,0,0.0,25,0,151,2
2026-08-04,S04,P402,0,0.0,30,0,151,2
2026-08-05,S04,P402,0,0.0,23,0,151,3
2026-08-06,S04,P402,0,0.0,30,0,151,1
2026-08-07,S04,P402,0,0.0,24,0,151,4
2026-08-08,S04,P402,0,0.0,35,0,151,1
2026-08-09,S04,P402,0,0.0,35,0,151,3
2026-08-10,S04,P402,0,0.0,34,0,151,2
2026-08-11,S04,P402,0,0.0,27,0,151,1
2026-08-12,S04,P402,0,0.0,21,0,151,2
2026-08-13,S04,P402,0,0.0,36,0,151,2
2026-08-14,S04,P402,0,0.0,22,0,151,1
2026-08-15,S04,P402,0,0.0,31,0,151,4
2026-08-16,S04,P402,0,0.0,30,0,151,3
2026-08-17,S04,P402,0,28.0,40,0,151,1
2026-08-18,S04,P402,0,0.0,17,0,151,3
2026-08-19,S04,P402,0,0.0,20,0,151,1
2026-08-20,S04,P402,0,0.0,28,0,151,3
2026-08-21,S04,P402,0,0.0,23,0,151,1
2026-08-22,S04,P402,0,0.0,28,0,151,4
2026-08-23,S04,P402,0,0.0,31,0,151,4
2026-08-24,S04,P402,0,0.0,31,0,151,2
2026-08-25,S04,P402,0,0.0,22,0,151,2
2026-08-26,S04,P402,0,57.0,33,24,151,2
2026-08-27,S04,P402,24,0.0,28,0,151,1
2026-08-28,S04,P402,0,0.0,24,0,151,2
2026-08-29,S04,P402,0,0.0,33,0,151,2
2026-08-30,S04,P402,0,0.0,41,0,151,1
2026-08-31,S04,P402,0,0.0,27,0,151,2
2026-07-01,S04,P403,186,0.0,15,171,80,1
2026-07-02,S04,P403,171,0.0,14,157,80,2
2026-07-03,S04,P403,157,0.0,12,145,80,3
2026-07-04,S04,P403,145,0.0,15,130,80,1
2026-07-05,S04,P403,130,0.0,24,106,80,4
2026-07-06,S04,P403,106,0.0,12,94,80,3
2026-07-07,S04,P403,94,0.0,17,77,80,4
2026-07-08,S04,P403,77,0.0,9,68,80,1
2026-07-09,S04,P403,68,0.0,9,59,80,4
2026-07-10,S04,P403,59,143.0,12,190,80,2
2026-07-11,S04,P403,190,0.0,16,174,80,1
2026-07-12,S04,P403,174,0.0,14,160,80,3
2026-07-13,S04,P403,160,0.0,14,146,80,3
2026-07-14,S04,P403,146,0.0,8,138,80,4
2026-07-15,S04,P403,138,145.0,13,270,80,3
2026-07-16,S04,P403,270,0.0,12,258,80,3
2026-07-17,S04,P403,258,0.0,22,236,80,4
2026-07-18,S04,P403,236,0.0,23,213,80,2
2026-07-19,S04,P403,213,0.0,18,195,80,2
2026-07-20,S04,P403,195,0.0,13,182,80,1
2026-07-21,S04,P403,182,105.0,18,269,80,3
2026-07-22,S04,P403,269,0.0,14,255,80,3
2026-07-23,S04,P403,255,0.0,10,245,80,1
2026-07-24,S04,P403,245,0.0,11,234,80,4
2026-07-25,S04,P403,234,0.0,10,224,80,4
2026-07-26,S04,P403,224,0.0,10,214,80,4
2026-07-27,S04,P403,214,0.0,18,196,80,1
2026-07-28,S04,P403,196,0.0,15,181,80,3
2026-07-29,S04,P403,181,0.0,13,168,80,4
2026-07-30,S04,P403,168,0.0,9,159,80,4
2026-07-31,S04,P403,159,0.0,16,143,80,2
2026-08-01,S04,P403,143,0.0,8,135,80,1
2026-08-02,S04,P403,135,0.0,16,119,80,2
2026-08-03,S04,P403,119,0.0,10,109,80,1
2026-08-04,S04,P403,109,0.0,12,97,80,2
2026-08-05,S04,P403,97,0.0,14,83,80,1
2026-08-06,S04,P403,83,0.0,12,71,80,1
2026-08-07,S04,P403,71,0.0,18,53,80,3
2026-08-08,S04,P403,53,0.0,10,43,80,3
2026-08-09,S04,P403,43,0.0,18,25,80,2
2026-08-10,S04,P403,25,50.0,14,61,80,3
2026-08-11,S04,P403,61,0.0,10,51,80,2
2026-08-12,S04,P403,51,113.0,18,146,80,4
2026-08-13,S04,P403,146,0.0,10,136,80,4
2026-08-14,S04,P403,136,0.0,15,121,80,4
2026-08-15,S04,P403,121,0.0,26,95,80,1
2026-08-16,S04,P403,95,155.0,9,241,80,1
2026-08-17,S04,P403,241,0.0,11,230,80,2
2026-08-18,S04,P403,230,0.0,14,216,80,2
2026-08-19,S04,P403,216,0.0,13,203,80,4
2026-08-20,S04,P403,203,146.0,14,335,80,3
2026-08-21,S04,P403,335,0.0,10,325,80,4
2026-08-22,S04,P403,325,0.0,24,301,80,1
2026-08-23,S04,P403,301,0.0,18,283,80,1
2026-08-24,S04,P403,283,0.0,11,272,80,2
2026-08-25,S04,P403,272,0.0,15,257,80,2
2026-08-26,S04,P403,257,115.0,14,358,80,3
2026-08-27,S04,P403,358,0.0,8,350,80,1
2026-08-28,S04,P403,350,0.0,19,331,80,1
2026-08-29,S04,P403,331,0.0,15,316,80,4
2026-08-30,S04,P403,316,0.0,15,301,80,4
2026-08-31,S04,P403,301,0.0,17,284,80,1
2026-07-01,S04,P404,150,0.0,0,150,40,2
2026-07-02,S04,P404,150,0.0,0,150,40,1
2026-07-03,S04,P404,150,0.0,0,150,40,4
2026-07-04,S04,P404,150,0.0,0,150,40,3
2026-07-05,S04,P404,150,99.0,0,249,40,4
2026-07-06,S04,P404,249,0.0,0,249,40,4
2026-07-07,S04,P404,249,0.0,0,249,40,1
2026-07-08,S04,P404,249,0.0,0,249,40,2
2026-07-09,S04,P404,249,0.0,0,249,40,4
2026-07-10,S04,P404,249,0.0,0,249,40,2
2026-07-11,S04,P404,249,0.0,0,249,40,1
2026-07-12,S04,P404,249,0.0,0,249,40,1
2026-07-13,S04,P404,249,0.0,0,249,40,1
2026-07-14,S04,P404,249,0.0,0,249,40,2
2026-07-15,S04,P404,249,0.0,0,249,40,1
2026-07-16,S04,P404,249,0.0,0,249,40,2
2026-07-17,S04,P404,249,0.0,0,249,40,3
2026-07-18,S04,P404,249,0.0,0,249,40,1
2026-07-19,S04,P404,249,0.0,0,249,40,1
2026-07-20,S04,P404,249,116.0,0,365,40,2
2026-07-21,S04,P404,365,0.0,0,365,40,1
2026-07-22,S04,P404,365,0.0,0,365,40,4
2026-07-23,S04,P404,365,0.0,0,365,40,4
2026-07-24,S04,P404,365,0.0,0,365,40,1
2026-07-25,S04,P404,365,0.0,0,365,40,4
2026-07-26,S04,P404,365,0.0,0,365,40,3
2026-07-27,S04,P404,365,0.0,0,365,40,2
2026-07-28,S04,P404,365,0.0,0,365,40,2
2026-07-29,S04,P404,365,0.0,0,365,40,2
2026-07-30,S04,P404,365,0.0,0,365,40,4
2026-07-31,S04,P404,365,0.0,0,365,40,4
2026-08-01,S04,P404,365,0.0,0,365,40,1
2026-08-02,S04,P404,365,0.0,0,365,40,1
2026-08-03,S04,P404,365,0.0,0,365,40,2
2026-08-04,S04,P404,365,57.0,0,422,40,2
2026-08-05,S04,P404,422,0.0,0,422,40,2
2026-08-06,S04,P404,422,0.0,0,422,40,1
2026-08-07,S04,P404,422,0.0,0,422,40,2
2026-08-08,S04,P404,422,20.0,0,442,40,2
2026-08-09,S04,P404,442,0.0,0,442,40,3
2026-08-10,S04,P404,442,0.0,0,442,40,1
2026-08-11,S04,P404,442,0.0,0,442,40,1
2026-08-12,S04,P404,442,0.0,0,442,40,2
2026-08-13,S04,P404,442,0.0,0,442,40,2
2026-08-14,S04,P404,442,0.0,0,442,40,1
2026-08-15,S04,P404,442,0.0,0,442,40,3
2026-08-16,S04,P404,442,0.0,0,442,40,2
2026-08-17,S04,P404,442,0.0,0,442,40,2
2026-08-18,S04,P404,442,152.0,0,594,40,4
2026-08-19,S04,P404,594,0.0,0,594,40,1
2026-08-20,S04,P404,594,0.0,0,594,40,2
2026-08-21,S04,P404,594,0.0,0,594,40,4
2026-08-22,S04,P404,594,0.0,0,594,40,1
2026-08-23,S04,P404,594,0.0,0,594,40,4
2026-08-24,S04,P404,594,0.0,0,594,40,2
2026-08-25,S04,P404,594,153.0,0,747,40,3
2026-08-26,S04,P404,747,0.0,0,747,40,4
2026-08-27,S04,P404,747,0.0,9,738,40,2
2026-08-28,S04,P404,738,0.0,6,732,40,2
2026-08-29,S04,P404,732,151.0,7,876,40,3
2026-08-30,S04,P404,876,0.0,1,875,40,3
2026-08-31,S04,P404,875,0.0,5,870,40,1
2026-07-01,S04,P501,403,79.0,12,470,50,1
2026-07-02,S04,P501,470,0.0,5,465,50,1
2026-07-03,S04,P501,465,0.0,9,456,50,1
2026-07-04,S04,P501,456,0.0,7,449,50,1
2026-07-05,S04,P501,449,0.0,12,437,50,4
2026-07-06,S04,P501,437,0.0,10,427,50,4
2026-07-07,S04,P501,427,0.0,13,414,50,3
2026-07-08,S04,P501,414,0.0,15,399,50,2
2026-07-09,S04,P501,399,0.0,9,390,50,4
2026-07-10,S04,P501,390,0.0,9,381,50,3
2026-07-11,S04,P501,381,0.0,15,366,50,3
2026-07-12,S04,P501,366,3.0,9,360,50,3
2026-07-13,S04,P501,360,0.0,8,352,50,4
2026-07-14,S04,P501,352,0.0,3,349,50,4
2026-07-15,S04,P501,349,0.0,8,341,50,3
2026-07-16,S04,P501,341,117.0,10,448,50,2
2026-07-17,S04,P501,448,0.0,8,440,50,1
2026-07-18,S04,P501,440,0.0,14,426,50,3
2026-07-19,S04,P501,426,0.0,12,414,50,2
2026-07-20,S04,P501,414,0.0,11,403,50,1
2026-07-21,S04,P501,403,15.0,10,408,50,1
2026-07-22,S04,P501,408,0.0,4,404,50,3
2026-07-23,S04,P501,404,0.0,7,397,50,1
2026-07-24,S04,P501,397,0.0,10,387,50,1
2026-07-25,S04,P501,387,0.0,19,368,50,3
2026-07-26,S04,P501,368,0.0,10,358,50,3
2026-07-27,S04,P501,358,0.0,18,340,50,1
2026-07-28,S04,P501,340,0.0,11,329,50,4
2026-07-29,S04,P501,329,0.0,9,320,50,4
2026-07-30,S04,P501,320,21.0,10,331,50,3
2026-07-31,S04,P501,331,69.0,16,384,50,2
2026-08-01,S04,P501,384,0.0,7,377,50,2
2026-08-02,S04,P501,377,0.0,11,366,50,2
2026-08-03,S04,P501,366,0.0,6,360,50,2
2026-08-04,S04,P501,360,0.0,3,357,50,4
2026-08-05,S04,P501,357,24.0,11,370,50,3
2026-08-06,S04,P501,370,0.0,7,363,50,3
2026-08-07,S04,P501,363,0.0,11,352,50,3
2026-08-08,S04,P501,352,0.0,12,340,50,3
2026-08-09,S04,P501,340,0.0,10,330,50,2
2026-08-10,S04,P501,330,0.0,12,318,50,3
2026-08-11,S04,P501,318,0.0,9,309,50,2
2026-08-12,S04,P501,309,0.0,7,302,50,3
2026-08-13,S04,P501,302,0.0,11,291,50,4
2026-08-14,S04,P501,291,129.0,8,412,50,3
2026-08-15,S04,P501,412,0.0,8,404,50,2
2026-08-16,S04,P501,404,0.0,7,397,50,3
2026-08-17,S04,P501,397,0.0,6,391,50,3
2026-08-18,S04,P501,391,0.0,14,377,50,1
2026-08-19,S04,P501,377,0.0,9,368,50,2
2026-08-20,S04,P501,368,0.0,11,357,50,1
2026-08-21,S04,P501,357,0.0,10,347,50,4
2026-08-22,S04,P501,347,0.0,10,337,50,4
2026-08-23,S04,P501,337,0.0,9,328,50,4
2026-08-24,S04,P501,328,0.0,6,322,50,4
2026-08-25,S04,P501,322,0.0,8,314,50,2
2026-08-26,S04,P501,314,0.0,10,304,50,2
2026-08-27,S04,P501,304,0.0,5,299,50,2
2026-08-28,S04,P501,299,0.0,6,293,50,2
2026-08-29,S04,P501,293,0.0,12,281,50,3
2026-08-30,S04,P501,281,0.0,12,269,50,3
2026-08-31,S04,P501,269,0.0,9,260,50,1
2026-07-01,S04,P502,400,0.0,5,395,40,1
2026-07-02,S04,P502,395,75.0,3,467,40,4
2026-07-03,S04,P502,467,29.0,5,491,40,1
2026-07-04,S04,P502,491,0.0,5,486,40,4
2026-07-05,S04,P502,486,121.0,6,601,40,2
2026-07-06,S04,P502,601,0.0,6,595,40,1
2026-07-07,S04,P502,595,0.0,7,588,40,4
2026-07-08,S04,P502,588,0.0,8,580,40,3
2026-07-09,S04,P502,580,12.0,6,586,40,3
2026-07-10,S04,P502,586,0.0,4,582,40,3
2026-07-11,S04,P502,582,0.0,6,576,40,3
2026-07-12,S04,P502,576,0.0,7,569,40,1
2026-07-13,S04,P502,569,0.0,12,557,40,3
2026-07-14,S04,P502,557,0.0,2,555,40,3
2026-07-15,S04,P502,555,0.0,8,547,40,3
2026-07-16,S04,P502,547,0.0,5,542,40,3
2026-07-17,S04,P502,542,87.0,7,622,40,3
2026-07-18,S04,P502,622,0.0,2,620,40,3
2026-07-19,S04,P502,620,0.0,12,608,40,3
2026-07-20,S04,P502,608,0.0,9,599,40,1
2026-07-21,S04,P502,599,0.0,12,587,40,4
2026-07-22,S04,P502,587,3.0,10,580,40,3
2026-07-23,S04,P502,580,0.0,6,574,40,3
2026-07-24,S04,P502,574,0.0,4,570,40,2
2026-07-25,S04,P502,570,0.0,8,562,40,2
2026-07-26,S04,P502,562,0.0,5,557,40,1
2026-07-27,S04,P502,557,0.0,7,550,40,3
2026-07-28,S04,P502,550,0.0,5,545,40,4
2026-07-29,S04,P502,545,17.0,6,556,40,3
2026-07-30,S04,P502,556,62.0,5,613,40,1
2026-07-31,S04,P502,613,0.0,6,607,40,2
2026-08-01,S04,P502,607,0.0,8,599,40,2
2026-08-02,S04,P502,599,0.0,9,590,40,2
2026-08-03,S04,P502,590,0.0,6,584,40,4
2026-08-04,S04,P502,584,0.0,6,578,40,2
2026-08-05,S04,P502,578,0.0,7,571,40,4
2026-08-06,S04,P502,571,0.0,11,560,40,2
2026-08-07,S04,P502,560,0.0,11,549,40,4
2026-08-08,S04,P502,549,85.0,7,627,40,2
2026-08-09,S04,P502,627,17.0,10,634,40,2
2026-08-10,S04,P502,634,0.0,5,629,40,2
2026-08-11,S04,P502,629,0.0,9,620,40,4
2026-08-12,S04,P502,620,0.0,9,611,40,3
2026-08-13,S04,P502,611,0.0,9,602,40,1
2026-08-14,S04,P502,602,0.0,8,594,40,1
2026-08-15,S04,P502,594,0.0,6,588,40,2
2026-08-16,S04,P502,588,0.0,4,584,40,2
2026-08-17,S04,P502,584,0.0,7,577,40,4
2026-08-18,S04,P502,577,0.0,13,564,40,1
2026-08-19,S04,P502,564,0.0,6,558,40,1
2026-08-20,S04,P502,558,141.0,10,689,40,4
2026-08-21,S04,P502,689,0.0,3,686,40,3
2026-08-22,S04,P502,686,0.0,11,675,40,3
2026-08-23,S04,P502,675,0.0,9,666,40,1
2026-08-24,S04,P502,666,34.0,7,693,40,3
2026-08-25,S04,P502,693,148.0,7,834,40,2
2026-08-26,S04,P502,834,0.0,9,825,40,4
2026-08-27,S04,P502,825,4.0,3,826,40,3
2026-08-28,S04,P502,826,0.0,5,821,40,4
2026-08-29,S04,P502,821,0.0,6,815,40,2
2026-08-30,S04,P502,815,0.0,6,809,40,3
2026-08-31,S04,P502,809,0.0,11,798,40,1
2026-07-01,S04,P503,484,0.0,12,472,60,2
2026-07-02,S04,P503,472,0.0,11,461,60,3
2026-07-03,S04,P503,461,0.0,12,449,60,4
2026-07-04,S04,P503,449,0.0,10,439,60,1
2026-07-05,S04,P503,439,0.0,16,423,60,2
2026-07-06,S04,P503,423,0.0,8,415,60,1
2026-07-07,S04,P503,415,0.0,15,400,60,4
2026-07-08,S04,P503,400,0.0,18,382,60,3
2026-07-09,S04,P503,382,0.0,5,377,60,2
2026-07-10,S04,P503,377,0.0,17,360,60,2
2026-07-11,S04,P503,360,0.0,14,346,60,3
2026-07-12,S04,P503,346,0.0,10,336,60,1
2026-07-13,S04,P503,336,0.0,9,327,60,3
2026-07-14,S04,P503,327,0.0,13,314,60,1
2026-07-15,S04,P503,314,63.0,17,360,60,4
2026-07-16,S04,P503,360,0.0,12,348,60,2
2026-07-17,S04,P503,348,0.0,16,332,60,2
2026-07-18,S04,P503,332,0.0,11,321,60,4
2026-07-19,S04,P503,321,0.0,12,309,60,2
2026-07-20,S04,P503,309,0.0,9,300,60,2
2026-07-21,S04,P503,300,0.0,8,292,60,2
2026-07-22,S04,P503,292,0.0,15,277,60,2
2026-07-23,S04,P503,277,0.0,15,262,60,4
2026-07-24,S04,P503,262,0.0,11,251,60,4
2026-07-25,S04,P503,251,0.0,15,236,60,2
2026-07-26,S04,P503,236,0.0,9,227,60,1
2026-07-27,S04,P503,227,0.0,14,213,60,2
2026-07-28,S04,P503,213,0.0,13,200,60,1
2026-07-29,S04,P503,200,0.0,13,187,60,4
2026-07-30,S04,P503,187,0.0,13,174,60,1
2026-07-31,S04,P503,174,0.0,9,165,60,3
2026-08-01,S04,P503,165,0.0,8,157,60,3
2026-08-02,S04,P503,157,18.0,14,161,60,2
2026-08-03,S04,P503,161,0.0,11,150,60,3
2026-08-04,S04,P503,150,0.0,7,143,60,2
2026-08-05,S04,P503,143,59.0,14,188,60,2
2026-08-06,S04,P503,188,0.0,8,180,60,3
2026-08-07,S04,P503,180,0.0,7,173,60,4
2026-08-08,S04,P503,173,0.0,16,157,60,3
2026-08-09,S04,P503,157,54.0,10,201,60,3
2026-08-10,S04,P503,201,0.0,10,191,60,2
2026-08-11,S04,P503,191,0.0,7,184,60,4
2026-08-12,S04,P503,184,0.0,10,174,60,3
2026-08-13,S04,P503,174,84.0,7,251,60,2
2026-08-14,S04,P503,251,0.0,6,245,60,2
2026-08-15,S04,P503,245,0.0,14,231,60,1
2026-08-16,S04,P503,231,0.0,11,220,60,4
2026-08-17,S04,P503,220,0.0,9,211,60,4
2026-08-18,S04,P503,211,0.0,7,204,60,4
2026-08-19,S04,P503,204,0.0,14,190,60,2
2026-08-20,S04,P503,190,0.0,12,178,60,3
2026-08-21,S04,P503,178,0.0,12,166,60,4
2026-08-22,S04,P503,166,0.0,9,157,60,4
2026-08-23,S04,P503,157,0.0,8,149,60,4
2026-08-24,S04,P503,149,0.0,9,140,60,3
2026-08-25,S04,P503,140,0.0,7,133,60,3
2026-08-26,S04,P503,133,0.0,9,124,60,4
2026-08-27,S04,P503,124,0.0,8,116,60,4
2026-08-28,S04,P503,116,0.0,9,107,60,1
2026-08-29,S04,P503,107,0.0,17,90,60,3
2026-08-30,S04,P503,90,0.0,18,72,60,1
2026-08-31,S04,P503,72,0.0,10,62,60,4
2026-07-01,S04,P601,353,0.0,5,348,70,3
2026-07-02,S04,P601,348,136.0,11,473,70,3
2026-07-03,S04,P601,473,0.0,7,466,70,3
2026-07-04,S04,P601,466,0.0,19,447,70,4
2026-07-05,S04,P601,447,0.0,11,436,70,3
2026-07-06,S04,P601,436,13.0,16,433,70,2
2026-07-07,S04,P601,433,0.0,7,426,70,2
2026-07-08,S04,P601,426,0.0,18,408,70,4
2026-07-09,S04,P601,408,0.0,20,388,70,1
2026-07-10,S04,P601,388,0.0,21,367,70,2
2026-07-11,S04,P601,367,38.0,18,387,70,2
2026-07-12,S04,P601,387,0.0,15,372,70,3
2026-07-13,S04,P601,372,0.0,15,357,70,1
2026-07-14,S04,P601,357,0.0,13,344,70,3
2026-07-15,S04,P601,344,0.0,14,330,70,1
2026-07-16,S04,P601,330,0.0,7,323,70,2
2026-07-17,S04,P601,323,0.0,11,312,70,3
2026-07-18,S04,P601,312,0.0,11,301,70,2
2026-07-19,S04,P601,301,0.0,15,286,70,1
2026-07-20,S04,P601,286,0.0,14,272,70,2
2026-07-21,S04,P601,272,0.0,9,263,70,2
2026-07-22,S04,P601,263,4.0,16,251,70,1
2026-07-23,S04,P601,251,0.0,11,240,70,3
2026-07-24,S04,P601,240,0.0,9,231,70,4
2026-07-25,S04,P601,231,0.0,16,215,70,4
2026-07-26,S04,P601,215,138.0,14,339,70,3
2026-07-27,S04,P601,339,0.0,9,330,70,3
2026-07-28,S04,P601,330,0.0,15,315,70,2
2026-07-29,S04,P601,315,0.0,11,304,70,4
2026-07-30,S04,P601,304,0.0,20,284,70,1
2026-07-31,S04,P601,284,0.0,18,266,70,2
2026-08-01,S04,P601,266,0.0,15,251,70,1
2026-08-02,S04,P601,251,0.0,15,236,70,1
2026-08-03,S04,P601,236,0.0,10,226,70,2
2026-08-04,S04,P601,226,0.0,9,217,70,3
2026-08-05,S04,P601,217,0.0,12,205,70,2
2026-08-06,S04,P601,205,0.0,8,197,70,2
2026-08-07,S04,P601,197,0.0,12,185,70,1
2026-08-08,S04,P601,185,0.0,14,171,70,4
2026-08-09,S04,P601,171,0.0,11,160,70,2
2026-08-10,S04,P601,160,0.0,13,147,70,1
2026-08-11,S04,P601,147,0.0,14,133,70,4
2026-08-12,S04,P601,133,0.0,10,123,70,4
2026-08-13,S04,P601,123,0.0,9,114,70,3
2026-08-14,S04,P601,114,0.0,17,97,70,2
2026-08-15,S04,P601,97,0.0,15,82,70,4
2026-08-16,S04,P601,82,0.0,20,62,70,3
2026-08-17,S04,P601,62,0.0,12,50,70,4
2026-08-18,S04,P601,50,19.0,9,60,70,3
2026-08-19,S04,P601,60,0.0,14,46,70,2
2026-08-20,S04,P601,46,0.0,9,37,70,2
2026-08-21,S04,P601,37,0.0,15,22,70,3
2026-08-22,S04,P601,22,0.0,17,5,70,4
2026-08-23,S04,P601,5,101.0,15,91,70,2
2026-08-24,S04,P601,91,0.0,12,79,70,4
2026-08-25,S04,P601,79,0.0,14,65,70,3
2026-08-26,S04,P601,65,110.0,18,157,70,4
2026-08-27,S04,P601,157,14.0,14,157,70,1
2026-08-28,S04,P601,157,0.0,12,145,70,3
2026-08-29,S04,P601,145,0.0,17,128,70,4
2026-08-30,S04,P601,128,0.0,17,111,70,2
2026-08-31,S04,P601,111,0.0,13,98,70,1
