transaction_id,date,store_id,product_id,quantity,selling_price,discount_pct,promotion_flag,customer_id,payment_mode,hour
T100001,2026-07-01,S01,P101,5,60.0,0.0,0,C0817,UPI,20
T100002,2026-07-01,S01,P101,12,60.0,0.0,0,C0012,Card,16
T100003,2026-07-01,S01,P101,6,60.0,0.0,0,C0339,Card,17
T100004,2026-07-01,S01,P102,7,45.0,0.0,0,C0466,UPI,18
T100005,2026-07-01,S01,P102,4,45.0,0.0,0,C0489,Cash,19
T100006,2026-07-01,S01,P102,6,45.0,0.0,0,C1040,Cash,19
T100007,2026-07-01,S01,P103,4,95.0,0.0,0,C0995,Card,17
T100008,2026-07-01,S01,P103,8,95.0,0.0,0,C0131,Card,9
T100009,2026-07-01,S01,P104,4,145.0,0.0,0,C0722,Card,18
T100010,2026-07-01,S01,P201,4,120.0,0.0,0,C1063,UPI,9
T100011,2026-07-01,S01,P202,5,39.9,5.0,1,C0377,Card,21
T100012,2026-07-01,S01,P202,6,42.0,0.0,1,C0340,Card,16
T100013,2026-07-01,S01,P203,5,95.0,0.0,0,C0949,Cash,8
T100014,2026-07-01,S01,P204,5,165.0,0.0,0,C0807,Cash,13
T100015,2026-07-01,S01,P301,5,50.0,0.0,0,C0772,UPI,11
T100016,2026-07-01,S01,P301,9,50.0,0.0,0,C0885,Card,13
T100017,2026-07-01,S01,P301,5,50.0,0.0,0,C1131,UPI,19
T100018,2026-07-01,S01,P302,7,76.5,10.0,1,C1044,Cash,10
T100019,2026-07-01,S01,P302,3,85.0,0.0,1,C0419,Card,19
T100020,2026-07-01,S01,P303,7,110.0,0.0,0,C0952,UPI,18
T100021,2026-07-01,S01,P304,5,25.0,0.0,1,C0328,Card,13
T100022,2026-07-01,S01,P304,5,25.0,0.0,1,C0973,Cash,12
T100023,2026-07-01,S01,P304,14,25.0,0.0,1,C0698,Card,10
T100024,2026-07-01,S01,P304,6,23.75,5.0,1,C0216,Card,17
T100025,2026-07-01,S01,P401,8,35.0,0.0,0,C0356,Card,19
T100026,2026-07-01,S01,P401,8,35.0,0.0,0,C0133,Cash,16
T100027,2026-07-01,S01,P401,8,35.0,0.0,0,C1055,Card,10
T100028,2026-07-01,S01,P401,4,35.0,0.0,0,C0672,UPI,19
T100029,2026-07-01,S01,P402,10,30.0,0.0,0,C0295,UPI,21
T100030,2026-07-01,S01,P402,5,30.0,0.0,0,C1137,Card,20
T100031,2026-07-01,S01,P402,9,30.0,0.0,0,C0866,Card,17
T100032,2026-07-01,S01,P403,8,55.0,0.0,0,C0994,UPI,19
T100033,2026-07-01,S01,P403,7,55.0,0.0,0,C0989,Card,12
T100034,2026-07-01,S01,P403,5,55.0,0.0,0,C0484,UPI,11
T100035,2026-07-01,S01,P501,6,210.0,0.0,0,C0022,Card,8
T100036,2026-07-01,S01,P501,6,,0.0,0,C0210,Cash,20
T100037,2026-07-01,S01,P502,5,145.0,0.0,0,C0879,UPI,13
T100038,2026-07-01,S01,P503,6,95.0,0.0,0,C1123,UPI,11
T100039,2026-07-01,S01,P503,8,95.0,0.0,0,C0887,Card,16
T100040,2026-07-01,S01,P601,5,80.0,0.0,0,C0849,Cash,20
T100041,2026-07-01,S01,P601,4,80.0,0.0,0,C0303,UPI,12
T100042,2026-07-01,S01,P601,9,80.0,0.0,0,C0084,UPI,20
T100043,2026-07-01,S02,P101,8,60.0,0.0,0,C0793,Card,8
T100044,2026-07-01,S02,P101,11,60.0,0.0,0,C0208,Card,21
T100045,2026-07-01,S02,P101,8,60.0,0.0,0,C0520,Card,18
T100046,2026-07-01,S02,P101,13,60.0,0.0,0,C0199,Card,9
T100047,2026-07-01,S02,P102,8,45.0,0.0,0,C0521,UPI,16
T100048,2026-07-01,S02,P102,7,45.0,0.0,0,C1014,UPI,13
T100049,2026-07-01,S02,P102,8,45.0,0.0,0,C0584,UPI,9
T100050,2026-07-01,S02,P103,5,95.0,0.0,0,C0729,Cash,20
T100051,2026-07-01,S02,P103,5,95.0,0.0,0,C0779,UPI,13
T100052,2026-07-01,S02,P104,7,145.0,0.0,1,C0225,UPI,9
T100053,2026-07-01,S02,P201,3,120.0,0.0,0,C0090,Card,16
T100054,2026-07-01,S02,P202,5,42.0,0.0,0,C0317,Card,20
T100055,2026-07-01,S02,P202,5,42.0,0.0,0,C1097,UPI,13
T100056,2026-07-01,S02,P202,11,42.0,0.0,0,,Cash,18
T100057,2026-07-01,S02,P203,7,95.0,0.0,0,C0459,Cash,16
T100058,2026-07-01,S02,P203,5,95.0,0.0,0,C0022,UPI,19
T100059,2026-07-01,S02,P203,5,95.0,0.0,0,C1151,Card,10
T100060,2026-07-01,S02,P204,3,165.0,0.0,0,C0122,UPI,10
T100061,2026-07-01,S02,P301,5,50.0,0.0,0,C0914,Card,13
T100062,2026-07-01,S02,P301,7,50.0,0.0,0,C0873,UPI,17
T100063,2026-07-01,S02,P301,5,50.0,0.0,0,C0035,UPI,10
T100064,2026-07-01,S02,P301,11,50.0,0.0,0,C0353,Card,13
T100065,2026-07-01,S02,P302,9,80.75,5.0,1,C0532,Card,21
T100066,2026-07-01,S02,P302,7,85.0,0.0,1,C0420,UPI,18
T100067,2026-07-01,S02,P302,5,80.75,5.0,1,C0932,UPI,9
T100068,2026-07-01,S02,P302,7,85.0,0.0,1,C0186,Cash,10
T100069,2026-07-01,S02,P303,7,110.0,0.0,1,C0100,Cash,17
T100070,2026-07-01,S02,P303,4,110.0,0.0,1,C0526,Cash,21
T100071,2026-07-01,S02,P304,10,22.5,10.0,1,C0231,UPI,17
T100072,2026-07-01,S02,P304,14,25.0,0.0,1,C0028,UPI,20
T100073,2026-07-01,S02,P304,14,25.0,0.0,1,C0460,UPI,17
T100074,2026-07-01,S02,P304,10,21.25,15.0,1,C1034,UPI,20
T100075,2026-07-01,S02,P401,12,35.0,0.0,1,C0972,Card,11
T100076,2026-07-01,S02,P401,6,35.0,0.0,1,C1131,Card,18
T100077,2026-07-01,S02,P401,11,35.0,0.0,1,C0156,Cash,8
T100078,2026-07-01,S02,P401,8,33.25,5.0,1,C0957,UPI,20
T100079,2026-07-01,S02,P402,5,30.0,0.0,0,C0119,UPI,8
T100080,2026-07-01,S02,P402,7,30.0,0.0,0,C0837,UPI,20
T100081,2026-07-01,S02,P402,12,30.0,0.0,0,C0490,UPI,21
T100082,2026-07-01,S02,P402,10,30.0,0.0,0,C0126,Cash,9
T100083,2026-07-01,S02,P403,7,55.0,0.0,0,C0919,Card,9
T100084,2026-07-01,S02,P403,5,55.0,0.0,0,C0746,Card,11
T100085,2026-07-01,S02,P403,6,55.0,0.0,0,C0129,Card,12
T100086,2026-07-01,S02,P403,11,55.0,0.0,0,C0517,Cash,13
T100087,2026-07-01,S02,P501,5,210.0,0.0,0,C0303,Card,19
T100088,2026-07-01,S02,P501,8,210.0,0.0,0,C0987,Cash,21
T100089,2026-07-01,S02,P502,7,145.0,0.0,0,C1093,Card,12
T100090,2026-07-01,S02,P502,6,145.0,0.0,0,C1010,Card,21
T100091,2026-07-01,S02,P503,6,95.0,0.0,0,C1126,UPI,20
T100092,2026-07-01,S02,P503,9,95.0,0.0,0,C0397,Card,13
T100093,2026-07-01,S02,P503,6,95.0,0.0,0,C0822,Card,10
T100094,2026-07-01,S02,P601,8,80.0,0.0,0,C0828,Card,10
T100095,2026-07-01,S02,P601,8,80.0,0.0,0,C0291,UPI,8
T100096,2026-07-01,S02,P601,6,80.0,0.0,0,C0867,UPI,19
T100097,2026-07-01,S03,P101,7,60.0,0.0,0,C0816,Card,17
T100098,2026-07-01,S03,P101,8,60.0,0.0,0,C0665,UPI,19
T100099,2026-07-01,S03,P101,4,60.0,0.0,0,C0304,Card,9
T100100,2026-07-01,S03,P102,8,45.0,0.0,0,C0364,Cash,9
T100101,2026-07-01,S03,P102,4,45.0,0.0,0,C0407,UPI,12
T100102,2026-07-01,S03,P103,5,95.0,0.0,0,C0964,UPI,10
T100103,2026-07-01,S03,P104,4,145.0,0.0,0,C0002,UPI,9
T100104,2026-07-01,S03,P201,3,120.0,0.0,0,C0959,UPI,16
T100105,2026-07-01,S03,P202,7,42.0,0.0,0,C0559,Cash,17
T100106,2026-07-01,S03,P202,6,42.0,0.0,0,C1142,Card,16
T100107,2026-07-01,S03,P203,8,95.0,0.0,0,C0531,Cash,17
T100108,2026-07-01,S03,P204,4,165.0,0.0,0,C0483,Cash,8
T100109,2026-07-01,S03,P301,6,50.0,0.0,0,C0988,UPI,10
T100110,2026-07-01,S03,P301,9,50.0,0.0,0,C0650,UPI,20
T100111,2026-07-01,S03,P302,7,85.0,0.0,0,C0999,UPI,20
T100112,2026-07-01,S03,P303,7,110.0,0.0,0,C1094,UPI,8
T100113,2026-07-01,S03,P304,8,25.0,0.0,1,C0776,Cash,12
T100114,2026-07-01,S03,P304,7,25.0,0.0,1,C0342,Card,19
T100115,2026-07-01,S03,P304,5,21.25,15.0,1,C0614,Card,9
T100116,2026-07-01,S03,P401,6,35.0,0.0,0,C0453,UPI,11
T100117,2026-07-01,S03,P401,6,35.0,0.0,0,C0311,Card,18
T100118,2026-07-01,S03,P401,5,35.0,0.0,0,C0055,Card,18
T100119,2026-07-01,S03,P402,11,30.0,0.0,0,C0348,Cash,16
T100120,2026-07-01,S03,P402,4,30.0,0.0,0,C0364,UPI,11
T100121,2026-07-01,S03,P402,9,30.0,0.0,0,C1108,,12
T100122,2026-07-01,S03,P403,9,49.5,10.0,1,C0509,UPI,9
T100123,2026-07-01,S03,P403,5,55.0,0.0,1,C0749,UPI,9
T100124,2026-07-01,S03,P501,7,210.0,0.0,1,C1182,Cash,9
T100125,2026-07-01,S03,P501,4,189.0,10.0,1,C1091,Card,13
T100126,2026-07-01,S03,P502,4,145.0,0.0,0,C0266,Card,11
T100127,2026-07-01,S03,P503,3,95.0,0.0,0,C1103,Cash,18
T100128,2026-07-01,S03,P503,7,95.0,0.0,0,C1036,Cash,21
T100129,2026-07-01,S03,P601,8,80.0,0.0,0,C0989,UPI,9
T100130,2026-07-01,S04,P101,9,60.0,0.0,0,C0287,UPI,10
T100131,2026-07-01,S04,P101,7,60.0,0.0,0,C0778,UPI,10
T100132,2026-07-01,S04,P102,7,45.0,0.0,0,C0083,UPI,16
T100133,2026-07-01,S04,P102,9,45.0,0.0,0,C1180,UPI,12
T100134,2026-07-01,S04,P103,3,85.5,10.0,1,C0519,Card,10
T100135,2026-07-01,S04,P103,6,95.0,0.0,1,C0598,Cash,16
T100136,2026-07-01,S04,P104,5,145.0,0.0,0,C0065,UPI,12
T100137,2026-07-01,S04,P201,3,120.0,0.0,0,C0995,UPI,8
T100138,2026-07-01,S04,P202,6,42.0,0.0,0,C0546,UPI,11
T100139,2026-07-01,S04,P202,10,42.0,0.0,0,C0594,UPI,21
T100140,2026-07-01,S04,P203,7,95.0,0.0,0,C0715,UPI,12
T100141,2026-07-01,S04,P203,4,95.0,0.0,0,C0726,Card,17
T100142,2026-07-01,S04,P204,2,165.0,0.0,0,C0449,UPI,21
T100143,2026-07-01,S04,P301,5,50.0,0.0,1,C0277,UPI,11
T100144,2026-07-01,S04,P301,7,42.5,15.0,1,C0399,Cash,11
T100145,2026-07-01,S04,P301,8,45.0,10.0,1,C0442,UPI,10
T100146,2026-07-01,S04,P302,-4,85.0,0.0,0,C0360,Card,21
T100147,2026-07-01,S04,P302,-4,85.0,0.0,0,C0463,UPI,9
T100148,2026-07-01,S04,P303,7,93.5,15.0,1,C0781,Card,13
T100149,2026-07-01,S04,P304,5,25.0,0.0,0,C0936,Card,8
T100150,2026-07-01,S04,P304,6,25.0,0.0,0,C0846,UPI,17
T100151,2026-07-01,S04,P304,10,25.0,0.0,0,C0414,Cash,13
T100152,2026-07-01,S04,P304,9,25.0,0.0,0,C0686,UPI,21
T100153,2026-07-01,S04,P401,8,35.0,0.0,0,C0943,UPI,21
T100154,2026-07-01,S04,P401,7,35.0,0.0,0,C0302,Card,12
T100155,2026-07-01,S04,P401,6,35.0,0.0,0,C0203,UPI,21
T100156,2026-07-01,S04,P401,4,35.0,0.0,0,C0235,UPI,13
T100157,2026-07-01,S04,P402,9,30.0,0.0,0,C0283,Cash,11
T100158,2026-07-01,S04,P402,7,30.0,0.0,0,C0088,UPI,16
T100159,2026-07-01,S04,P402,7,30.0,0.0,0,C0696,Card,12
T100160,2026-07-01,S04,P402,8,30.0,0.0,0,C0019,UPI,13
T100161,2026-07-01,S04,P403,7,55.0,0.0,1,C0129,Card,19
T100162,2026-07-01,S04,P403,8,49.5,10.0,1,C1128,UPI,11
T100163,2026-07-01,S04,P501,7,210.0,0.0,0,C1044,UPI,12
T100164,2026-07-01,S04,P501,5,210.0,0.0,0,C1015,UPI,10
T100165,2026-07-01,S04,P502,5,145.0,0.0,0,C0822,Card,13
T100166,2026-07-01,S04,P503,7,95.0,0.0,1,C0583,UPI,16
T100167,2026-07-01,S04,P503,5,90.25,5.0,1,C0336,UPI,17
T100168,2026-07-01,S04,P601,5,80.0,0.0,0,C0159,UPI,9
T100169,2026-07-02,S01,P101,9,60.0,0.0,0,C0542,Cash,21
T100170,2026-07-02,S01,P101,6,60.0,0.0,0,C0019,UPI,11
T100171,2026-07-02,S01,P101,9,60.0,0.0,0,C0183,Card,11
T100172,2026-07-02,S01,P102,8,45.0,0.0,0,C1020,UPI,20
T100173,2026-07-02,S01,P102,5,45.0,0.0,0,C0401,Card,8
T100174,2026-07-02,S01,P103,7,95.0,0.0,0,C0563,Cash,20
T100175,2026-07-02,S01,P103,5,95.0,0.0,0,C0547,UPI,19
T100176,2026-07-02,S01,P104,5,145.0,0.0,0,C0638,Card,11
T100177,2026-07-02,S01,P201,6,120.0,0.0,0,C0985,Cash,17
T100178,2026-07-02,S01,P202,4,42.0,0.0,1,C0270,UPI,21
T100179,2026-07-02,S01,P202,5,42.0,0.0,1,C0205,UPI,13
T100180,2026-07-02,S01,P203,7,95.0,0.0,0,C0672,Card,9
T100181,2026-07-02,S01,P204,4,165.0,0.0,0,C0165,Cash,18
T100182,2026-07-02,S01,P301,8,50.0,0.0,0,C0371,Cash,10
T100183,2026-07-02,S01,P301,8,50.0,0.0,0,C0445,UPI,18
T100184,2026-07-02,S01,P301,6,50.0,0.0,0,C0629,UPI,9
T100185,2026-07-02,S01,P302,8,85.0,0.0,0,C0028,Card,9
T100186,2026-07-02,S01,P302,8,85.0,0.0,0,C0423,Card,18
T100187,2026-07-02,S01,P303,7,110.0,0.0,0,C0637,Card,10
T100188,2026-07-02,S01,P304,7,25.0,0.0,0,C0243,Card,10
T100189,2026-07-02,S01,P304,7,25.0,0.0,0,C0277,UPI,16
T100190,2026-07-02,S01,P304,8,25.0,0.0,0,C0214,UPI,11
T100191,2026-07-02,S01,P304,11,25.0,0.0,0,C0213,Card,17
T100192,2026-07-02,S01,P401,7,33.25,5.0,1,C1068,Card,17
T100193,2026-07-02,S01,P401,6,35.0,0.0,1,C0601,UPI,11
T100194,2026-07-02,S01,P401,4,35.0,0.0,1,C0504,UPI,20
T100195,2026-07-02,S01,P401,9,35.0,0.0,1,C0476,Card,21
T100196,2026-07-02,S01,P402,5,30.0,0.0,0,C0554,UPI,17
T100197,2026-07-02,S01,P402,8,30.0,0.0,0,C0775,Card,9
T100198,2026-07-02,S01,P402,6,30.0,0.0,0,C0040,Card,20
T100199,2026-07-02,S01,P402,8,30.0,0.0,0,C1153,UPI,21
T100200,2026-07-02,S01,P403,10,55.0,0.0,0,C0544,UPI,10
T100201,2026-07-02,S01,P403,4,55.0,0.0,0,C0814,UPI,20
T100202,2026-07-02,S01,P501,6,210.0,0.0,0,C0924,Cash,9
T100203,2026-07-02,S01,P501,4,210.0,0.0,0,C0247,UPI,20
T100204,2026-07-02,S01,P502,4,145.0,0.0,0,C0701,UPI,10
T100205,2026-07-02,S01,P503,7,95.0,0.0,0,C0943,Card,18
T100206,2026-07-02,S01,P503,5,95.0,0.0,0,C0982,Card,17
T100207,2026-07-02,S01,P503,6,95.0,0.0,0,C0986,UPI,21
T100208,2026-07-02,S01,P601,8,80.0,0.0,1,C0041,Card,9
T100209,2026-07-02,S02,P101,9,60.0,0.0,0,C0837,Card,8
T100210,2026-07-02,S02,P101,11,60.0,0.0,0,C0931,UPI,20
T100211,2026-07-02,S02,P101,8,60.0,0.0,0,C1090,UPI,9
T100212,2026-07-02,S02,P101,6,60.0,0.0,0,C0156,Card,17
T100213,2026-07-02,S02,P102,6,45.0,0.0,0,C0143,UPI,19
T100214,2026-07-02,S02,P102,7,45.0,0.0,0,C0949,Card,10
T100215,2026-07-02,S02,P103,6,95.0,0.0,0,C0646,Card,8
T100216,2026-07-02,S02,P103,9,95.0,0.0,0,C0888,UPI,16
T100217,2026-07-02,S02,P104,5,145.0,0.0,0,C0856,UPI,17
T100218,2026-07-02,S02,P201,5,120.0,0.0,0,C0286,UPI,8
T100219,2026-07-02,S02,P201,9,120.0,0.0,0,C0820,UPI,8
T100220,2026-07-02,S02,P202,9,42.0,0.0,0,C0068,Cash,11
T100221,2026-07-02,S02,P202,9,42.0,0.0,0,C1151,Card,13
T100222,2026-07-02,S02,P202,5,42.0,0.0,0,C0432,UPI,8
T100223,2026-07-02,S02,P203,8,95.0,0.0,0,C1013,UPI,10
T100224,2026-07-02,S02,P203,5,95.0,0.0,0,C1059,Card,18
T100225,2026-07-02,S02,P204,5,165.0,0.0,0,C0348,UPI,16
T100226,2026-07-02,S02,P204,7,165.0,0.0,0,C0076,UPI,13
T100227,2026-07-02,S02,P301,12,50.0,0.0,0,C1111,UPI,8
T100228,2026-07-02,S02,P301,13,50.0,0.0,0,C0573,UPI,9
T100229,2026-07-02,S02,P301,5,50.0,0.0,0,C0362,Cash,17
T100230,2026-07-02,S02,P301,11,50.0,0.0,0,C0867,UPI,8
T100231,2026-07-02,S02,P302,7,85.0,0.0,0,C0049,UPI,13
T100232,2026-07-02,S02,P302,7,85.0,0.0,0,C0555,Card,17
T100233,2026-07-02,S02,P303,4,110.0,0.0,0,C0382,UPI,19
T100234,2026-07-02,S02,P303,6,110.0,0.0,0,C0817,Card,17
T100235,2026-07-02,S02,P304,12,25.0,0.0,1,C0907,UPI,20
T100236,2026-07-02,S02,P304,7,25.0,0.0,1,C0019,UPI,21
T100237,2026-07-02,S02,P304,13,23.75,5.0,1,C0445,UPI,21
T100238,2026-07-02,S02,P304,6,22.5,10.0,1,C0988,Card,16
T100239,2026-07-02,S02,P401,8,35.0,0.0,1,C0850,UPI,11
T100240,2026-07-02,S02,P401,12,31.5,10.0,1,C0594,UPI,11
T100241,2026-07-02,S02,P401,10,35.0,0.0,1,C0332,UPI,8
T100242,2026-07-02,S02,P401,9,35.0,0.0,1,C0959,Card,16
T100243,2026-07-02,S02,P402,13,30.0,0.0,0,C1142,UPI,10
T100244,2026-07-02,S02,P402,10,30.0,0.0,0,C1108,Card,10
T100245,2026-07-02,S02,P402,18,30.0,0.0,0,C0387,Card,13
T100246,2026-07-02,S02,P402,12,30.0,0.0,0,C0258,UPI,17
T100247,2026-07-02,S02,P403,7,55.0,0.0,0,C0574,Card,19
T100248,2026-07-02,S02,P403,6,55.0,0.0,0,C0277,Card,16
T100249,2026-07-02,S02,P403,7,55.0,0.0,0,C0420,Card,9
T100250,2026-07-02,S02,P501,6,210.0,0.0,0,C0195,Cash,9
T100251,2026-07-02,S02,P501,6,210.0,0.0,0,C1087,UPI,18
T100252,2026-07-02,S02,P502,4,145.0,0.0,0,C0421,Cash,16
T100253,2026-07-02,S02,P502,8,145.0,0.0,0,C0559,UPI,8
T100254,2026-07-02,S02,P503,6,95.0,0.0,1,C0817,UPI,20
T100255,2026-07-02,S02,P503,8,95.0,0.0,1,C0833,UPI,11
T100256,2026-07-02,S02,P503,5,95.0,0.0,1,C0837,UPI,9
T100257,2026-07-02,S02,P601,5,80.0,0.0,0,C0363,UPI,13
T100258,2026-07-02,S02,P601,6,80.0,0.0,0,C0262,Card,9
T100259,2026-07-02,S02,P601,10,80.0,0.0,0,C0542,UPI,12
T100260,2026-07-02,S03,P101,7,60.0,0.0,0,C0786,Card,13
T100261,2026-07-02,S03,P101,7,60.0,0.0,0,C0797,UPI,8
T100262,2026-07-02,S03,P102,4,45.0,0.0,0,C1093,UPI,11
T100263,2026-07-02,S03,P102,6,45.0,0.0,0,C0674,UPI,8
T100264,2026-07-02,S03,P103,7,95.0,0.0,0,C0359,Card,20
T100265,2026-07-02,S03,P104,4,145.0,0.0,0,C1123,Cash,8
T100266,2026-07-02,S03,P201,4,120.0,0.0,0,C0613,Card,8
T100267,2026-07-02,S03,P202,10,42.0,0.0,0,C0395,Card,12
T100268,2026-07-02,S03,P202,5,42.0,0.0,0,C0977,Card,12
T100269,2026-07-02,S03,P203,4,95.0,0.0,0,C0864,UPI,11
T100270,2026-07-02,S03,P204,6,165.0,0.0,0,C0974,UPI,8
T100271,2026-07-02,S03,P301,10,50.0,0.0,0,C1072,Cash,10
T100272,2026-07-02,S03,P301,6,50.0,0.0,0,C0116,UPI,17
T100273,2026-07-02,S03,P302,4,85.0,0.0,0,C0720,Card,16
T100274,2026-07-02,S03,P303,4,110.0,0.0,0,C0194,UPI,21
T100275,2026-07-02,S03,P304,9,25.0,0.0,0,C0264,Cash,9
T100276,2026-07-02,S03,P304,4,25.0,0.0,0,C0579,Card,16
T100277,2026-07-02,S03,P304,7,25.0,0.0,0,C0001,UPI,18
T100278,2026-07-02,S03,P401,8,31.5,10.0,1,C0194,UPI,10
T100279,2026-07-02,S03,P401,6,33.25,5.0,1,C0414,UPI,11
T100280,2026-07-02,S03,P401,5,35.0,0.0,1,C0045,Cash,21
T100281,2026-07-02,S03,P401,7,35.0,0.0,1,C0936,UPI,9
T100282,2026-07-02,S03,P402,4,30.0,0.0,0,C1037,Card,19
T100283,2026-07-02,S03,P402,5,30.0,0.0,0,C0295,UPI,9
T100284,2026-07-02,S03,P402,9,30.0,0.0,0,C0974,UPI,16
T100285,2026-07-02,S03,P403,6,55.0,0.0,0,C1077,UPI,12
T100286,2026-07-02,S03,P403,9,55.0,0.0,0,C0726,UPI,18
T100287,2026-07-02,S03,P501,5,210.0,0.0,0,C1083,Card,11
T100288,2026-07-02,S03,P501,4,210.0,0.0,0,C1036,UPI,9
T100289,2026-07-02,S03,P502,4,145.0,0.0,0,C1018,Card,8
T100290,2026-07-02,S03,P503,8,95.0,0.0,0,C0141,UPI,10
T100291,2026-07-02,S03,P503,4,95.0,0.0,0,C0624,Cash,13
T100292,2026-07-02,S03,P601,5,80.0,0.0,0,C0632,Card,8
T100293,2026-07-02,S04,P101,5,60.0,0.0,0,C0431,Cash,11
T100294,2026-07-02,S04,P101,10,60.0,0.0,0,C0533,UPI,18
T100295,2026-07-02,S04,P102,8,45.0,0.0,0,C0227,UPI,10
T100296,2026-07-02,S04,P102,5,45.0,0.0,0,C1037,UPI,21
T100297,2026-07-02,S04,P103,5,95.0,0.0,0,C1027,UPI,9
T100298,2026-07-02,S04,P103,4,95.0,0.0,0,C0940,UPI,21
T100299,2026-07-02,S04,P104,4,145.0,0.0,0,C0054,Card,13
T100300,2026-07-02,S04,P201,3,120.0,0.0,0,C0868,Cash,13
T100301,2026-07-02,S04,P202,8,42.0,0.0,1,C0409,Cash,20
T100302,2026-07-02,S04,P202,6,39.9,5.0,1,C0119,Card,11
T100303,2026-07-02,S04,P202,5,37.8,10.0,1,C0698,Cash,17
T100304,2026-07-02,S04,P203,5,95.0,0.0,0,C0033,Card,18
T100305,2026-07-02,S04,P204,4,165.0,0.0,0,C0644,Cash,20
T100306,2026-07-02,S04,P204,6,165.0,0.0,0,C0157,UPI,18
T100307,2026-07-02,S04,P301,5,50.0,0.0,0,C1128,Cash,19
T100308,2026-07-02,S04,P301,10,50.0,0.0,0,C0434,Card,11
T100309,2026-07-02,S04,P301,6,50.0,0.0,0,C0278,UPI,21
T100310,2026-07-02,S04,P302,7,80.75,5.0,1,C0507,Card,19
T100311,2026-07-02,S04,P303,8,99.0,10.0,1,C0686,UPI,18
T100312,2026-07-02,S04,P304,11,25.0,0.0,1,C0277,Cash,19
T100313,2026-07-02,S04,P304,7,22.5,10.0,1,C0714,UPI,9
T100314,2026-07-02,S04,P304,6,25.0,0.0,1,C0990,Cash,10
T100315,2026-07-02,S04,P401,5,35.0,0.0,0,C0333,Card,20
T100316,2026-07-02,S04,P401,8,35.0,0.0,0,C0272,Card,21
T100317,2026-07-02,S04,P401,8,35.0,0.0,0,C1114,Card,17
T100318,2026-07-02,S04,P401,9,35.0,0.0,0,C1163,UPI,21
T100319,2026-07-02,S04,P402,4,30.0,0.0,0,C0620,Card,13
T100320,2026-07-02,S04,P402,11,30.0,0.0,0,C0619,UPI,9
T100321,2026-07-02,S04,P402,6,30.0,0.0,0,C0930,Card,9
T100322,2026-07-02,S04,P403,6,52.25,5.0,1,C0593,UPI,16
T100323,2026-07-02,S04,P403,8,52.25,5.0,1,C0093,UPI,13
T100324,2026-07-02,S04,P501,5,210.0,0.0,1,C0456,Card,9
T100325,2026-07-02,S04,P502,3,145.0,0.0,0,C0667,Cash,11
T100326,2026-07-02,S04,P503,6,95.0,0.0,0,C0629,UPI,11
T100327,2026-07-02,S04,P503,5,95.0,0.0,0,C0718,Card,10
T100328,2026-07-02,S04,P601,5,80.0,0.0,0,C0114,Cash,8
T100329,2026-07-02,S04,P601,6,80.0,0.0,0,C0315,UPI,19
T100330,2026-07-03,S01,P101,10,57.0,5.0,1,C0824,Card,20
T100331,2026-07-03,S01,P101,6,54.0,10.0,1,C1133,UPI,10
T100332,2026-07-03,S01,P101,8,54.0,10.0,1,C0405,Card,17
T100333,2026-07-03,S01,P101,4,54.0,10.0,1,C0754,UPI,11
T100334,2026-07-03,S01,P102,7,45.0,0.0,0,C0475,UPI,21
T100335,2026-07-03,S01,P102,4,45.0,0.0,0,C0421,UPI,10
T100336,2026-07-03,S01,P103,8,95.0,0.0,1,C0863,UPI,12
T100337,2026-07-03,S01,P104,1,145.0,0.0,0,C0700,Card,18
T100338,2026-07-03,S01,P201,5,114.0,5.0,1,C0844,UPI,21
T100339,2026-07-03,S01,P202,5,42.0,0.0,0,C1136,Card,18
T100340,2026-07-03,S01,P202,4,42.0,0.0,0,C1071,Card,20
T100341,2026-07-03,S01,P202,8,42.0,0.0,0,C0504,Card,16
T100342,2026-07-03,S01,P203,5,95.0,0.0,0,C0977,Cash,18
T100343,2026-07-03,S01,P204,5,165.0,0.0,1,C0563,UPI,18
T100344,2026-07-03,S01,P301,7,50.0,0.0,0,C1025,UPI,20
T100345,2026-07-03,S01,P301,4,50.0,0.0,0,C0763,UPI,18
T100346,2026-07-03,S01,P301,5,50.0,0.0,0,C0262,Card,13
T100347,2026-07-03,S01,P301,9,50.0,0.0,0,C0561,Card,12
T100348,2026-07-03,S01,P302,6,85.0,0.0,0,C0864,Card,11
T100349,2026-07-03,S01,P302,6,85.0,0.0,0,C0043,Card,10
T100350,2026-07-03,S01,P302,7,85.0,0.0,0,C0078,Card,17
T100351,2026-07-03,S01,P303,7,110.0,0.0,0,C0390,UPI,20
T100352,2026-07-03,S01,P304,9,25.0,0.0,0,C1046,Card,9
T100353,2026-07-03,S01,P304,10,25.0,0.0,0,C0375,Card,16
T100354,2026-07-03,S01,P304,9,25.0,0.0,0,C0500,Card,10
T100355,2026-07-03,S01,P304,5,25.0,0.0,0,C0113,UPI,21
T100356,2026-07-03,S01,P401,9,35.0,0.0,0,C0569,Cash,12
T100357,2026-07-03,S01,P401,6,35.0,0.0,0,C1083,UPI,17
T100358,2026-07-03,S01,P401,5,35.0,0.0,0,C0019,Card,9
T100359,2026-07-03,S01,P402,9,27.0,10.0,1,C0215,UPI,16
T100360,2026-07-03,S01,P402,5,27.0,10.0,1,C0404,UPI,17
T100361,2026-07-03,S01,P402,5,30.0,0.0,1,C0218,UPI,18
T100362,2026-07-03,S01,P402,6,25.5,15.0,1,C0518,Card,9
T100363,2026-07-03,S01,P403,6,55.0,0.0,0,C1019,Card,8
T100364,2026-07-03,S01,P403,6,55.0,0.0,0,C0208,Card,10
T100365,2026-07-03,S01,P403,5,55.0,0.0,0,C0586,Card,17
T100366,2026-07-03,S01,P501,7,210.0,0.0,0,C0553,UPI,11
T100367,2026-07-03,S01,P501,4,210.0,0.0,0,C0403,Card,21
T100368,2026-07-03,S01,P502,6,145.0,0.0,0,C0100,UPI,18
T100369,2026-07-03,S01,P503,8,95.0,0.0,1,C1103,UPI,12
T100370,2026-07-03,S01,P601,5,80.0,0.0,0,C0881,UPI,8
T100371,2026-07-03,S01,P601,10,80.0,0.0,0,C0817,Card,16
T100372,2026-07-03,S02,P101,7,60.0,0.0,0,C0176,Card,13
T100373,2026-07-03,S02,P101,7,60.0,0.0,0,C0054,UPI,20
T100374,2026-07-03,S02,P101,9,60.0,0.0,0,C1151,Card,12
T100375,2026-07-03,S02,P101,4,60.0,0.0,0,C0379,Card,11
T100376,2026-07-03,S02,P102,9,45.0,0.0,1,C0039,UPI,11
T100377,2026-07-03,S02,P102,9,42.75,5.0,1,C0069,UPI,8
T100378,2026-07-03,S02,P102,5,40.5,10.0,1,C0061,UPI,20
T100379,2026-07-03,S02,P103,6,95.0,0.0,0,C0639,Card,16
T100380,2026-07-03,S02,P103,7,95.0,0.0,0,C0319,Card,20
T100381,2026-07-03,S02,P104,4,145.0,0.0,0,C0549,Card,13
T100382,2026-07-03,S02,P104,5,145.0,0.0,0,C0853,UPI,17
T100383,2026-07-03,S02,P201,6,120.0,0.0,0,C0988,UPI,17
T100384,2026-07-03,S02,P201,6,120.0,0.0,0,C1027,UPI,16
T100385,2026-07-03,S02,P202,5,42.0,0.0,0,C0714,Cash,12
T100386,2026-07-03,S02,P202,10,42.0,0.0,0,C0621,Card,10
T100387,2026-07-03,S02,P202,7,42.0,0.0,0,C0803,Card,10
T100388,2026-07-03,S02,P203,7,95.0,0.0,1,C0052,Cash,19
T100389,2026-07-03,S02,P203,8,95.0,0.0,1,C0622,UPI,16
T100390,2026-07-03,S02,P203,4,95.0,0.0,1,C0848,Cash,16
T100391,2026-07-03,S02,P204,6,165.0,0.0,1,C0495,UPI,11
T100392,2026-07-03,S02,P204,5,165.0,0.0,1,C0597,Card,16
T100393,2026-07-03,S02,P301,5,50.0,0.0,0,C0638,UPI,8
T100394,2026-07-03,S02,P301,11,50.0,0.0,0,C1020,Card,19
T100395,2026-07-03,S02,P301,5,50.0,0.0,0,C1035,UPI,19
T100396,2026-07-03,S02,P301,8,50.0,0.0,0,C0758,UPI,16
T100397,2026-07-03,S02,P302,10,85.0,0.0,0,C1199,Card,18
T100398,2026-07-03,S02,P302,7,85.0,0.0,0,C0330,UPI,10
T100399,2026-07-03,S02,P302,4,85.0,0.0,0,C0449,UPI,19
T100400,2026-07-03,S02,P303,3,110.0,0.0,0,C0245,UPI,8
T100401,2026-07-03,S02,P303,8,110.0,0.0,0,C0640,Cash,16
T100402,2026-07-03,S02,P304,9,25.0,0.0,0,C0817,Cash,19
T100403,2026-07-03,S02,P304,9,25.0,0.0,0,C0171,UPI,8
T100404,2026-07-03,S02,P304,6,25.0,0.0,0,C0416,Card,12
T100405,2026-07-03,S02,P304,7,25.0,0.0,0,C0668,Card,18
T100406,2026-07-03,S02,P401,7,35.0,0.0,0,C0947,UPI,21
T100407,2026-07-03,S02,P401,10,35.0,0.0,0,C0659,Cash,10
T100408,2026-07-03,S02,P401,12,35.0,0.0,0,C0139,UPI,10
T100409,2026-07-03,S02,P401,7,35.0,0.0,0,C0658,Cash,18
T100410,2026-07-03,S02,P402,14,30.0,0.0,1,C1073,UPI,18
T100411,2026-07-03,S02,P402,8,27.0,10.0,1,C0221,Card,11
T100412,2026-07-03,S02,P402,8,30.0,0.0,1,C0206,UPI,13
T100413,2026-07-03,S02,P402,11,30.0,0.0,1,C0843,Card,11
T100414,2026-07-03,S02,P403,4,55.0,0.0,0,C0317,UPI,21
T100415,2026-07-03,S02,P403,5,55.0,0.0,0,C1160,UPI,11
T100416,2026-07-03,S02,P403,9,55.0,0.0,0,C0485,UPI,16
T100417,2026-07-03,S02,P403,8,55.0,0.0,0,C0571,UPI,21
T100418,2026-07-03,S02,P501,9,210.0,0.0,0,C0991,Card,16
T100419,2026-07-03,S02,P501,6,210.0,0.0,0,C0490,Card,11
T100420,2026-07-03,S02,P501,5,210.0,0.0,0,C0938,UPI,13
T100421,2026-07-03,S02,P502,7,145.0,0.0,0,C1064,Card,18
T100422,2026-07-03,S02,P502,7,145.0,0.0,0,C0734,Cash,9
T100423,2026-07-03,S02,P503,8,95.0,0.0,0,C0371,Card,21
T100424,2026-07-03,S02,P503,5,95.0,0.0,0,C0736,UPI,9
T100425,2026-07-03,S02,P601,8,80.0,0.0,0,C0990,UPI,8
T100426,2026-07-03,S02,P601,5,80.0,0.0,0,C0923,Card,19
T100427,2026-07-03,S02,P601,8,80.0,0.0,0,C0999,Card,13
T100428,2026-07-03,S03,P101,8,60.0,0.0,0,C0392,UPI,8
T100429,2026-07-03,S03,P101,4,60.0,0.0,0,C0893,Cash,13
T100430,2026-07-03,S03,P101,7,60.0,0.0,0,C0828,UPI,10
T100431,2026-07-03,S03,P102,6,45.0,0.0,0,C0455,Cash,17
T100432,2026-07-03,S03,P102,3,45.0,0.0,0,C0331,Card,13
T100433,2026-07-03,S03,P103,6,95.0,0.0,0,C0351,UPI,20
T100434,2026-07-03,S03,P104,1,145.0,0.0,0,C0917,Card,20
T100435,2026-07-03,S03,P201,3,120.0,0.0,0,C0114,Card,17
T100436,2026-07-03,S03,P202,8,42.0,0.0,0,C0515,Card,19
T100437,2026-07-03,S03,P203,6,95.0,0.0,0,C0901,Cash,20
T100438,2026-07-03,S03,P203,5,95.0,0.0,0,C1137,UPI,21
T100439,2026-07-03,S03,P204,5,165.0,0.0,0,C0277,Card,20
T100440,2026-07-03,S03,P301,7,47.5,5.0,1,C0193,UPI,16
T100441,2026-07-03,S03,P302,5,85.0,0.0,0,C0805,Card,9
T100442,2026-07-03,S03,P302,6,85.0,0.0,0,C0876,UPI,9
T100443,2026-07-03,S03,P303,2,104.5,5.0,1,C0439,Cash,11
T100444,2026-07-03,S03,P304,10,25.0,0.0,0,C0088,Cash,20
T100445,2026-07-03,S03,P304,6,25.0,0.0,0,C0931,UPI,18
T100446,2026-07-03,S03,P401,7,31.5,10.0,1,C0366,UPI,12
T100447,2026-07-03,S03,P401,4,29.75,15.0,1,C1088,Cash,8
T100448,2026-07-03,S03,P401,9,35.0,0.0,1,C1122,UPI,20
T100449,2026-07-03,S03,P402,5,30.0,0.0,1,C0783,UPI,11
T100450,2026-07-03,S03,P402,8,27.0,10.0,1,C0584,UPI,17
T100451,2026-07-03,S03,P402,4,30.0,0.0,1,C0110,Card,17
T100452,2026-07-03,S03,P403,4,46.75,15.0,1,C1110,Cash,19
T100453,2026-07-03,S03,P403,6,49.5,10.0,1,C0383,Cash,13
T100454,2026-07-03,S03,P501,7,210.0,0.0,0,C1136,UPI,17
T100455,2026-07-03,S03,P502,6,145.0,0.0,0,C0688,Card,18
T100456,2026-07-03,S03,P503,7,95.0,0.0,0,C1106,UPI,12
T100457,2026-07-03,S03,P601,6,80.0,0.0,0,C0227,Card,18
T100458,2026-07-03,S03,P601,5,80.0,0.0,0,C0187,Card,16
T100459,2026-07-03,S04,P101,8,60.0,0.0,0,C0270,Card,19
T100460,2026-07-03,S04,P101,7,60.0,0.0,0,C1096,UPI,11
T100461,2026-07-03,S04,P102,3,45.0,0.0,0,C0758,Card,10
T100462,2026-07-03,S04,P102,6,45.0,0.0,0,C0608,Cash,13
T100463,2026-07-03,S04,P103,6,95.0,0.0,0,C0308,Card,12
T100464,2026-07-03,S04,P104,4,145.0,0.0,0,C0276,UPI,19
T100465,2026-07-03,S04,P201,4,120.0,0.0,0,C0109,Cash,20
T100466,2026-07-03,S04,P202,8,42.0,0.0,0,C0156,Card,12
T100467,2026-07-03,S04,P202,5,42.0,0.0,0,C0758,UPI,9
T100468,2026-07-03,S04,P202,10,42.0,0.0,0,C0871,Cash,8
T100469,2026-07-03,S04,P203,3,95.0,0.0,0,C0926,Card,11
T100470,2026-07-03,S04,P203,6,95.0,0.0,0,C0649,Card,11
T100471,2026-07-03,S04,P204,2,165.0,0.0,0,C0974,Cash,21
T100472,2026-07-03,S04,P301,7,50.0,0.0,1,C0139,Card,10
T100473,2026-07-03,S04,P301,7,50.0,0.0,1,C0733,Cash,19
T100474,2026-07-03,S04,P301,7,45.0,10.0,1,C0946,UPI,13
T100475,2026-07-03,S04,P301,4,47.5,5.0,1,C0822,UPI,10
T100476,2026-07-03,S04,P302,4,85.0,0.0,0,C1087,UPI,9
T100477,2026-07-03,S04,P302,6,85.0,0.0,0,C0668,Card,16
T100478,2026-07-03,S04,P303,7,110.0,0.0,0,C0977,Card,11
T100479,2026-07-03,S04,P304,7,25.0,0.0,0,C0210,Cash,8
T100480,2026-07-03,S04,P304,8,25.0,0.0,0,C0968,Cash,21
T100481,2026-07-03,S04,P304,8,25.0,0.0,0,C0900,UPI,9
T100482,2026-07-03,S04,P401,5,35.0,0.0,1,C0802,UPI,18
T100483,2026-07-03,S04,P401,4,35.0,0.0,1,C0916,Card,18
T100484,2026-07-03,S04,P401,9,33.25,5.0,1,C0152,Card,10
T100485,2026-07-03,S04,P402,6,30.0,0.0,0,C0162,Cash,12
T100486,2026-07-03,S04,P402,10,30.0,0.0,0,C0852,Card,9
T100487,2026-07-03,S04,P403,6,55.0,0.0,0,C0670,Cash,9
T100488,2026-07-03,S04,P403,6,55.0,0.0,0,C0985,Cash,12
T100489,2026-07-03,S04,P501,4,210.0,0.0,0,C1136,UPI,20
T100490,2026-07-03,S04,P501,5,210.0,0.0,0,C0091,Cash,16
T100491,2026-07-03,S04,P502,5,145.0,0.0,0,C0203,Card,16
T100492,2026-07-03,S04,P503,4,80.75,15.0,1,C0585,Cash,12
T100493,2026-07-03,S04,P503,8,85.5,10.0,1,C0819,Card,17
T100494,2026-07-03,S04,P601,7,80.0,0.0,0,C0960,Cash,20
T100495,2026-07-04,S01,P101,9,60.0,0.0,0,C0543,UPI,16
T100496,2026-07-04,S01,P101,12,60.0,0.0,0,C0278,UPI,16
T100497,2026-07-04,S01,P101,10,60.0,0.0,0,C0761,Card,8
T100498,2026-07-04,S01,P101,9,60.0,0.0,0,C0405,Card,13
T100499,2026-07-04,S01,P102,6,45.0,0.0,1,C0602,UPI,13
T100500,2026-07-04,S01,P102,11,45.0,0.0,1,C0163,UPI,13
T100501,2026-07-04,S01,P102,6,45.0,0.0,1,C0269,UPI,13
T100502,2026-07-04,S01,P103,8,95.0,0.0,0,C0146,UPI,9
T100503,2026-07-04,S01,P104,5,145.0,0.0,0,C0419,UPI,10
T100504,2026-07-04,S01,P201,7,120.0,0.0,0,C0826,Card,13
T100505,2026-07-04,S01,P202,8,42.0,0.0,0,C0429,UPI,21
T100506,2026-07-04,S01,P202,8,42.0,0.0,0,C0771,UPI,9
T100507,2026-07-04,S01,P203,9,95.0,0.0,0,C0976,UPI,18
T100508,2026-07-04,S01,P203,7,95.0,0.0,0,C0658,UPI,19
T100509,2026-07-04,S01,P204,4,165.0,0.0,0,C0494,UPI,17
T100510,2026-07-04,S01,P301,6,50.0,0.0,0,C0608,UPI,19
T100511,2026-07-04,S01,P301,11,50.0,0.0,0,C0624,Cash,13
T100512,2026-07-04,S01,P301,6,50.0,0.0,0,C1130,UPI,10
T100513,2026-07-04,S01,P302,9,85.0,0.0,0,C0416,Card,12
T100514,2026-07-04,S01,P302,9,85.0,0.0,0,C0150,Card,13
T100515,2026-07-04,S01,P302,6,85.0,0.0,0,C0973,Cash,20
T100516,2026-07-04,S01,P303,8,110.0,0.0,1,C0924,UPI,18
T100517,2026-07-04,S01,P304,9,25.0,0.0,0,C0606,UPI,19
T100518,2026-07-04,S01,P304,4,25.0,0.0,0,C0116,UPI,10
T100519,2026-07-04,S01,P304,6,25.0,0.0,0,C0405,Cash,20
T100520,2026-07-04,S01,P304,12,25.0,0.0,0,C0503,UPI,16
T100521,2026-07-04,S01,P401,8,35.0,0.0,0,C0784,Card,20
T100522,2026-07-04,S01,P401,5,35.0,0.0,0,C0187,Card,12
T100523,2026-07-04,S01,P401,4,35.0,0.0,0,C0491,UPI,21
T100524,2026-07-04,S01,P401,8,35.0,0.0,0,C0076,UPI,19
T100525,2026-07-04,S01,P402,11,30.0,0.0,0,C0575,UPI,16
T100526,2026-07-04,S01,P402,8,30.0,0.0,0,C0017,UPI,20
T100527,2026-07-04,S01,P402,7,30.0,0.0,0,C0981,UPI,11
T100528,2026-07-04,S01,P402,9,30.0,0.0,0,C0720,UPI,19
T100529,2026-07-04,S01,P403,5,55.0,0.0,1,C1148,Card,16
T100530,2026-07-04,S01,P403,9,55.0,0.0,1,C0461,Card,11
T100531,2026-07-04,S01,P403,6,49.5,10.0,1,C1012,Card,20
T100532,2026-07-04,S01,P501,4,210.0,0.0,0,C0965,Card,9
T100533,2026-07-04,S01,P501,6,210.0,0.0,0,C0471,Card,10
T100534,2026-07-04,S01,P502,5,145.0,0.0,0,C0916,Card,9
T100535,2026-07-04,S01,P502,4,145.0,0.0,0,C0278,Card,20
T100536,2026-07-04,S01,P503,10,95.0,0.0,0,C0288,Card,10
T100537,2026-07-04,S01,P503,6,95.0,0.0,0,C1162,UPI,11
T100538,2026-07-04,S01,P601,4,80.0,0.0,0,C0927,Card,12
T100539,2026-07-04,S01,P601,8,80.0,0.0,0,C0341,Card,16
T100540,2026-07-04,S01,P601,5,80.0,0.0,0,C0306,UPI,19
T100541,2026-07-04,S02,P101,10,60.0,0.0,0,C0618,Card,12
T100542,2026-07-04,S02,P101,9,60.0,0.0,0,C1132,UPI,11
T100543,2026-07-04,S02,P101,7,60.0,0.0,0,C1195,Cash,9
T100544,2026-07-04,S02,P101,10,60.0,0.0,0,C0012,UPI,10
T100545,2026-07-04,S02,P102,5,45.0,0.0,0,C0030,UPI,13
T100546,2026-07-04,S02,P102,7,45.0,0.0,0,C0444,Cash,19
T100547,2026-07-04,S02,P102,10,45.0,0.0,0,C0554,UPI,17
T100548,2026-07-04,S02,P102,13,45.0,0.0,0,C0185,Card,13
T100549,2026-07-04,S02,P103,8,85.5,10.0,1,C1097,UPI,17
T100550,2026-07-04,S02,P103,8,95.0,0.0,1,C0788,UPI,18
T100551,2026-07-04,S02,P104,4,145.0,0.0,0,C0674,Cash,12
T100552,2026-07-04,S02,P104,5,145.0,0.0,0,C1174,UPI,21
T100553,2026-07-04,S02,P201,8,120.0,0.0,0,C0440,Card,11
T100554,2026-07-04,S02,P202,5,42.0,0.0,0,C0965,Card,20
T100555,2026-07-04,S02,P202,8,42.0,0.0,0,C0710,Card,16
T100556,2026-07-04,S02,P202,9,42.0,0.0,0,C1166,UPI,16
T100557,2026-07-04,S02,P202,4,42.0,0.0,0,C0681,UPI,21
T100558,2026-07-04,S02,P203,7,95.0,0.0,0,C0206,UPI,20
T100559,2026-07-04,S02,P203,6,95.0,0.0,0,C0785,Card,8
T100560,2026-07-04,S02,P204,4,165.0,0.0,0,C0566,UPI,20
T100561,2026-07-04,S02,P204,8,165.0,0.0,0,C0528,Cash,13
T100562,2026-07-04,S02,P301,8,50.0,0.0,0,C0706,Card,8
T100563,2026-07-04,S02,P301,12,50.0,0.0,0,C0131,Card,10
T100564,2026-07-04,S02,P301,11,50.0,0.0,0,C0212,Card,21
T100565,2026-07-04,S02,P301,8,50.0,0.0,0,C0243,UPI,18
T100566,2026-07-04,S02,P302,5,85.0,0.0,0,C0052,UPI,13
T100567,2026-07-04,S02,P302,11,85.0,0.0,0,C0211,UPI,20
T100568,2026-07-04,S02,P302,6,85.0,0.0,0,C0858,UPI,17
T100569,2026-07-04,S02,P303,4,110.0,0.0,0,C0752,UPI,10
T100570,2026-07-04,S02,P303,8,110.0,0.0,0,C0439,UPI,21
T100571,2026-07-04,S02,P304,13,25.0,0.0,0,C0942,Card,13
T100572,2026-07-04,S02,P304,15,25.0,0.0,0,C0328,Card,21
T100573,2026-07-04,S02,P304,15,25.0,0.0,0,C0263,Card,17
T100574,2026-07-04,S02,P304,11,25.0,0.0,0,C0652,UPI,11
T100575,2026-07-04,S02,P401,13,35.0,0.0,0,C0305,Card,20
T100576,2026-07-04,S02,P401,9,35.0,0.0,0,C0429,UPI,21
T100577,2026-07-04,S02,P401,13,35.0,0.0,0,C0538,Card,18
T100578,2026-07-04,S02,P401,11,35.0,0.0,0,C0865,Card,10
T100579,2026-07-04,S02,P402,11,30.0,0.0,1,C0947,UPI,17
T100580,2026-07-04,S02,P402,14,28.5,5.0,1,C0244,UPI,13
T100581,2026-07-04,S02,P402,12,30.0,0.0,1,C1009,UPI,16
T100582,2026-07-04,S02,P402,12,30.0,0.0,1,C0381,UPI,16
T100583,2026-07-04,S02,P403,9,55.0,0.0,0,C0913,Card,11
T100584,2026-07-04,S02,P403,8,55.0,0.0,0,C0071,Card,11
T100585,2026-07-04,S02,P403,6,55.0,0.0,0,C0189,Card,18
T100586,2026-07-04,S02,P501,5,210.0,0.0,0,C0377,UPI,20
T100587,2026-07-04,S02,P501,7,210.0,0.0,0,C0559,Cash,10
T100588,2026-07-04,S02,P501,9,210.0,0.0,0,C0421,UPI,11
T100589,2026-07-04,S02,P502,10,145.0,0.0,0,C1090,Card,13
T100590,2026-07-04,S02,P502,6,145.0,0.0,0,C1114,UPI,11
T100591,2026-07-04,S02,P503,10,95.0,0.0,0,C0598,UPI,17
T100592,2026-07-04,S02,P503,8,95.0,0.0,0,C0033,UPI,12
T100593,2026-07-04,S02,P503,10,95.0,0.0,0,C0905,Cash,20
T100594,2026-07-04,S02,P503,6,95.0,0.0,0,C1185,Card,21
T100595,2026-07-04,S02,P601,4,80.0,0.0,0,C0259,UPI,9
T100596,2026-07-04,S02,P601,7,80.0,0.0,0,C0364,UPI,13
T100597,2026-07-04,S02,P601,9,80.0,0.0,0,C0891,Card,11
T100598,2026-07-04,S02,P601,5,80.0,0.0,0,C1122,Card,8
T100599,2026-07-04,S03,P101,9,60.0,0.0,0,C1109,UPI,18
T100600,2026-07-04,S03,P101,10,60.0,0.0,0,C0224,UPI,16
T100601,2026-07-04,S03,P101,4,60.0,0.0,0,C0433,Card,16
T100602,2026-07-04,S03,P102,6,45.0,0.0,0,C0890,UPI,16
T100603,2026-07-04,S03,P102,9,45.0,0.0,0,C0778,UPI,20
T100604,2026-07-04,S03,P103,6,95.0,0.0,0,C0597,UPI,11
T100605,2026-07-04,S03,P104,4,145.0,0.0,0,C0015,Card,16
T100606,2026-07-04,S03,P201,5,120.0,0.0,0,C0420,UPI,18
T100607,2026-07-04,S03,P201,4,120.0,0.0,0,C0134,Card,20
T100608,2026-07-04,S03,P202,5,42.0,0.0,0,C1116,Card,9
T100609,2026-07-04,S03,P202,5,42.0,0.0,0,C0111,UPI,20
T100610,2026-07-04,S03,P203,3,95.0,0.0,0,C0904,Card,19
T100611,2026-07-04,S03,P204,2,165.0,0.0,0,C1142,Card,11
T100612,2026-07-04,S03,P301,5,45.0,10.0,1,C1135,UPI,9
T100613,2026-07-04,S03,P301,8,42.5,15.0,1,C0538,Cash,12
T100614,2026-07-04,S03,P301,5,45.0,10.0,1,C0233,Card,21
T100615,2026-07-04,S03,P302,8,85.0,0.0,0,C1061,Card,8
T100616,2026-07-04,S03,P303,7,110.0,0.0,1,C0214,Cash,21
T100617,2026-07-04,S03,P304,7,25.0,0.0,0,C1182,Cash,16
T100618,2026-07-04,S03,P304,6,25.0,0.0,0,C0313,UPI,8
T100619,2026-07-04,S03,P304,8,25.0,0.0,0,C0813,UPI,20
T100620,2026-07-04,S03,P401,6,35.0,0.0,1,C0646,UPI,20
T100621,2026-07-04,S03,P401,8,35.0,0.0,1,C1114,Card,12
T100622,2026-07-04,S03,P401,4,35.0,0.0,1,C0101,Cash,11
T100623,2026-07-04,S03,P401,8,35.0,0.0,1,C0937,UPI,21
T100624,2026-07-04,S03,P402,6,30.0,0.0,0,C1099,Card,13
T100625,2026-07-04,S03,P402,12,30.0,0.0,0,C0146,Card,16
T100626,2026-07-04,S03,P402,6,30.0,0.0,0,C0893,UPI,11
T100627,2026-07-04,S03,P403,7,55.0,0.0,0,C0345,UPI,20
T100628,2026-07-04,S03,P403,8,55.0,0.0,0,C0723,Card,10
T100629,2026-07-04,S03,P501,7,210.0,0.0,0,C1094,Card,12
T100630,2026-07-04,S03,P502,4,145.0,0.0,1,C0479,UPI,18
T100631,2026-07-04,S03,P503,8,95.0,0.0,0,C0990,UPI,18
T100632,2026-07-04,S03,P503,5,95.0,0.0,0,C0485,UPI,10
T100633,2026-07-04,S03,P601,5,80.0,0.0,0,C0073,Card,17
T100634,2026-07-04,S03,P601,7,80.0,0.0,0,C0572,UPI,9
T100635,2026-07-04,S04,P101,8,60.0,0.0,0,C0799,Cash,18
T100636,2026-07-04,S04,P101,5,60.0,0.0,0,C0493,Card,8
T100637,2026-07-04,S04,P101,7,60.0,0.0,0,C0871,Card,19
T100638,2026-07-04,S04,P102,5,45.0,0.0,0,C0325,UPI,11
T100639,2026-07-04,S04,P102,9,45.0,0.0,0,C0956,UPI,20
T100640,2026-07-04,S04,P103,5,95.0,0.0,0,C0595,Cash,17
T100641,2026-07-04,S04,P103,5,95.0,0.0,0,C1179,Card,16
T100642,2026-07-04,S04,P104,4,145.0,0.0,0,C0331,Card,17
T100643,2026-07-04,S04,P201,6,120.0,0.0,1,C0669,Card,8
T100644,2026-07-04,S04,P201,4,114.0,5.0,1,C1059,Cash,11
T100645,2026-07-04,S04,P202,5,42.0,0.0,0,C1147,Card,18
T100646,2026-07-04,S04,P202,7,42.0,0.0,0,C0575,Card,9
T100647,2026-07-04,S04,P202,6,42.0,0.0,0,C0383,UPI,18
T100648,2026-07-04,S04,P203,4,95.0,0.0,0,C0271,Cash,20
T100649,2026-07-04,S04,P203,8,95.0,0.0,0,C0387,Card,16
T100650,2026-07-04,S04,P204,6,165.0,0.0,0,C0334,UPI,21
T100651,2026-07-04,S04,P301,7,50.0,0.0,0,C0550,UPI,18
T100652,2026-07-04,S04,P301,6,50.0,0.0,0,C0974,Cash,9
T100653,2026-07-04,S04,P301,7,50.0,0.0,0,C0597,UPI,11
T100654,2026-07-04,S04,P302,6,85.0,0.0,0,C0130,Cash,16
T100655,2026-07-04,S04,P302,8,85.0,0.0,0,C0862,Card,16
T100656,2026-07-04,S04,P303,5,110.0,0.0,0,C0265,Card,18
T100657,2026-07-04,S04,P304,8,25.0,0.0,0,C0878,Cash,20
T100658,2026-07-04,S04,P304,7,25.0,0.0,0,C0513,UPI,8
T100659,2026-07-04,S04,P304,5,25.0,0.0,0,C0059,Card,9
T100660,2026-07-04,S04,P304,5,25.0,0.0,0,C0106,UPI,21
T100661,2026-07-04,S04,P401,5,35.0,0.0,1,C0694,UPI,9
T100662,2026-07-04,S04,P401,10,35.0,0.0,1,C0189,Card,16
T100663,2026-07-04,S04,P402,12,30.0,0.0,0,C0071,UPI,19
T100664,2026-07-04,S04,P402,12,30.0,0.0,0,C0582,UPI,17
T100665,2026-07-04,S04,P402,7,30.0,0.0,0,C0052,Cash,8
T100666,2026-07-04,S04,P402,7,30.0,0.0,0,C0474,UPI,12
T100667,2026-07-04,S04,P403,9,55.0,0.0,1,C0840,UPI,17
T100668,2026-07-04,S04,P403,6,55.0,0.0,1,C0083,UPI,17
T100669,2026-07-04,S04,P501,7,210.0,0.0,1,C0126,UPI,20
T100670,2026-07-04,S04,P502,5,145.0,0.0,0,C1134,Cash,18
T100671,2026-07-04,S04,P503,3,95.0,0.0,0,C0897,Card,9
T100672,2026-07-04,S04,P503,7,95.0,0.0,0,C0321,Cash,13
T100673,2026-07-04,S04,P601,8,80.0,0.0,0,C0538,Card,17
T100674,2026-07-04,S04,P601,7,80.0,0.0,0,C0171,UPI,19
T100675,2026-07-04,S04,P601,4,80.0,0.0,0,C0535,Cash,20
T100676,2026-07-05,S01,P101,9,60.0,0.0,0,C0608,Card,16
T100677,2026-07-05,S01,P101,4,60.0,0.0,0,C0485,Card,8
T100678,2026-07-05,S01,P101,7,60.0,0.0,0,C0129,UPI,18
T100679,2026-07-05,S01,P101,5,60.0,0.0,0,C1082,UPI,12
T100680,2026-07-05,S01,P102,7,45.0,0.0,0,C1068,Cash,16
T100681,2026-07-05,S01,P102,9,45.0,0.0,0,C0975,Card,8
T100682,2026-07-05,S01,P103,10,95.0,0.0,0,C1025,Card,18
T100683,2026-07-05,S01,P103,5,95.0,0.0,0,C0518,UPI,11
T100684,2026-07-05,S01,P104,5,145.0,0.0,0,C0056,Card,19
T100685,2026-07-05,S01,P201,8,120.0,0.0,0,C0447,Card,21
T100686,2026-07-05,S01,P202,5,42.0,0.0,0,C0429,Card,18
T100687,2026-07-05,S01,P202,7,42.0,0.0,0,C0657,UPI,8
T100688,2026-07-05,S01,P202,12,42.0,0.0,0,C1154,UPI,18
T100689,2026-07-05,S01,P203,5,95.0,0.0,0,C0368,Card,9
T100690,2026-07-05,S01,P203,9,95.0,0.0,0,C0661,UPI,19
T100691,2026-07-05,S01,P204,5,165.0,0.0,0,C0157,UPI,8
T100692,2026-07-05,S01,P301,9,50.0,0.0,0,C1103,UPI,18
T100693,2026-07-05,S01,P301,5,50.0,0.0,0,C0531,UPI,16
T100694,2026-07-05,S01,P301,6,50.0,0.0,0,C0154,UPI,19
T100695,2026-07-05,S01,P301,7,50.0,0.0,0,C0338,Card,8
T100696,2026-07-05,S01,P302,6,85.0,0.0,1,C0831,Card,17
T100697,2026-07-05,S01,P302,9,76.5,10.0,1,C0868,Cash,17
T100698,2026-07-05,S01,P302,5,80.75,5.0,1,C0912,UPI,11
T100699,2026-07-05,S01,P303,3,110.0,0.0,0,C1181,UPI,17
T100700,2026-07-05,S01,P304,6,25.0,0.0,0,C0090,Card,19
T100701,2026-07-05,S01,P304,9,25.0,0.0,0,C0301,UPI,18
T100702,2026-07-05,S01,P304,6,25.0,0.0,0,C0459,Card,11
T100703,2026-07-05,S01,P304,11,25.0,0.0,0,C1164,Cash,21
T100704,2026-07-05,S01,P401,9,35.0,0.0,0,C0924,UPI,12
T100705,2026-07-05,S01,P401,5,35.0,0.0,0,C0087,UPI,19
T100706,2026-07-05,S01,P401,10,35.0,0.0,0,C0130,UPI,21
T100707,2026-07-05,S01,P401,7,35.0,0.0,0,C0558,Card,20
T100708,2026-07-05,S01,P402,10,30.0,0.0,0,C0278,UPI,13
T100709,2026-07-05,S01,P402,11,30.0,0.0,0,C1075,UPI,13
T100710,2026-07-05,S01,P402,8,30.0,0.0,0,C0084,Cash,10
T100711,2026-07-05,S01,P402,7,30.0,0.0,0,C0357,Card,20
T100712,2026-07-05,S01,P403,5,55.0,0.0,0,C1033,Card,16
T100713,2026-07-05,S01,P403,9,55.0,0.0,0,C0529,Card,13
T100714,2026-07-05,S01,P501,10,210.0,0.0,0,C0631,Cash,10
T100715,2026-07-05,S01,P501,5,210.0,0.0,0,C0364,UPI,19
T100716,2026-07-05,S01,P502,3,145.0,0.0,0,C1105,Card,21
T100717,2026-07-05,S01,P502,7,145.0,0.0,0,C0392,UPI,13
T100718,2026-07-05,S01,P503,5,95.0,0.0,0,C0469,Card,11
T100719,2026-07-05,S01,P503,8,95.0,0.0,0,C0804,UPI,17
T100720,2026-07-05,S01,P601,5,80.0,0.0,0,C0236,UPI,12
T100721,2026-07-05,S01,P601,9,80.0,0.0,0,C0855,Card,17
T100722,2026-07-05,S01,P601,4,80.0,0.0,0,C0410,Card,8
T100723,2026-07-05,S02,P101,12,60.0,0.0,1,C1075,Card,8
T100724,2026-07-05,S02,P101,8,60.0,0.0,1,C0070,Card,17
T100725,2026-07-05,S02,P101,6,60.0,0.0,1,C1042,UPI,20
T100726,2026-07-05,S02,P101,10,60.0,0.0,1,C0283,UPI,21
T100727,2026-07-05,S02,P102,7,45.0,0.0,0,C0343,UPI,17
T100728,2026-07-05,S02,P102,5,45.0,0.0,0,C0289,Card,17
T100729,2026-07-05,S02,P102,12,45.0,0.0,0,C0687,UPI,9
T100730,2026-07-05,S02,P103,7,95.0,0.0,1,C0584,UPI,17
T100731,2026-07-05,S02,P103,6,95.0,0.0,1,C0343,Card,19
T100732,2026-07-05,S02,P104,6,145.0,0.0,0,C0112,Card,18
T100733,2026-07-05,S02,P104,6,145.0,0.0,0,C1037,UPI,13
T100734,2026-07-05,S02,P201,6,120.0,0.0,0,C0971,Card,9
T100735,2026-07-05,S02,P201,4,120.0,0.0,0,C0589,Cash,9
T100736,2026-07-05,S02,P202,6,42.0,0.0,0,C0329,UPI,21
T100737,2026-07-05,S02,P202,13,42.0,0.0,0,C0845,UPI,12
T100738,2026-07-05,S02,P202,8,42.0,0.0,0,C0760,Cash,19
T100739,2026-07-05,S02,P202,10,42.0,0.0,0,C0924,Card,17
T100740,2026-07-05,S02,P203,5,95.0,0.0,0,C0026,Cash,20
T100741,2026-07-05,S02,P203,6,95.0,0.0,0,C0496,UPI,16
T100742,2026-07-05,S02,P204,8,165.0,0.0,0,C0357,UPI,19
T100743,2026-07-05,S02,P301,9,47.5,5.0,1,C0197,Cash,10
T100744,2026-07-05,S02,P301,6,50.0,0.0,1,C0590,UPI,19
T100745,2026-07-05,S02,P301,8,47.5,5.0,1,C1129,Card,16
T100746,2026-07-05,S02,P301,10,45.0,10.0,1,C0377,UPI,19
T100747,2026-07-05,S02,P302,5,85.0,0.0,0,C0004,Cash,13
T100748,2026-07-05,S02,P302,4,85.0,0.0,0,C0215,UPI,11
T100749,2026-07-05,S02,P302,10,85.0,0.0,0,C0101,UPI,11
T100750,2026-07-05,S02,P303,8,110.0,0.0,0,C0772,UPI,18
T100751,2026-07-05,S02,P304,14,25.0,0.0,1,C0746,UPI,9
T100752,2026-07-05,S02,P304,10,25.0,0.0,1,C0859,Cash,20
T100753,2026-07-05,S02,P304,9,23.75,5.0,1,C0561,UPI,19
T100754,2026-07-05,S02,P304,8,22.5,10.0,1,C0433,UPI,11
T100755,2026-07-05,S02,P401,7,35.0,0.0,0,C0560,UPI,17
T100756,2026-07-05,S02,P401,10,35.0,0.0,0,C0689,Card,17
T100757,2026-07-05,S02,P401,11,35.0,0.0,0,C0960,UPI,20
T100758,2026-07-05,S02,P401,9,35.0,0.0,0,C0707,Card,11
T100759,2026-07-05,S02,P402,10,30.0,0.0,1,C0708,Cash,17
T100760,2026-07-05,S02,P402,12,27.0,10.0,1,C1108,UPI,12
T100761,2026-07-05,S02,P402,25,30.0,0.0,1,C1010,Card,8
T100762,2026-07-05,S02,P402,12,28.5,5.0,1,C0206,UPI,9
T100763,2026-07-05,S02,P403,6,55.0,0.0,0,C1141,UPI,21
T100764,2026-07-05,S02,P403,11,55.0,0.0,0,C0055,Cash,12
T100765,2026-07-05,S02,P403,7,55.0,0.0,0,C0453,UPI,16
T100766,2026-07-05,S02,P403,7,55.0,0.0,0,C1152,UPI,19
T100767,2026-07-05,S02,P501,5,210.0,0.0,1,C1169,Card,18
T100768,2026-07-05,S02,P501,5,210.0,0.0,1,C1195,UPI,17
T100769,2026-07-05,S02,P501,9,189.0,10.0,1,C1016,Cash,8
T100770,2026-07-05,S02,P502,6,145.0,0.0,0,C0897,Card,13
T100771,2026-07-05,S02,P502,8,145.0,0.0,0,C0092,Cash,20
T100772,2026-07-05,S02,P503,5,95.0,0.0,0,C0632,UPI,21
T100773,2026-07-05,S02,P503,6,95.0,0.0,0,C0019,UPI,18
T100774,2026-07-05,S02,P503,9,95.0,0.0,0,C0237,UPI,8
T100775,2026-07-05,S02,P601,7,80.0,0.0,0,C0055,UPI,13
T100776,2026-07-05,S02,P601,8,80.0,0.0,0,C0109,Cash,21
T100777,2026-07-05,S03,P101,6,60.0,0.0,0,C0201,UPI,8
T100778,2026-07-05,S03,P101,9,60.0,0.0,0,C0504,UPI,10
T100779,2026-07-05,S03,P101,6,60.0,0.0,0,C0042,Cash,19
T100780,2026-07-05,S03,P102,5,45.0,0.0,0,C0758,Card,9
T100781,2026-07-05,S03,P102,9,45.0,0.0,0,C0424,UPI,8
T100782,2026-07-05,S03,P103,5,95.0,0.0,0,C0271,UPI,21
T100783,2026-07-05,S03,P103,6,95.0,0.0,0,C0419,Card,21
T100784,2026-07-05,S03,P104,4,145.0,0.0,0,C1120,Card,20
T100785,2026-07-05,S03,P201,8,120.0,0.0,0,C0932,UPI,16
T100786,2026-07-05,S03,P202,6,42.0,0.0,0,C0547,Card,10
T100787,2026-07-05,S03,P202,8,42.0,0.0,0,C0158,Cash,21
T100788,2026-07-05,S03,P203,6,95.0,0.0,0,C0088,UPI,11
T100789,2026-07-05,S03,P204,3,165.0,0.0,0,C0908,Card,21
T100790,2026-07-05,S03,P301,7,50.0,0.0,0,C0318,UPI,16
T100791,2026-07-05,S03,P301,6,50.0,0.0,0,C0503,UPI,20
T100792,2026-07-05,S03,P301,4,50.0,0.0,0,C0710,UPI,9
T100793,2026-07-05,S03,P302,4,85.0,0.0,0,C1028,UPI,8
T100794,2026-07-05,S03,P302,5,85.0,0.0,0,C1076,UPI,17
T100795,2026-07-05,S03,P303,8,110.0,0.0,0,C0803,UPI,13
T100796,2026-07-05,S03,P304,8,25.0,0.0,0,C0355,Card,17
T100797,2026-07-05,S03,P304,10,25.0,0.0,0,C0066,UPI,11
T100798,2026-07-05,S03,P304,6,25.0,0.0,0,C0534,UPI,19
T100799,2026-07-05,S03,P304,5,25.0,0.0,0,C0835,UPI,16
T100800,2026-07-05,S03,P401,11,35.0,0.0,0,C0693,Card,18
T100801,2026-07-05,S03,P401,7,35.0,0.0,0,C0353,UPI,19
T100802,2026-07-05,S03,P401,6,35.0,0.0,0,C0640,UPI,13
T100803,2026-07-05,S03,P402,10,30.0,0.0,0,C1140,Card,17
T100804,2026-07-05,S03,P402,4,30.0,0.0,0,C0839,UPI,20
T100805,2026-07-05,S03,P402,8,30.0,0.0,0,C0447,Card,13
T100806,2026-07-05,S03,P403,4,55.0,0.0,0,C0395,UPI,8
T100807,2026-07-05,S03,P403,6,55.0,0.0,0,C1115,Card,16
T100808,2026-07-05,S03,P501,8,210.0,0.0,0,C1190,UPI,9
T100809,2026-07-05,S03,P502,6,145.0,0.0,0,C0163,UPI,13
T100810,2026-07-05,S03,P503,5,95.0,0.0,0,C0738,Cash,21
T100811,2026-07-05,S03,P503,7,95.0,0.0,0,C0560,UPI,19
T100812,2026-07-05,S03,P601,4,80.0,0.0,0,C0894,UPI,11
T100813,2026-07-05,S03,P601,5,80.0,0.0,0,C0097,Cash,11
T100814,2026-07-05,S04,P101,5,60.0,0.0,1,C1135,Card,11
T100815,2026-07-05,S04,P101,7,60.0,0.0,1,C0615,Card,21
T100816,2026-07-05,S04,P101,6,54.0,10.0,1,C0703,UPI,11
T100817,2026-07-05,S04,P102,4,45.0,0.0,0,C0230,Cash,9
T100818,2026-07-05,S04,P102,8,45.0,0.0,0,C0676,Card,21
T100819,2026-07-05,S04,P102,6,45.0,0.0,0,C0838,Cash,8
T100820,2026-07-05,S04,P103,8,95.0,0.0,0,C0259,Cash,12
T100821,2026-07-05,S04,P104,5,145.0,0.0,0,C0358,Card,20
T100822,2026-07-05,S04,P201,5,120.0,0.0,0,C0788,Card,17
T100823,2026-07-05,S04,P202,7,42.0,0.0,0,C0502,UPI,19
T100824,2026-07-05,S04,P202,5,42.0,0.0,0,C0549,UPI,13
T100825,2026-07-05,S04,P202,8,42.0,0.0,0,C1117,UPI,16
T100826,2026-07-05,S04,P203,5,90.25,5.0,1,C1066,UPI,16
T100827,2026-07-05,S04,P203,4,95.0,0.0,1,C0537,Card,9
T100828,2026-07-05,S04,P204,3,165.0,0.0,0,C0637,UPI,13
T100829,2026-07-05,S04,P301,6,50.0,0.0,0,C0577,UPI,17
T100830,2026-07-05,S04,P301,6,50.0,0.0,0,C0628,Cash,12
T100831,2026-07-05,S04,P301,5,50.0,0.0,0,C0046,Card,10
T100832,2026-07-05,S04,P301,8,50.0,0.0,0,C0982,Card,17
T100833,2026-07-05,S04,P302,8,72.25,15.0,1,C0016,Card,11
T100834,2026-07-05,S04,P302,4,85.0,0.0,1,C0705,Card,18
T100835,2026-07-05,S04,P303,8,110.0,0.0,0,C0049,Cash,16
T100836,2026-07-05,S04,P304,6,21.25,15.0,1,C0676,UPI,9
T100837,2026-07-05,S04,P304,8,25.0,0.0,1,C1136,Card,10
T100838,2026-07-05,S04,P304,7,23.75,5.0,1,C0595,Card,19
T100839,2026-07-05,S04,P304,10,25.0,0.0,1,C0619,Card,13
T100840,2026-07-05,S04,P401,5,35.0,0.0,0,C0434,UPI,9
T100841,2026-07-05,S04,P401,6,35.0,0.0,0,C1045,UPI,9
T100842,2026-07-05,S04,P401,5,35.0,0.0,0,C0822,UPI,16
T100843,2026-07-05,S04,P401,10,35.0,0.0,0,C0671,UPI,8
T100844,2026-07-05,S04,P402,4,30.0,0.0,0,C1123,UPI,20
T100845,2026-07-05,S04,P402,6,30.0,0.0,0,C0755,UPI,10
T100846,2026-07-05,S04,P402,12,30.0,0.0,0,C0140,UPI,9
T100847,2026-07-05,S04,P402,6,30.0,0.0,0,C1036,UPI,16
T100848,2026-07-05,S04,P403,6,55.0,0.0,0,C0929,UPI,19
T100849,2026-07-05,S04,P403,12,55.0,0.0,0,C1053,Card,18
T100850,2026-07-05,S04,P403,6,55.0,0.0,0,C1167,UPI,18
T100851,2026-07-05,S04,P501,6,210.0,0.0,0,C1196,Cash,8
T100852,2026-07-05,S04,P501,6,210.0,0.0,0,C0626,Card,20
T100853,2026-07-05,S04,P502,6,137.75,5.0,1,C1076,Cash,21
T100854,2026-07-05,S04,P503,11,95.0,0.0,0,C0234,UPI,18
T100855,2026-07-05,S04,P503,5,95.0,0.0,0,C0542,UPI,10
T100856,2026-07-05,S04,P601,4,80.0,0.0,0,C0062,UPI,9
T100857,2026-07-05,S04,P601,7,80.0,0.0,0,C1165,Cash,11
T100858,2026-07-06,S01,P101,4,60.0,0.0,0,C0576,Card,21
T100859,2026-07-06,S01,P101,8,60.0,0.0,0,C0352,UPI,9
T100860,2026-07-06,S01,P102,8,45.0,0.0,0,C1186,Card,20
T100861,2026-07-06,S01,P102,6,45.0,0.0,0,C0886,Card,16
T100862,2026-07-06,S01,P103,3,95.0,0.0,0,C0491,Card,13
T100863,2026-07-06,S01,P103,8,95.0,0.0,0,C0542,Card,21
T100864,2026-07-06,S01,P104,6,145.0,0.0,0,C0026,UPI,17
T100865,2026-07-06,S01,P201,7,120.0,0.0,0,C1096,UPI,21
T100866,2026-07-06,S01,P202,6,42.0,0.0,0,C0673,Card,21
T100867,2026-07-06,S01,P202,5,42.0,0.0,0,C0117,Card,9
T100868,2026-07-06,S01,P202,12,42.0,0.0,0,C0929,UPI,16
T100869,2026-07-06,S01,P203,7,95.0,0.0,0,C0944,UPI,16
T100870,2026-07-06,S01,P203,7,95.0,0.0,0,C0601,Card,9
T100871,2026-07-06,S01,P204,6,165.0,0.0,0,C0131,UPI,13
T100872,2026-07-06,S01,P301,8,50.0,0.0,0,C0615,UPI,10
T100873,2026-07-06,S01,P301,10,50.0,0.0,0,C0651,UPI,10
T100874,2026-07-06,S01,P301,4,50.0,0.0,0,C0965,Cash,11
T100875,2026-07-06,S01,P302,6,85.0,0.0,1,C1123,Card,17
T100876,2026-07-06,S01,P302,5,,15.0,1,C1198,Card,19
T100877,2026-07-06,S01,P303,4,110.0,0.0,0,C0770,UPI,10
T100878,2026-07-06,S01,P304,12,25.0,0.0,0,C0793,UPI,19
T100879,2026-07-06,S01,P304,5,25.0,0.0,0,C0858,Cash,13
T100880,2026-07-06,S01,P304,10,25.0,0.0,0,C0761,UPI,12
T100881,2026-07-06,S01,P304,8,25.0,0.0,0,C0379,UPI,20
T100882,2026-07-06,S01,P401,8,35.0,0.0,0,C0506,Cash,17
T100883,2026-07-06,S01,P401,7,35.0,0.0,0,C0962,UPI,21
T100884,2026-07-06,S01,P401,6,35.0,0.0,0,C0393,Cash,12
T100885,2026-07-06,S01,P401,4,35.0,0.0,0,C0611,Card,12
T100886,2026-07-06,S01,P402,10,30.0,0.0,0,C0220,Card,10
T100887,2026-07-06,S01,P402,12,30.0,0.0,0,C1154,Card,18
T100888,2026-07-06,S01,P402,7,30.0,0.0,0,C0871,Card,9
T100889,2026-07-06,S01,P402,16,30.0,0.0,0,C0692,Card,19
T100890,2026-07-06,S01,P403,9,55.0,0.0,0,C0928,UPI,9
T100891,2026-07-06,S01,P403,7,55.0,0.0,0,C0737,Card,18
T100892,2026-07-06,S01,P501,7,210.0,0.0,0,C0371,Card,18
T100893,2026-07-06,S01,P502,6,145.0,0.0,0,C1185,UPI,17
T100894,2026-07-06,S01,P503,6,95.0,0.0,0,C0551,Cash,19
T100895,2026-07-06,S01,P503,6,95.0,0.0,0,C0880,Cash,17
T100896,2026-07-06,S01,P601,6,80.0,0.0,0,C0992,Card,20
T100897,2026-07-06,S01,P601,4,80.0,0.0,0,C0214,UPI,12
T100898,2026-07-06,S01,P601,7,80.0,0.0,0,C0978,UPI,19
T100899,2026-07-06,S02,P101,8,60.0,0.0,0,C0757,UPI,19
T100900,2026-07-06,S02,P101,8,60.0,0.0,0,C0401,UPI,18
T100901,2026-07-06,S02,P101,8,60.0,0.0,0,,Card,19
T100902,2026-07-06,S02,P101,9,60.0,0.0,0,C0589,Card,10
T100903,2026-07-06,S02,P102,6,45.0,0.0,0,C0017,Cash,13
T100904,2026-07-06,S02,P102,6,45.0,0.0,0,C0995,Card,13
T100905,2026-07-06,S02,P103,9,95.0,0.0,0,C0592,Card,8
T100906,2026-07-06,S02,P103,6,95.0,0.0,0,C1018,UPI,10
T100907,2026-07-06,S02,P104,6,137.75,5.0,1,C0437,UPI,18
T100908,2026-07-06,S02,P201,5,120.0,0.0,0,C0991,UPI,17
T100909,2026-07-06,S02,P201,4,120.0,0.0,0,C0232,UPI,8
T100910,2026-07-06,S02,P202,8,42.0,0.0,0,C0288,UPI,20
T100911,2026-07-06,S02,P202,4,42.0,0.0,0,C0137,Card,12
T100912,2026-07-06,S02,P202,7,42.0,0.0,0,C0916,Card,17
T100913,2026-07-06,S02,P203,4,95.0,0.0,0,C0433,Card,20
T100914,2026-07-06,S02,P203,5,95.0,0.0,0,C0990,UPI,11
T100915,2026-07-06,S02,P204,5,165.0,0.0,0,C0388,Card,11
T100916,2026-07-06,S02,P301,9,42.5,15.0,1,C1163,Card,17
T100917,2026-07-06,S02,P301,6,50.0,0.0,1,C0905,Cash,13
T100918,2026-07-06,S02,P301,11,50.0,0.0,1,C0935,UPI,12
T100919,2026-07-06,S02,P301,9,50.0,0.0,1,C0021,Card,16
T100920,2026-07-06,S02,P302,8,85.0,0.0,0,C1175,UPI,9
T100921,2026-07-06,S02,P302,4,85.0,0.0,0,C0521,UPI,17
T100922,2026-07-06,S02,P302,7,85.0,0.0,0,C0101,Card,10
T100923,2026-07-06,S02,P303,4,110.0,0.0,0,C0214,UPI,9
T100924,2026-07-06,S02,P303,6,110.0,0.0,0,C0612,Card,21
T100925,2026-07-06,S02,P304,11,25.0,0.0,0,C0654,UPI,21
T100926,2026-07-06,S02,P304,14,25.0,0.0,0,C0371,UPI,13
T100927,2026-07-06,S02,P304,8,25.0,0.0,0,C0229,UPI,17
T100928,2026-07-06,S02,P304,12,25.0,0.0,0,C1071,UPI,13
T100929,2026-07-06,S02,P401,5,35.0,0.0,0,C0668,Card,20
T100930,2026-07-06,S02,P401,5,35.0,0.0,0,C0746,UPI,12
T100931,2026-07-06,S02,P401,13,35.0,0.0,0,C0379,UPI,21
T100932,2026-07-06,S02,P401,6,35.0,0.0,0,C0280,Card,9
T100933,2026-07-06,S02,P402,16,30.0,0.0,0,C0286,Card,8
T100934,2026-07-06,S02,P402,11,30.0,0.0,0,C0738,UPI,19
T100935,2026-07-06,S02,P402,9,30.0,0.0,0,C0476,UPI,16
T100936,2026-07-06,S02,P402,11,30.0,0.0,0,C0754,Cash,12
T100937,2026-07-06,S02,P403,7,55.0,0.0,1,C0367,UPI,21
T100938,2026-07-06,S02,P403,9,52.25,5.0,1,C0872,Cash,20
T100939,2026-07-06,S02,P403,5,49.5,10.0,1,C0366,UPI,16
T100940,2026-07-06,S02,P501,5,210.0,0.0,0,C0793,Card,19
T100941,2026-07-06,S02,P501,9,210.0,0.0,0,C0793,UPI,21
T100942,2026-07-06,S02,P502,5,145.0,0.0,0,C1171,Card,10
T100943,2026-07-06,S02,P502,5,145.0,0.0,0,C0929,Cash,12
T100944,2026-07-06,S02,P503,6,95.0,0.0,0,C0716,Cash,9
T100945,2026-07-06,S02,P503,4,95.0,0.0,0,C0379,UPI,17
T100946,2026-07-06,S02,P503,8,95.0,0.0,0,C0225,Card,18
T100947,2026-07-06,S02,P601,9,80.0,0.0,0,C1151,Card,13
T100948,2026-07-06,S02,P601,8,80.0,0.0,0,C0257,Card,20
T100949,2026-07-06,S02,P601,7,80.0,0.0,0,C0510,Card,8
T100950,2026-07-06,S03,P101,7,60.0,0.0,0,C0437,Cash,16
T100951,2026-07-06,S03,P101,8,60.0,0.0,0,C0764,Card,9
T100952,2026-07-06,S03,P102,5,45.0,0.0,0,C0235,Card,16
T100953,2026-07-06,S03,P102,4,45.0,0.0,0,C1160,UPI,13
T100954,2026-07-06,S03,P103,7,95.0,0.0,0,C1137,Card,21
T100955,2026-07-06,S03,P104,1,145.0,0.0,0,C0115,Card,17
T100956,2026-07-06,S03,P201,2,120.0,0.0,0,C0233,UPI,8
T100957,2026-07-06,S03,P202,5,42.0,0.0,0,C0630,UPI,20
T100958,2026-07-06,S03,P203,6,95.0,0.0,0,C0855,UPI,11
T100959,2026-07-06,S03,P204,4,165.0,0.0,1,C0567,Card,20
T100960,2026-07-06,S03,P301,5,50.0,0.0,0,C0664,Cash,18
T100961,2026-07-06,S03,P301,8,50.0,0.0,0,C0284,Card,9
T100962,2026-07-06,S03,P301,8,50.0,0.0,0,C0463,UPI,17
T100963,2026-07-06,S03,P302,3,85.0,0.0,0,C0099,Cash,20
T100964,2026-07-06,S03,P302,6,85.0,0.0,0,C0422,Card,16
T100965,2026-07-06,S03,P303,6,110.0,0.0,0,C0752,UPI,21
T100966,2026-07-06,S03,P304,8,25.0,0.0,0,C0020,Cash,9
T100967,2026-07-06,S03,P304,6,25.0,0.0,0,C0166,UPI,17
T100968,2026-07-06,S03,P304,5,25.0,0.0,0,C0612,UPI,18
T100969,2026-07-06,S03,P401,6,35.0,0.0,0,C0688,UPI,19
T100970,2026-07-06,S03,P401,11,35.0,0.0,0,C0975,Card,9
T100971,2026-07-06,S03,P401,6,35.0,0.0,0,C0236,UPI,19
T100972,2026-07-06,S03,P402,4,27.0,10.0,1,C0096,UPI,17
T100973,2026-07-06,S03,P402,5,28.5,5.0,1,C0696,UPI,19
T100974,2026-07-06,S03,P402,9,30.0,0.0,1,C0133,UPI,13
T100975,2026-07-06,S03,P403,9,55.0,0.0,0,C0788,UPI,17
T100976,2026-07-06,S03,P403,7,55.0,0.0,0,C0690,Cash,16
T100977,2026-07-06,S03,P501,4,210.0,0.0,0,C0318,UPI,13
T100978,2026-07-06,S03,P502,8,145.0,0.0,0,C0045,Card,9
T100979,2026-07-06,S03,P503,4,95.0,0.0,1,C0914,UPI,17
T100980,2026-07-06,S03,P503,10,85.5,10.0,1,C0396,UPI,8
T100981,2026-07-06,S03,P601,7,80.0,0.0,0,C0293,Cash,12
T100982,2026-07-06,S04,P101,10,60.0,0.0,0,C0225,Cash,16
T100983,2026-07-06,S04,P101,4,60.0,0.0,0,C0011,UPI,17
T100984,2026-07-06,S04,P102,5,45.0,0.0,0,C0229,UPI,10
T100985,2026-07-06,S04,P102,6,45.0,0.0,0,C0989,UPI,8
T100986,2026-07-06,S04,P103,7,95.0,0.0,0,C0940,Card,8
T100987,2026-07-06,S04,P104,3,145.0,0.0,1,C0615,Cash,19
T100988,2026-07-06,S04,P201,6,120.0,0.0,0,C1177,Card,18
T100989,2026-07-06,S04,P202,8,42.0,0.0,0,C0869,Card,8
T100990,2026-07-06,S04,P202,5,42.0,0.0,0,C0466,UPI,11
T100991,2026-07-06,S04,P203,2,95.0,0.0,0,C0821,Card,19
T100992,2026-07-06,S04,P204,4,165.0,0.0,0,C0601,Card,13
T100993,2026-07-06,S04,P301,6,50.0,0.0,0,C0413,UPI,17
T100994,2026-07-06,S04,P301,6,50.0,0.0,0,C0275,Cash,18
T100995,2026-07-06,S04,P301,5,50.0,0.0,0,C0558,UPI,13
T100996,2026-07-06,S04,P302,4,85.0,0.0,0,C0751,Card,17
T100997,2026-07-06,S04,P302,5,85.0,0.0,0,C0995,UPI,8
T100998,2026-07-06,S04,P303,8,110.0,0.0,1,C0356,Cash,13
T100999,2026-07-06,S04,P304,5,25.0,0.0,0,C0873,UPI,13
T101000,2026-07-06,S04,P304,7,25.0,0.0,0,C0051,UPI,19
T101001,2026-07-06,S04,P304,9,25.0,0.0,0,C0253,Card,13
T101002,2026-07-06,S04,P401,6,35.0,0.0,0,C0551,UPI,9
T101003,2026-07-06,S04,P401,8,35.0,0.0,0,C1165,Card,8
T101004,2026-07-06,S04,P401,5,35.0,0.0,0,C0184,UPI,19
T101005,2026-07-06,S04,P402,7,30.0,0.0,0,C0271,Card,13
T101006,2026-07-06,S04,P402,7,30.0,0.0,0,C1080,UPI,10
T101007,2026-07-06,S04,P402,6,30.0,0.0,0,C0604,Cash,11
T101008,2026-07-06,S04,P402,8,30.0,0.0,0,C1010,UPI,18
T101009,2026-07-06,S04,P403,5,55.0,0.0,0,C1067,UPI,9
T101010,2026-07-06,S04,P403,7,55.0,0.0,0,C0606,UPI,13
T101011,2026-07-06,S04,P501,6,210.0,0.0,0,C0024,Card,12
T101012,2026-07-06,S04,P501,4,210.0,0.0,0,C0664,Cash,16
T101013,2026-07-06,S04,P502,6,145.0,0.0,1,C0387,UPI,20
T101014,2026-07-06,S04,P503,8,95.0,0.0,0,C0026,Card,19
T101015,2026-07-06,S04,P601,8,80.0,0.0,0,C0967,UPI,16
T101016,2026-07-06,S04,P601,8,80.0,0.0,0,C0802,Cash,18
T101017,2026-07-07,S01,P101,5,60.0,0.0,0,C0905,UPI,11
T101018,2026-07-07,S01,P101,8,60.0,0.0,0,C0874,Cash,21
T101019,2026-07-07,S01,P101,5,60.0,0.0,0,C0646,UPI,18
T101020,2026-07-07,S01,P102,7,45.0,0.0,0,C0487,Card,12
T101021,2026-07-07,S01,P102,5,45.0,0.0,0,C1149,Card,12
T101022,2026-07-07,S01,P103,8,90.25,5.0,1,C0765,UPI,18
T101023,2026-07-07,S01,P104,4,145.0,0.0,0,C1066,Card,8
T101024,2026-07-07,S01,P201,5,120.0,0.0,1,C0987,Card,18
T101025,2026-07-07,S01,P202,5,42.0,0.0,0,C0169,Card,9
T101026,2026-07-07,S01,P202,10,42.0,0.0,0,C0014,Card,19
T101027,2026-07-07,S01,P203,7,95.0,0.0,0,C0639,Cash,12
T101028,2026-07-07,S01,P204,6,165.0,0.0,1,C0333,UPI,8
T101029,2026-07-07,S01,P204,3,165.0,0.0,1,C0540,Cash,8
T101030,2026-07-07,S01,P301,4,50.0,0.0,0,C0992,UPI,20
T101031,2026-07-07,S01,P301,9,50.0,0.0,0,C0799,Card,20
T101032,2026-07-07,S01,P302,6,85.0,0.0,0,C1044,Card,13
T101033,2026-07-07,S01,P302,10,85.0,0.0,0,C1156,Card,9
T101034,2026-07-07,S01,P303,6,110.0,0.0,0,C0432,Cash,17
T101035,2026-07-07,S01,P303,3,110.0,0.0,0,C0940,Cash,12
T101036,2026-07-07,S01,P304,8,25.0,0.0,0,C0299,Cash,12
T101037,2026-07-07,S01,P304,9,25.0,0.0,0,C0178,UPI,18
T101038,2026-07-07,S01,P304,5,25.0,0.0,0,C0878,UPI,19
T101039,2026-07-07,S01,P401,5,35.0,0.0,0,C0145,Card,19
T101040,2026-07-07,S01,P401,10,35.0,0.0,0,C0477,Card,13
T101041,2026-07-07,S01,P401,9,35.0,0.0,0,C1128,Card,18
T101042,2026-07-07,S01,P402,7,30.0,0.0,0,C0144,UPI,18
T101043,2026-07-07,S01,P402,8,30.0,0.0,0,C0973,Card,18
T101044,2026-07-07,S01,P402,9,30.0,0.0,0,C0456,UPI,9
T101045,2026-07-07,S01,P402,12,30.0,0.0,0,C1120,UPI,9
T101046,2026-07-07,S01,P403,4,55.0,0.0,0,C0439,Card,19
T101047,2026-07-07,S01,P501,5,210.0,0.0,0,C0020,UPI,9
T101048,2026-07-07,S01,P501,5,210.0,0.0,0,C1055,Card,9
T101049,2026-07-07,S01,P502,4,137.75,5.0,1,C0854,UPI,10
T101050,2026-07-07,S01,P503,7,95.0,0.0,0,C1163,Cash,12
T101051,2026-07-07,S01,P503,9,95.0,0.0,0,C1134,UPI,12
T101052,2026-07-07,S01,P601,6,80.0,0.0,0,C0560,UPI,21
T101053,2026-07-07,S01,P601,5,80.0,0.0,0,C0508,Card,11
T101054,2026-07-07,S01,P601,9,80.0,0.0,0,C1100,UPI,18
T101055,2026-07-07,S02,P101,10,60.0,0.0,0,C0088,Cash,19
T101056,2026-07-07,S02,P101,9,60.0,0.0,0,C0540,Card,19
T101057,2026-07-07,S02,P101,10,60.0,0.0,0,C0717,Card,13
T101058,2026-07-07,S02,P101,10,60.0,0.0,0,C0142,Card,8
T101059,2026-07-07,S02,P102,5,45.0,0.0,1,C0624,Card,20
T101060,2026-07-07,S02,P102,7,40.5,10.0,1,C1027,UPI,11
T101061,2026-07-07,S02,P102,11,40.5,10.0,1,C1013,UPI,20
T101062,2026-07-07,S02,P103,8,95.0,0.0,0,C0850,UPI,21
T101063,2026-07-07,S02,P103,4,95.0,0.0,0,C0606,UPI,16
T101064,2026-07-07,S02,P104,6,145.0,0.0,0,C1112,UPI,18
T101065,2026-07-07,S02,P201,8,120.0,0.0,0,C0705,UPI,11
T101066,2026-07-07,S02,P202,10,37.8,10.0,1,C0623,UPI,8
T101067,2026-07-07,S02,P202,9,42.0,0.0,1,C0083,UPI,12
T101068,2026-07-07,S02,P202,7,42.0,0.0,1,C0887,UPI,12
T101069,2026-07-07,S02,P202,9,42.0,0.0,1,C0329,Card,10
T101070,2026-07-07,S02,P203,6,95.0,0.0,0,C0013,UPI,18
T101071,2026-07-07,S02,P203,3,95.0,0.0,0,C1076,UPI,10
T101072,2026-07-07,S02,P204,7,165.0,0.0,0,C0148,Card,10
T101073,2026-07-07,S02,P301,10,50.0,0.0,0,C0126,Cash,20
T101074,2026-07-07,S02,P301,6,50.0,0.0,0,C0628,Card,10
T101075,2026-07-07,S02,P301,12,50.0,0.0,0,C0281,UPI,8
T101076,2026-07-07,S02,P301,8,50.0,0.0,0,C0389,UPI,12
T101077,2026-07-07,S02,P302,9,85.0,0.0,0,C0014,Card,9
T101078,2026-07-07,S02,P302,5,85.0,0.0,0,C0858,UPI,19
T101079,2026-07-07,S02,P303,5,110.0,0.0,0,C0074,UPI,17
T101080,2026-07-07,S02,P303,6,110.0,0.0,0,C0988,UPI,8
T101081,2026-07-07,S02,P304,6,25.0,0.0,0,C0346,Card,8
T101082,2026-07-07,S02,P304,8,25.0,0.0,0,C0719,UPI,11
T101083,2026-07-07,S02,P304,9,25.0,0.0,0,C0664,Card,10
T101084,2026-07-07,S02,P304,12,25.0,0.0,0,C0187,UPI,20
T101085,2026-07-07,S02,P401,7,35.0,0.0,1,C0989,UPI,12
T101086,2026-07-07,S02,P401,9,31.5,10.0,1,C0204,UPI,17
T101087,2026-07-07,S02,P401,17,33.25,5.0,1,C1055,UPI,11
T101088,2026-07-07,S02,P401,8,33.25,5.0,1,C0253,UPI,19
T101089,2026-07-07,S02,P402,10,30.0,0.0,0,C0101,Cash,11
T101090,2026-07-07,S02,P402,19,30.0,0.0,0,C0874,Card,18
T101091,2026-07-07,S02,P402,9,30.0,0.0,0,C0442,UPI,17
T101092,2026-07-07,S02,P402,17,30.0,0.0,0,C0278,UPI,8
T101093,2026-07-07,S02,P403,8,55.0,0.0,0,C0030,UPI,13
T101094,2026-07-07,S02,P403,8,55.0,0.0,0,C0747,Cash,19
T101095,2026-07-07,S02,P403,9,55.0,0.0,0,C0905,UPI,16
T101096,2026-07-07,S02,P403,8,55.0,0.0,0,C0803,UPI,10
T101097,2026-07-07,S02,P501,7,210.0,0.0,0,C1120,UPI,17
T101098,2026-07-07,S02,P501,5,210.0,0.0,0,C0353,UPI,12
T101099,2026-07-07,S02,P502,6,145.0,0.0,0,C0107,UPI,10
T101100,2026-07-07,S02,P502,3,145.0,0.0,0,C0244,UPI,13
T101101,2026-07-07,S02,P503,5,95.0,0.0,0,C1097,Card,10
T101102,2026-07-07,S02,P503,5,95.0,0.0,0,C0860,UPI,12
T101103,2026-07-07,S02,P601,8,80.0,0.0,0,C0538,Cash,19
T101104,2026-07-07,S02,P601,6,80.0,0.0,0,C0492,UPI,9
T101105,2026-07-07,S02,P601,5,80.0,0.0,0,C1068,UPI,11
T101106,2026-07-07,S02,P601,6,80.0,0.0,0,C0708,UPI,20
T101107,2026-07-07,S03,P101,6,60.0,0.0,0,C0712,Card,19
T101108,2026-07-07,S03,P101,5,60.0,0.0,0,C0257,UPI,13
T101109,2026-07-07,S03,P101,6,60.0,0.0,0,C0899,Card,16
T101110,2026-07-07,S03,P102,4,45.0,0.0,0,C1193,UPI,19
T101111,2026-07-07,S03,P102,7,45.0,0.0,0,C0211,UPI,16
T101112,2026-07-07,S03,P102,7,45.0,0.0,0,C0743,UPI,19
T101113,2026-07-07,S03,P103,3,95.0,0.0,0,C0073,Card,19
T101114,2026-07-07,S03,P103,6,95.0,0.0,0,C1070,UPI,8
T101115,2026-07-07,S03,P104,2,145.0,0.0,0,C0543,UPI,20
T101116,2026-07-07,S03,P201,5,120.0,0.0,0,C0626,Card,11
T101117,2026-07-07,S03,P202,6,42.0,0.0,0,C0747,UPI,18
T101118,2026-07-07,S03,P202,7,42.0,0.0,0,C0395,UPI,13
T101119,2026-07-07,S03,P203,3,95.0,0.0,0,C0459,UPI,20
T101120,2026-07-07,S03,P204,1,165.0,0.0,0,C0982,UPI,17
T101121,2026-07-07,S03,P301,9,50.0,0.0,1,C1088,UPI,9
T101122,2026-07-07,S03,P301,5,50.0,0.0,1,C0849,UPI,9
T101123,2026-07-07,S03,P302,7,85.0,0.0,1,C0433,Cash,17
T101124,2026-07-07,S03,P303,2,110.0,0.0,0,C0257,UPI,18
T101125,2026-07-07,S03,P304,7,25.0,0.0,0,C1169,UPI,9
T101126,2026-07-07,S03,P304,8,25.0,0.0,0,C0844,UPI,11
T101127,2026-07-07,S03,P401,6,35.0,0.0,0,C0046,UPI,12
T101128,2026-07-07,S03,P401,9,35.0,0.0,0,C0247,UPI,20
T101129,2026-07-07,S03,P401,6,35.0,0.0,0,C0637,Cash,17
T101130,2026-07-07,S03,P402,10,30.0,0.0,0,C0601,UPI,21
T101131,2026-07-07,S03,P402,5,30.0,0.0,0,C0539,Card,10
T101132,2026-07-07,S03,P403,5,55.0,0.0,0,C0237,UPI,18
T101133,2026-07-07,S03,P403,4,55.0,0.0,0,C1104,UPI,12
T101134,2026-07-07,S03,P501,4,210.0,0.0,0,C0336,Cash,11
T101135,2026-07-07,S03,P501,8,210.0,0.0,0,C0147,Cash,18
T101136,2026-07-07,S03,P502,8,145.0,0.0,0,C0464,Cash,20
T101137,2026-07-07,S03,P503,6,95.0,0.0,0,C0007,UPI,10
T101138,2026-07-07,S03,P601,5,80.0,0.0,0,C1104,UPI,8
T101139,2026-07-07,S03,P601,6,80.0,0.0,0,C0896,UPI,16
T101140,2026-07-07,S04,P101,8,60.0,0.0,0,C0123,UPI,10
T101141,2026-07-07,S04,P101,7,60.0,0.0,0,C0849,Card,18
T101142,2026-07-07,S04,P101,6,60.0,0.0,0,C0566,UPI,16
T101143,2026-07-07,S04,P102,7,45.0,0.0,0,C0657,UPI,16
T101144,2026-07-07,S04,P102,3,45.0,0.0,0,C0311,UPI,11
T101145,2026-07-07,S04,P103,7,95.0,0.0,0,C0028,UPI,11
T101146,2026-07-07,S04,P104,3,145.0,0.0,0,C1047,UPI,17
T101147,2026-07-07,S04,P201,2,120.0,0.0,0,C1091,UPI,10
T101148,2026-07-07,S04,P202,7,42.0,0.0,0,C0241,UPI,11
T101149,2026-07-07,S04,P202,6,42.0,0.0,0,C0417,UPI,20
T101150,2026-07-07,S04,P203,5,95.0,0.0,0,C1171,Cash,13
T101151,2026-07-07,S04,P203,5,95.0,0.0,0,C0334,Card,13
T101152,2026-07-07,S04,P204,8,165.0,0.0,1,C0717,Cash,8
T101153,2026-07-07,S04,P301,4,50.0,0.0,1,C0467,UPI,8
T101154,2026-07-07,S04,P301,6,47.5,5.0,1,C0248,Cash,8
T101155,2026-07-07,S04,P301,8,47.5,5.0,1,C0703,UPI,21
T101156,2026-07-07,S04,P302,4,85.0,0.0,0,C1121,Cash,16
T101157,2026-07-07,S04,P302,7,85.0,0.0,0,C0456,UPI,21
T101158,2026-07-07,S04,P303,8,110.0,0.0,0,C1111,UPI,12
T101159,2026-07-07,S04,P304,8,25.0,0.0,0,C1139,Card,21
T101160,2026-07-07,S04,P304,7,25.0,0.0,0,C0846,Card,17
T101161,2026-07-07,S04,P304,6,25.0,0.0,0,C0408,Card,9
T101162,2026-07-07,S04,P304,5,25.0,0.0,0,C0711,UPI,9
T101163,2026-07-07,S04,P401,7,35.0,0.0,0,C0167,UPI,12
T101164,2026-07-07,S04,P401,9,35.0,0.0,0,C0473,Cash,12
T101165,2026-07-07,S04,P401,7,35.0,0.0,0,C0490,Cash,11
T101166,2026-07-07,S04,P401,5,35.0,0.0,0,C0892,UPI,8
T101167,2026-07-07,S04,P402,8,30.0,0.0,0,C0740,Cash,17
T101168,2026-07-07,S04,P402,7,30.0,0.0,0,C0493,Card,12
T101169,2026-07-07,S04,P402,7,30.0,0.0,0,C0854,Card,11
T101170,2026-07-07,S04,P402,7,30.0,0.0,0,C1134,Card,17
T101171,2026-07-07,S04,P403,7,49.5,10.0,1,C0166,Card,18
T101172,2026-07-07,S04,P403,3,46.75,15.0,1,C0545,Card,17
T101173,2026-07-07,S04,P403,7,55.0,0.0,1,C0475,Cash,11
T101174,2026-07-07,S04,P501,8,210.0,0.0,0,C0850,Cash,8
T101175,2026-07-07,S04,P501,5,210.0,0.0,0,C1160,UPI,13
T101176,2026-07-07,S04,P502,7,145.0,0.0,0,C0747,UPI,13
T101177,2026-07-07,S04,P503,5,95.0,0.0,0,C0657,Cash,21
T101178,2026-07-07,S04,P503,10,95.0,0.0,0,C0345,UPI,20
T101179,2026-07-07,S04,P601,7,80.0,0.0,0,C0377,Card,8
T101180,2026-07-08,S01,P101,6,60.0,0.0,0,C1197,Card,20
T101181,2026-07-08,S01,P101,10,60.0,0.0,0,C0067,Card,9
T101182,2026-07-08,S01,P102,5,45.0,0.0,0,C1162,UPI,20
T101183,2026-07-08,S01,P102,7,45.0,0.0,0,C0695,UPI,9
T101184,2026-07-08,S01,P102,10,45.0,0.0,0,C0768,Card,13
T101185,2026-07-08,S01,P103,8,95.0,0.0,1,C0254,UPI,18
T101186,2026-07-08,S01,P104,7,145.0,0.0,0,C0427,Cash,17
T101187,2026-07-08,S01,P201,7,120.0,0.0,0,C0542,Card,10
T101188,2026-07-08,S01,P202,10,42.0,0.0,0,C0889,UPI,19
T101189,2026-07-08,S01,P202,5,42.0,0.0,0,C0292,Card,10
T101190,2026-07-08,S01,P203,8,95.0,0.0,0,C0339,Card,16
T101191,2026-07-08,S01,P204,3,165.0,0.0,0,C0822,Card,21
T101192,2026-07-08,S01,P301,5,47.5,5.0,1,C1148,Cash,10
T101193,2026-07-08,S01,P301,9,50.0,0.0,1,C0989,Cash,13
T101194,2026-07-08,S01,P302,5,76.5,10.0,1,C1161,Card,13
T101195,2026-07-08,S01,P302,6,85.0,0.0,1,C0602,UPI,13
T101196,2026-07-08,S01,P303,5,110.0,0.0,0,C0793,UPI,18
T101197,2026-07-08,S01,P304,9,22.5,10.0,1,C0170,Card,21
T101198,2026-07-08,S01,P304,8,22.5,10.0,1,C0628,UPI,13
T101199,2026-07-08,S01,P304,7,23.75,5.0,1,C0188,Cash,20
T101200,2026-07-08,S01,P304,13,21.25,15.0,1,C0288,Card,9
T101201,2026-07-08,S01,P401,7,35.0,0.0,0,C0833,UPI,13
T101202,2026-07-08,S01,P401,9,35.0,0.0,0,C0467,Card,10
T101203,2026-07-08,S01,P401,7,35.0,0.0,0,C0578,Card,19
T101204,2026-07-08,S01,P401,4,35.0,0.0,0,C0281,Card,11
T101205,2026-07-08,S01,P402,8,30.0,0.0,0,C0769,UPI,12
T101206,2026-07-08,S01,P402,5,30.0,0.0,0,C0260,Card,8
T101207,2026-07-08,S01,P402,9,30.0,0.0,0,C0739,UPI,18
T101208,2026-07-08,S01,P402,4,30.0,0.0,0,C0983,UPI,13
T101209,2026-07-08,S01,P403,5,52.25,5.0,1,C0044,Card,9
T101210,2026-07-08,S01,P403,9,55.0,0.0,1,C0225,UPI,16
T101211,2026-07-08,S01,P501,6,210.0,0.0,0,C1131,Card,20
T101212,2026-07-08,S01,P501,5,210.0,0.0,0,C0738,UPI,9
T101213,2026-07-08,S01,P502,8,145.0,0.0,0,C1013,UPI,13
T101214,2026-07-08,S01,P503,6,95.0,0.0,0,C0898,Card,18
T101215,2026-07-08,S01,P503,7,95.0,0.0,0,C1168,UPI,10
T101216,2026-07-08,S01,P601,4,80.0,0.0,0,C0677,UPI,21
T101217,2026-07-08,S01,P601,5,80.0,0.0,0,C0845,Card,16
T101218,2026-07-08,S02,P101,5,60.0,0.0,0,C0428,UPI,17
T101219,2026-07-08,S02,P101,7,60.0,0.0,0,C0202,UPI,21
T101220,2026-07-08,S02,P101,12,60.0,0.0,0,C0135,Card,18
T101221,2026-07-08,S02,P101,6,60.0,0.0,0,C0041,UPI,20
T101222,2026-07-08,S02,P102,7,45.0,0.0,0,C1028,UPI,13
T101223,2026-07-08,S02,P102,7,45.0,0.0,0,C1041,Card,19
T101224,2026-07-08,S02,P102,7,45.0,0.0,0,C0931,UPI,13
T101225,2026-07-08,S02,P102,7,45.0,0.0,0,C1170,UPI,20
T101226,2026-07-08,S02,P103,7,95.0,0.0,0,C0163,UPI,16
T101227,2026-07-08,S02,P104,6,145.0,0.0,0,C0503,UPI,17
T101228,2026-07-08,S02,P104,3,145.0,0.0,0,C1062,Card,20
T101229,2026-07-08,S02,P201,4,120.0,0.0,0,C0036,Card,8
T101230,2026-07-08,S02,P201,5,120.0,0.0,0,C0757,Card,9
T101231,2026-07-08,S02,P202,6,42.0,0.0,0,C0531,Card,16
T101232,2026-07-08,S02,P202,8,42.0,0.0,0,C0464,UPI,13
T101233,2026-07-08,S02,P202,7,42.0,0.0,0,C1129,UPI,13
T101234,2026-07-08,S02,P202,7,42.0,0.0,0,C0497,Cash,8
T101235,2026-07-08,S02,P203,6,95.0,0.0,0,C0367,UPI,19
T101236,2026-07-08,S02,P203,9,95.0,0.0,0,C0255,Cash,10
T101237,2026-07-08,S02,P204,8,165.0,0.0,0,C0987,UPI,19
T101238,2026-07-08,S02,P301,9,50.0,0.0,0,C0362,UPI,18
T101239,2026-07-08,S02,P301,12,50.0,0.0,0,C0221,Card,12
T101240,2026-07-08,S02,P301,8,50.0,0.0,0,C0320,Card,11
T101241,2026-07-08,S02,P301,9,50.0,0.0,0,C0061,Card,10
T101242,2026-07-08,S02,P302,5,85.0,0.0,0,C0194,UPI,9
T101243,2026-07-08,S02,P302,5,85.0,0.0,0,C0855,Cash,11
T101244,2026-07-08,S02,P302,9,85.0,0.0,0,C0665,Card,11
T101245,2026-07-08,S02,P303,7,110.0,0.0,0,C1112,Card,9
T101246,2026-07-08,S02,P303,4,110.0,0.0,0,C0505,Card,9
T101247,2026-07-08,S02,P304,9,25.0,0.0,0,C0902,Card,17
T101248,2026-07-08,S02,P304,10,25.0,0.0,0,C0714,UPI,12
T101249,2026-07-08,S02,P304,9,25.0,0.0,0,C0029,UPI,19
T101250,2026-07-08,S02,P304,11,25.0,0.0,0,C0162,Card,10
T101251,2026-07-08,S02,P401,8,33.25,5.0,1,C0473,Card,19
T101252,2026-07-08,S02,P401,7,35.0,0.0,1,C0923,Cash,13
T101253,2026-07-08,S02,P401,15,35.0,0.0,1,C0026,Card,9
T101254,2026-07-08,S02,P401,7,35.0,0.0,1,C0607,UPI,12
T101255,2026-07-08,S02,P402,6,30.0,0.0,0,C0001,UPI,21
T101256,2026-07-08,S02,P402,7,30.0,0.0,0,C0086,Card,12
T101257,2026-07-08,S02,P402,12,30.0,0.0,0,C0516,Cash,11
T101258,2026-07-08,S02,P402,10,30.0,0.0,0,C1045,Cash,20
T101259,2026-07-08,S02,P403,7,52.25,5.0,1,C1099,UPI,9
T101260,2026-07-08,S02,P403,9,52.25,5.0,1,C0698,Card,16
T101261,2026-07-08,S02,P403,7,52.25,5.0,1,C1117,Cash,19
T101262,2026-07-08,S02,P501,7,210.0,0.0,0,C1119,Cash,16
T101263,2026-07-08,S02,P501,5,210.0,0.0,0,C1101,UPI,13
T101264,2026-07-08,S02,P501,8,210.0,0.0,0,C0410,Card,13
T101265,2026-07-08,S02,P502,6,145.0,0.0,0,C0820,Card,8
T101266,2026-07-08,S02,P503,10,95.0,0.0,0,C1139,UPI,16
T101267,2026-07-08,S02,P503,6,95.0,0.0,0,C0834,Card,11
T101268,2026-07-08,S02,P601,4,80.0,0.0,0,C0836,UPI,13
T101269,2026-07-08,S02,P601,10,80.0,0.0,0,C1020,Card,16
T101270,2026-07-08,S03,P101,6,60.0,0.0,0,C0393,Card,11
T101271,2026-07-08,S03,P101,4,60.0,0.0,0,C0446,UPI,13
T101272,2026-07-08,S03,P102,4,45.0,0.0,0,C0093,Card,18
T101273,2026-07-08,S03,P103,5,95.0,0.0,0,C0831,UPI,20
T101274,2026-07-08,S03,P104,3,145.0,0.0,0,C0692,UPI,10
T101275,2026-07-08,S03,P201,4,120.0,0.0,0,C0175,UPI,8
T101276,2026-07-08,S03,P202,8,39.9,5.0,1,C0282,UPI,21
T101277,2026-07-08,S03,P202,4,39.9,5.0,1,C0641,UPI,13
T101278,2026-07-08,S03,P202,5,39.9,5.0,1,C0472,UPI,12
T101279,2026-07-08,S03,P203,4,95.0,0.0,1,C0892,UPI,19
T101280,2026-07-08,S03,P204,3,165.0,0.0,0,C0728,Card,17
T101281,2026-07-08,S03,P301,5,50.0,0.0,0,C0018,UPI,8
T101282,2026-07-08,S03,P301,10,50.0,0.0,0,C0741,Card,19
T101283,2026-07-08,S03,P302,7,85.0,0.0,0,C0739,Card,19
T101284,2026-07-08,S03,P302,9,85.0,0.0,0,C0086,UPI,20
T101285,2026-07-08,S03,P303,3,110.0,0.0,1,C0059,Cash,12
T101286,2026-07-08,S03,P304,4,23.75,5.0,1,C0909,UPI,9
T101287,2026-07-08,S03,P304,6,23.75,5.0,1,C0293,Card,10
T101288,2026-07-08,S03,P401,9,35.0,0.0,0,C0960,Cash,8
T101289,2026-07-08,S03,P401,7,35.0,0.0,0,C0520,Card,17
T101290,2026-07-08,S03,P401,6,35.0,0.0,0,C0652,UPI,20
T101291,2026-07-08,S03,P401,12,35.0,0.0,0,C0211,UPI,21
T101292,2026-07-08,S03,P402,8,30.0,0.0,0,C1053,Card,13
T101293,2026-07-08,S03,P402,6,30.0,0.0,0,C0095,UPI,19
T101294,2026-07-08,S03,P402,6,30.0,0.0,0,C0930,UPI,8
T101295,2026-07-08,S03,P403,9,55.0,0.0,0,C0716,Cash,20
T101296,2026-07-08,S03,P403,7,55.0,0.0,0,C0255,UPI,19
T101297,2026-07-08,S03,P501,8,210.0,0.0,0,C0137,Card,19
T101298,2026-07-08,S03,P502,5,145.0,0.0,0,C0820,UPI,20
T101299,2026-07-08,S03,P502,8,145.0,0.0,0,C0072,Card,17
T101300,2026-07-08,S03,P503,8,95.0,0.0,0,C0701,UPI,19
T101301,2026-07-08,S03,P601,6,80.0,0.0,0,C0816,Card,20
T101302,2026-07-08,S03,P601,4,80.0,0.0,0,C0464,UPI,20
T101303,2026-07-08,S04,P101,5,60.0,0.0,0,C0418,Card,16
T101304,2026-07-08,S04,P101,11,60.0,0.0,0,C1140,Cash,20
T101305,2026-07-08,S04,P101,7,60.0,0.0,0,C0780,Card,8
T101306,2026-07-08,S04,P102,6,45.0,0.0,0,C1048,UPI,18
T101307,2026-07-08,S04,P102,5,45.0,0.0,0,C0421,Card,13
T101308,2026-07-08,S04,P102,8,45.0,0.0,0,C0348,UPI,9
T101309,2026-07-08,S04,P103,7,95.0,0.0,0,C0651,UPI,19
T101310,2026-07-08,S04,P104,5,145.0,0.0,0,C1046,Cash,21
T101311,2026-07-08,S04,P201,3,120.0,0.0,0,C0740,UPI,10
T101312,2026-07-08,S04,P202,5,37.8,10.0,1,C0438,Cash,12
T101313,2026-07-08,S04,P202,6,42.0,0.0,1,C0669,UPI,16
T101314,2026-07-08,S04,P202,6,42.0,0.0,1,C0530,Card,12
T101315,2026-07-08,S04,P203,7,95.0,0.0,0,C0131,UPI,18
T101316,2026-07-08,S04,P204,6,165.0,0.0,0,C0011,UPI,8
T101317,2026-07-08,S04,P301,5,50.0,0.0,0,C0640,Card,11
T101318,2026-07-08,S04,P301,7,50.0,0.0,0,C0557,Card,20
T101319,2026-07-08,S04,P301,6,50.0,0.0,0,C0234,UPI,18
T101320,2026-07-08,S04,P302,4,85.0,0.0,0,C0135,Cash,9
T101321,2026-07-08,S04,P302,7,85.0,0.0,0,C1165,Cash,8
T101322,2026-07-08,S04,P303,5,110.0,0.0,1,C0311,UPI,13
T101323,2026-07-08,S04,P303,5,110.0,0.0,1,C0232,Card,21
T101324,2026-07-08,S04,P304,5,25.0,0.0,0,C0813,UPI,13
T101325,2026-07-08,S04,P304,9,25.0,0.0,0,C0525,UPI,11
T101326,2026-07-08,S04,P304,4,25.0,0.0,0,C0489,UPI,17
T101327,2026-07-08,S04,P304,7,25.0,0.0,0,C1188,Card,21
T101328,2026-07-08,S04,P401,5,29.75,15.0,1,C0344,Card,11
T101329,2026-07-08,S04,P401,6,35.0,0.0,1,C0307,UPI,21
T101330,2026-07-08,S04,P401,11,35.0,0.0,1,C0246,UPI,19
T101331,2026-07-08,S04,P402,7,30.0,0.0,0,C0651,Card,9
T101332,2026-07-08,S04,P402,11,30.0,0.0,0,C0381,Cash,12
T101333,2026-07-08,S04,P402,12,30.0,0.0,0,C0325,UPI,11
T101334,2026-07-08,S04,P402,6,30.0,0.0,0,C0574,Card,21
T101335,2026-07-08,S04,P403,5,55.0,0.0,0,C0533,Card,20
T101336,2026-07-08,S04,P403,4,55.0,0.0,0,C1049,Cash,17
T101337,2026-07-08,S04,P501,7,210.0,0.0,1,C0382,UPI,20
T101338,2026-07-08,S04,P501,8,210.0,0.0,1,C1004,Card,19
T101339,2026-07-08,S04,P502,8,145.0,0.0,0,C0197,UPI,11
T101340,2026-07-08,S04,P503,4,95.0,0.0,0,C0242,UPI,9
T101341,2026-07-08,S04,P503,8,95.0,0.0,0,C0620,UPI,9
T101342,2026-07-08,S04,P503,6,95.0,0.0,0,C0668,UPI,11
T101343,2026-07-08,S04,P601,6,80.0,0.0,0,C0407,Card,16
T101344,2026-07-08,S04,P601,7,80.0,0.0,0,C0723,UPI,10
T101345,2026-07-08,S04,P601,5,80.0,0.0,0,C1069,Card,13
T101346,2026-07-09,S01,P101,7,60.0,0.0,0,C1054,UPI,10
T101347,2026-07-09,S01,P101,7,60.0,0.0,0,C0399,UPI,13
T101348,2026-07-09,S01,P101,8,60.0,0.0,0,C1017,UPI,17
T101349,2026-07-09,S01,P102,7,45.0,0.0,0,C0462,Cash,10
T101350,2026-07-09,S01,P102,6,45.0,0.0,0,C0410,UPI,21
T101351,2026-07-09,S01,P103,5,90.25,5.0,1,C0828,UPI,18
T101352,2026-07-09,S01,P104,5,145.0,0.0,0,C0132,UPI,12
T101353,2026-07-09,S01,P104,5,145.0,0.0,0,C0098,UPI,18
T101354,2026-07-09,S01,P201,8,120.0,0.0,0,C0474,UPI,11
T101355,2026-07-09,S01,P202,4,42.0,0.0,0,C0243,Card,11
T101356,2026-07-09,S01,P202,7,42.0,0.0,0,C0783,Card,13
T101357,2026-07-09,S01,P202,6,42.0,0.0,0,C0046,UPI,9
T101358,2026-07-09,S01,P203,6,95.0,0.0,0,C0599,UPI,10
T101359,2026-07-09,S01,P204,4,165.0,0.0,0,C0101,Card,13
T101360,2026-07-09,S01,P301,6,50.0,0.0,0,C1024,Card,13
T101361,2026-07-09,S01,P301,7,50.0,0.0,0,C1189,Cash,21
T101362,2026-07-09,S01,P301,6,50.0,0.0,0,C0734,UPI,13
T101363,2026-07-09,S01,P302,8,85.0,0.0,0,C0874,Card,10
T101364,2026-07-09,S01,P302,4,85.0,0.0,0,C0044,Card,16
T101365,2026-07-09,S01,P303,8,110.0,0.0,0,C1018,UPI,17
T101366,2026-07-09,S01,P304,8,25.0,0.0,1,C0590,UPI,16
T101367,2026-07-09,S01,P304,5,25.0,0.0,1,C0623,Card,12
T101368,2026-07-09,S01,P304,9,25.0,0.0,1,C1139,UPI,9
T101369,2026-07-09,S01,P304,10,23.75,5.0,1,C0325,UPI,11
T101370,2026-07-09,S01,P401,5,35.0,0.0,1,C1078,Cash,20
T101371,2026-07-09,S01,P401,6,35.0,0.0,1,C0982,UPI,18
T101372,2026-07-09,S01,P401,5,33.25,5.0,1,C1183,Cash,21
T101373,2026-07-09,S01,P401,11,35.0,0.0,1,C0405,Card,13
T101374,2026-07-09,S01,P402,6,30.0,0.0,1,C0524,Card,13
T101375,2026-07-09,S01,P402,9,30.0,0.0,1,C0585,UPI,12
T101376,2026-07-09,S01,P402,8,30.0,0.0,1,C0116,UPI,11
T101377,2026-07-09,S01,P402,5,28.5,5.0,1,C0815,UPI,10
T101378,2026-07-09,S01,P403,7,55.0,0.0,0,C0160,UPI,12
T101379,2026-07-09,S01,P403,7,55.0,0.0,0,C0020,UPI,11
T101380,2026-07-09,S01,P403,5,55.0,0.0,0,C0058,UPI,9
T101381,2026-07-09,S01,P501,7,210.0,0.0,0,C0374,Card,9
T101382,2026-07-09,S01,P502,4,145.0,0.0,0,C1179,UPI,16
T101383,2026-07-09,S01,P503,6,95.0,0.0,0,C1184,UPI,16
T101384,2026-07-09,S01,P503,4,95.0,0.0,0,C0536,Cash,16
T101385,2026-07-09,S01,P601,5,80.0,0.0,0,C0896,UPI,13
T101386,2026-07-09,S01,P601,7,80.0,0.0,0,C0027,UPI,17
T101387,2026-07-09,S02,P101,7,60.0,0.0,0,C0245,UPI,17
T101388,2026-07-09,S02,P101,10,60.0,0.0,0,C0478,UPI,9
T101389,2026-07-09,S02,P101,6,60.0,0.0,0,C0531,Card,11
T101390,2026-07-09,S02,P101,12,60.0,0.0,0,C1056,UPI,18
T101391,2026-07-09,S02,P102,8,45.0,0.0,0,C0046,Cash,21
T101392,2026-07-09,S02,P102,6,45.0,0.0,0,C0745,UPI,21
T101393,2026-07-09,S02,P102,7,45.0,0.0,0,C0762,Card,20
T101394,2026-07-09,S02,P103,9,95.0,0.0,0,C0003,UPI,17
T101395,2026-07-09,S02,P103,6,95.0,0.0,0,C0511,UPI,16
T101396,2026-07-09,S02,P104,2,145.0,0.0,0,C0239,UPI,20
T101397,2026-07-09,S02,P201,3,120.0,0.0,0,C0418,UPI,11
T101398,2026-07-09,S02,P201,6,120.0,0.0,0,C0544,UPI,17
T101399,2026-07-09,S02,P202,9,42.0,0.0,0,C0588,UPI,12
T101400,2026-07-09,S02,P202,8,42.0,0.0,0,C0371,Card,20
T101401,2026-07-09,S02,P202,6,42.0,0.0,0,C0140,Card,17
T101402,2026-07-09,S02,P202,3,42.0,0.0,0,C0440,Cash,19
T101403,2026-07-09,S02,P203,7,95.0,0.0,0,C0480,Card,18
T101404,2026-07-09,S02,P204,6,165.0,0.0,0,C0985,UPI,13
T101405,2026-07-09,S02,P301,5,50.0,0.0,0,C0896,UPI,13
T101406,2026-07-09,S02,P301,9,50.0,0.0,0,C0520,UPI,17
T101407,2026-07-09,S02,P301,6,50.0,0.0,0,C0483,UPI,11
T101408,2026-07-09,S02,P301,7,50.0,0.0,0,C1064,UPI,16
T101409,2026-07-09,S02,P302,6,85.0,0.0,1,C1190,UPI,9
T101410,2026-07-09,S02,P302,5,80.75,5.0,1,C0448,Card,12
T101411,2026-07-09,S02,P302,7,76.5,10.0,1,C0735,Card,21
T101412,2026-07-09,S02,P303,7,110.0,0.0,0,C0150,UPI,18
T101413,2026-07-09,S02,P303,3,110.0,0.0,0,C0822,UPI,8
T101414,2026-07-09,S02,P303,7,110.0,0.0,0,C0492,UPI,11
T101415,2026-07-09,S02,P304,13,25.0,0.0,0,C0376,Card,18
T101416,2026-07-09,S02,P304,10,25.0,0.0,0,C0892,Card,21
T101417,2026-07-09,S02,P304,13,25.0,0.0,0,C0931,UPI,9
T101418,2026-07-09,S02,P304,7,25.0,0.0,0,C1156,UPI,10
T101419,2026-07-09,S02,P401,12,35.0,0.0,0,C1082,UPI,11
T101420,2026-07-09,S02,P401,5,35.0,0.0,0,C0061,Card,21
T101421,2026-07-09,S02,P401,12,35.0,0.0,0,C1041,Card,13
T101422,2026-07-09,S02,P401,7,35.0,0.0,0,C0969,UPI,18
T101423,2026-07-09,S02,P402,7,30.0,0.0,0,C0269,UPI,8
T101424,2026-07-09,S02,P402,13,30.0,0.0,0,C0865,Card,13
T101425,2026-07-09,S02,P402,8,30.0,0.0,0,C0051,Card,19
T101426,2026-07-09,S02,P402,11,30.0,0.0,0,C1111,Card,21
T101427,2026-07-09,S02,P403,9,55.0,0.0,1,C0948,Card,16
T101428,2026-07-09,S02,P403,6,49.5,10.0,1,C1130,Card,11
T101429,2026-07-09,S02,P403,5,49.5,10.0,1,C0522,Cash,21
T101430,2026-07-09,S02,P403,10,55.0,0.0,1,C0790,UPI,12
T101431,2026-07-09,S02,P501,8,210.0,0.0,0,C0356,Cash,21
T101432,2026-07-09,S02,P501,8,210.0,0.0,0,C1162,UPI,17
T101433,2026-07-09,S02,P502,6,137.75,5.0,1,C0807,Cash,16
T101434,2026-07-09,S02,P502,3,130.5,10.0,1,C0592,Card,21
T101435,2026-07-09,S02,P503,4,95.0,0.0,0,C0447,Cash,18
T101436,2026-07-09,S02,P503,10,95.0,0.0,0,C0413,UPI,20
T101437,2026-07-09,S02,P601,7,80.0,0.0,0,C0855,Card,16
T101438,2026-07-09,S02,P601,7,80.0,0.0,0,C0705,UPI,10
T101439,2026-07-09,S02,P601,4,80.0,0.0,0,C0377,UPI,12
T101440,2026-07-09,S03,P101,6,60.0,0.0,0,C0822,Card,9
T101441,2026-07-09,S03,P101,6,60.0,0.0,0,C0623,UPI,17
T101442,2026-07-09,S03,P102,6,45.0,0.0,0,C1191,Card,10
T101443,2026-07-09,S03,P102,5,45.0,0.0,0,C0514,Cash,13
T101444,2026-07-09,S03,P103,6,95.0,0.0,0,C0856,Card,20
T101445,2026-07-09,S03,P104,5,145.0,0.0,0,C0721,UPI,11
T101446,2026-07-09,S03,P104,4,145.0,0.0,0,C0919,Card,12
T101447,2026-07-09,S03,P201,8,120.0,0.0,0,C1176,Card,12
T101448,2026-07-09,S03,P202,8,42.0,0.0,0,C0938,UPI,16
T101449,2026-07-09,S03,P202,5,42.0,0.0,0,C0788,UPI,19
T101450,2026-07-09,S03,P203,5,95.0,0.0,0,C1048,UPI,12
T101451,2026-07-09,S03,P203,7,95.0,0.0,0,C0229,Card,20
T101452,2026-07-09,S03,P204,2,165.0,0.0,0,C0193,UPI,10
T101453,2026-07-09,S03,P301,5,42.5,15.0,1,C0769,Card,12
T101454,2026-07-09,S03,P301,5,45.0,10.0,1,C0522,Card,11
T101455,2026-07-09,S03,P302,6,85.0,0.0,0,C0739,Card,10
T101456,2026-07-09,S03,P302,5,85.0,0.0,0,C0522,Cash,12
T101457,2026-07-09,S03,P303,2,110.0,0.0,1,C0838,Card,10
T101458,2026-07-09,S03,P304,7,25.0,0.0,1,C1003,Cash,13
T101459,2026-07-09,S03,P304,6,25.0,0.0,1,C0396,UPI,13
T101460,2026-07-09,S03,P401,9,35.0,0.0,1,C0907,UPI,11
T101461,2026-07-09,S03,P401,5,35.0,0.0,1,C0882,Card,21
T101462,2026-07-09,S03,P402,11,30.0,0.0,0,C1134,UPI,21
T101463,2026-07-09,S03,P402,7,30.0,0.0,0,C0279,UPI,20
T101464,2026-07-09,S03,P402,6,30.0,0.0,0,C0431,Card,21
T101465,2026-07-09,S03,P403,5,55.0,0.0,0,C0259,UPI,20
T101466,2026-07-09,S03,P403,4,55.0,0.0,0,C0976,Card,17
T101467,2026-07-09,S03,P501,7,210.0,0.0,0,C0132,UPI,17
T101468,2026-07-09,S03,P502,1,145.0,0.0,0,C0550,Card,11
T101469,2026-07-09,S03,P503,7,95.0,0.0,0,C0484,UPI,21
T101470,2026-07-09,S03,P503,6,95.0,0.0,0,C1183,UPI,8
T101471,2026-07-09,S03,P601,4,80.0,0.0,0,C0322,Card,19
T101472,2026-07-09,S04,P101,5,60.0,0.0,0,C0513,UPI,20
T101473,2026-07-09,S04,P101,7,60.0,0.0,0,C0235,Card,12
T101474,2026-07-09,S04,P101,6,60.0,0.0,0,C1032,Card,8
T101475,2026-07-09,S04,P102,6,45.0,0.0,0,C0976,Card,8
T101476,2026-07-09,S04,P102,9,45.0,0.0,0,C0207,Card,16
T101477,2026-07-09,S04,P103,6,95.0,0.0,0,C0688,Cash,19
T101478,2026-07-09,S04,P103,4,95.0,0.0,0,C0992,Cash,11
T101479,2026-07-09,S04,P104,4,145.0,0.0,0,C0442,Card,21
T101480,2026-07-09,S04,P201,3,120.0,0.0,0,C0806,Card,18
T101481,2026-07-09,S04,P202,6,42.0,0.0,1,C0096,UPI,19
T101482,2026-07-09,S04,P202,3,39.9,5.0,1,C0104,Cash,19
T101483,2026-07-09,S04,P203,5,95.0,0.0,1,C0986,UPI,16
T101484,2026-07-09,S04,P204,4,165.0,0.0,0,C0697,Card,16
T101485,2026-07-09,S04,P301,4,50.0,0.0,0,C0771,Card,19
T101486,2026-07-09,S04,P301,5,50.0,0.0,0,C0470,UPI,19
T101487,2026-07-09,S04,P301,8,50.0,0.0,0,C0310,Card,8
T101488,2026-07-09,S04,P302,6,85.0,0.0,0,C0770,UPI,10
T101489,2026-07-09,S04,P303,7,110.0,0.0,0,C0721,UPI,20
T101490,2026-07-09,S04,P303,5,110.0,0.0,0,C0304,UPI,13
T101491,2026-07-09,S04,P304,9,25.0,0.0,1,C0013,UPI,11
T101492,2026-07-09,S04,P304,10,23.75,5.0,1,C0377,UPI,12
T101493,2026-07-09,S04,P304,5,23.75,5.0,1,C0016,UPI,13
T101494,2026-07-09,S04,P401,8,35.0,0.0,0,C0289,UPI,8
T101495,2026-07-09,S04,P401,6,35.0,0.0,0,C0548,Card,12
T101496,2026-07-09,S04,P401,5,35.0,0.0,0,C0858,Card,11
T101497,2026-07-09,S04,P402,9,30.0,0.0,0,C0016,UPI,16
T101498,2026-07-09,S04,P402,10,30.0,0.0,0,C0956,Cash,8
T101499,2026-07-09,S04,P402,11,30.0,0.0,0,C1089,UPI,16
T101500,2026-07-09,S04,P402,6,30.0,0.0,0,C1199,Card,19
T101501,2026-07-09,S04,P403,3,55.0,0.0,1,C0868,Card,12
T101502,2026-07-09,S04,P403,6,55.0,0.0,1,C0006,Card,12
T101503,2026-07-09,S04,P501,3,210.0,0.0,0,C0614,Card,9
T101504,2026-07-09,S04,P501,6,210.0,0.0,0,C1101,UPI,21
T101505,2026-07-09,S04,P502,6,145.0,0.0,0,C0559,Cash,21
T101506,2026-07-09,S04,P503,5,95.0,0.0,0,C0556,UPI,21
T101507,2026-07-09,S04,P601,9,80.0,0.0,0,C0075,UPI,10
T101508,2026-07-09,S04,P601,5,80.0,0.0,0,C0590,Card,18
T101509,2026-07-09,S04,P601,6,80.0,0.0,0,C0304,Card,16
T101510,2026-07-10,S01,P101,7,60.0,0.0,0,C0188,UPI,9
T101511,2026-07-10,S01,P101,5,60.0,0.0,0,C0474,UPI,13
T101512,2026-07-10,S01,P101,8,60.0,0.0,0,C0531,UPI,17
T101513,2026-07-10,S01,P102,7,45.0,0.0,0,C0426,UPI,8
T101514,2026-07-10,S01,P102,6,45.0,0.0,0,C0314,Card,9
T101515,2026-07-10,S01,P102,5,45.0,0.0,0,C1009,Card,17
T101516,2026-07-10,S01,P103,8,95.0,0.0,0,C0146,UPI,21
T101517,2026-07-10,S01,P104,4,145.0,0.0,0,C0027,UPI,9
T101518,2026-07-10,S01,P201,6,120.0,0.0,0,C0661,UPI,19
T101519,2026-07-10,S01,P202,7,42.0,0.0,0,C1085,UPI,13
T101520,2026-07-10,S01,P202,6,42.0,0.0,0,C0564,UPI,11
T101521,2026-07-10,S01,P202,4,42.0,0.0,0,C0008,Card,19
T101522,2026-07-10,S01,P203,6,95.0,0.0,0,C0163,Card,10
T101523,2026-07-10,S01,P203,4,95.0,0.0,0,C0379,Cash,13
T101524,2026-07-10,S01,P204,6,165.0,0.0,0,C0684,Card,9
T101525,2026-07-10,S01,P204,4,165.0,0.0,0,C1173,UPI,9
T101526,2026-07-10,S01,P301,9,50.0,0.0,0,C0117,Cash,19
T101527,2026-07-10,S01,P301,5,50.0,0.0,0,C0764,Cash,12
T101528,2026-07-10,S01,P301,6,50.0,0.0,0,C1045,UPI,10
T101529,2026-07-10,S01,P302,3,85.0,0.0,0,C0044,UPI,19
T101530,2026-07-10,S01,P302,7,85.0,0.0,0,C0605,Card,21
T101531,2026-07-10,S01,P303,8,110.0,0.0,0,C0910,Card,8
T101532,2026-07-10,S01,P304,6,25.0,0.0,0,C0241,UPI,10
T101533,2026-07-10,S01,P304,8,25.0,0.0,0,C0725,UPI,9
T101534,2026-07-10,S01,P304,9,25.0,0.0,0,C0747,UPI,11
T101535,2026-07-10,S01,P304,4,25.0,0.0,0,C0628,Card,8
T101536,2026-07-10,S01,P401,5,35.0,0.0,0,C0010,UPI,8
T101537,2026-07-10,S01,P401,6,35.0,0.0,0,C0649,Card,13
T101538,2026-07-10,S01,P401,12,35.0,0.0,0,C0698,UPI,17
T101539,2026-07-10,S01,P402,5,30.0,0.0,0,C0300,Card,20
T101540,2026-07-10,S01,P402,6,30.0,0.0,0,C0773,UPI,9
T101541,2026-07-10,S01,P402,5,30.0,0.0,0,C1000,UPI,21
T101542,2026-07-10,S01,P402,9,30.0,0.0,0,C1168,UPI,13
T101543,2026-07-10,S01,P403,8,52.25,5.0,1,C0215,Card,9
T101544,2026-07-10,S01,P403,6,55.0,0.0,1,C1196,Card,17
T101545,2026-07-10,S01,P403,5,49.5,10.0,1,C0832,Card,19
T101546,2026-07-10,S01,P501,8,210.0,0.0,0,C0634,Card,10
T101547,2026-07-10,S01,P502,6,145.0,0.0,0,C0916,UPI,13
T101548,2026-07-10,S01,P502,4,145.0,0.0,0,C0625,UPI,17
T101549,2026-07-10,S01,P503,5,95.0,0.0,0,C1127,UPI,17
T101550,2026-07-10,S01,P503,6,95.0,0.0,0,C0868,UPI,21
T101551,2026-07-10,S01,P601,5,80.0,0.0,0,C0968,Card,20
T101552,2026-07-10,S01,P601,9,80.0,0.0,0,C1017,UPI,8
T101553,2026-07-10,S02,P101,11,60.0,0.0,0,C0063,UPI,18
T101554,2026-07-10,S02,P101,6,60.0,0.0,0,C0222,Cash,18
T101555,2026-07-10,S02,P101,7,60.0,0.0,0,C0196,UPI,18
T101556,2026-07-10,S02,P101,8,60.0,0.0,0,C1015,UPI,10
T101557,2026-07-10,S02,P102,5,45.0,0.0,0,C0165,Card,19
T101558,2026-07-10,S02,P102,10,45.0,0.0,0,C0090,UPI,10
T101559,2026-07-10,S02,P102,9,45.0,0.0,0,C1103,Card,11
T101560,2026-07-10,S02,P103,6,95.0,0.0,0,C1196,UPI,11
T101561,2026-07-10,S02,P103,7,95.0,0.0,0,C0898,UPI,8
T101562,2026-07-10,S02,P104,3,145.0,0.0,0,C0400,UPI,8
T101563,2026-07-10,S02,P201,7,120.0,0.0,0,C0149,UPI,13
T101564,2026-07-10,S02,P201,6,120.0,0.0,0,C0877,UPI,17
T101565,2026-07-10,S02,P202,9,42.0,0.0,0,C0382,Card,19
T101566,2026-07-10,S02,P202,8,42.0,0.0,0,C0397,UPI,12
T101567,2026-07-10,S02,P202,7,42.0,0.0,0,C0954,Card,21
T101568,2026-07-10,S02,P203,3,95.0,0.0,0,C0732,UPI,18
T101569,2026-07-10,S02,P203,7,95.0,0.0,0,C0344,Card,8
T101570,2026-07-10,S02,P204,8,165.0,0.0,0,C0334,Cash,21
T101571,2026-07-10,S02,P301,11,50.0,0.0,0,C0077,Card,18
T101572,2026-07-10,S02,P301,7,50.0,0.0,0,C0245,Cash,10
T101573,2026-07-10,S02,P301,7,50.0,0.0,0,C0762,Cash,10
T101574,2026-07-10,S02,P301,8,50.0,0.0,0,C0830,UPI,11
T101575,2026-07-10,S02,P302,9,85.0,0.0,0,C0698,Cash,18
T101576,2026-07-10,S02,P302,5,85.0,0.0,0,C0764,UPI,8
T101577,2026-07-10,S02,P302,10,85.0,0.0,0,C0205,Cash,9
T101578,2026-07-10,S02,P303,4,110.0,0.0,0,C0354,Cash,21
T101579,2026-07-10,S02,P303,7,110.0,0.0,0,C0927,UPI,18
T101580,2026-07-10,S02,P304,17,25.0,0.0,0,C0557,UPI,18
T101581,2026-07-10,S02,P304,16,25.0,0.0,0,C1140,UPI,8
T101582,2026-07-10,S02,P304,7,25.0,0.0,0,C1077,UPI,17
T101583,2026-07-10,S02,P304,15,25.0,0.0,0,C0386,Card,9
T101584,2026-07-10,S02,P401,11,35.0,0.0,0,C0724,UPI,17
T101585,2026-07-10,S02,P401,10,35.0,0.0,0,C0297,UPI,16
T101586,2026-07-10,S02,P401,9,35.0,0.0,0,C0923,UPI,8
T101587,2026-07-10,S02,P401,7,35.0,0.0,0,C0792,UPI,9
T101588,2026-07-10,S02,P402,14,30.0,0.0,0,C0626,UPI,12
T101589,2026-07-10,S02,P402,16,30.0,0.0,0,C0015,UPI,9
T101590,2026-07-10,S02,P402,9,30.0,0.0,0,C0035,UPI,11
T101591,2026-07-10,S02,P402,9,30.0,0.0,0,C0799,Card,13
T101592,2026-07-10,S02,P403,8,46.75,15.0,1,C0675,UPI,13
T101593,2026-07-10,S02,P403,7,55.0,0.0,1,C0121,Card,16
T101594,2026-07-10,S02,P403,9,49.5,10.0,1,C0785,Cash,13
T101595,2026-07-10,S02,P501,6,210.0,0.0,0,C0864,UPI,16
T101596,2026-07-10,S02,P501,6,210.0,0.0,0,C0635,Cash,20
T101597,2026-07-10,S02,P501,11,210.0,0.0,0,C0614,Card,18
T101598,2026-07-10,S02,P502,3,145.0,0.0,0,C0568,UPI,13
T101599,2026-07-10,S02,P502,7,145.0,0.0,0,C1134,UPI,12
T101600,2026-07-10,S02,P503,9,95.0,0.0,0,C0753,Cash,18
T101601,2026-07-10,S02,P503,8,95.0,0.0,0,C0794,UPI,8
T101602,2026-07-10,S02,P503,6,95.0,0.0,0,C0581,UPI,20
T101603,2026-07-10,S02,P601,8,80.0,0.0,0,C0555,Card,17
T101604,2026-07-10,S02,P601,7,80.0,0.0,0,C0893,UPI,17
T101605,2026-07-10,S03,P101,7,60.0,0.0,0,C1188,UPI,17
T101606,2026-07-10,S03,P101,8,60.0,0.0,0,C0930,Cash,13
T101607,2026-07-10,S03,P102,7,45.0,0.0,0,C0719,UPI,20
T101608,2026-07-10,S03,P102,6,45.0,0.0,0,C0269,Card,13
T101609,2026-07-10,S03,P103,5,95.0,0.0,0,C0740,Card,16
T101610,2026-07-10,S03,P104,2,145.0,0.0,0,C0975,Card,21
T101611,2026-07-10,S03,P201,1,120.0,0.0,0,C0274,UPI,8
T101612,2026-07-10,S03,P202,7,42.0,0.0,1,C0878,Cash,20
T101613,2026-07-10,S03,P202,8,42.0,0.0,1,C0561,UPI,8
T101614,2026-07-10,S03,P203,8,95.0,0.0,0,C0941,UPI,8
T101615,2026-07-10,S03,P204,2,165.0,0.0,0,C0768,Card,9
T101616,2026-07-10,S03,P301,5,45.0,10.0,1,C0363,UPI,17
T101617,2026-07-10,S03,P301,8,50.0,0.0,1,C0489,Card,17
T101618,2026-07-10,S03,P301,4,42.5,15.0,1,C0041,UPI,17
T101619,2026-07-10,S03,P302,7,80.75,5.0,1,C0690,Card,21
T101620,2026-07-10,S03,P303,4,110.0,0.0,0,C0028,UPI,17
T101621,2026-07-10,S03,P304,7,25.0,0.0,1,C0379,UPI,13
T101622,2026-07-10,S03,P304,7,25.0,0.0,1,C1032,UPI,9
T101623,2026-07-10,S03,P304,6,25.0,0.0,1,C0198,UPI,18
T101624,2026-07-10,S03,P304,5,22.5,10.0,1,C0587,Card,9
T101625,2026-07-10,S03,P401,6,35.0,0.0,0,C0374,Card,16
T101626,2026-07-10,S03,P401,7,35.0,0.0,0,C0047,Cash,10
T101627,2026-07-10,S03,P401,7,35.0,0.0,0,C1170,UPI,18
T101628,2026-07-10,S03,P402,8,30.0,0.0,0,C0181,Cash,11
T101629,2026-07-10,S03,P402,9,30.0,0.0,0,C0627,Card,16
T101630,2026-07-10,S03,P402,7,30.0,0.0,0,C1123,UPI,20
T101631,2026-07-10,S03,P403,8,55.0,0.0,0,C0561,UPI,12
T101632,2026-07-10,S03,P403,6,55.0,0.0,0,C0222,Cash,17
T101633,2026-07-10,S03,P501,8,210.0,0.0,0,C0233,Card,9
T101634,2026-07-10,S03,P502,7,145.0,0.0,0,C0632,Card,9
T101635,2026-07-10,S03,P503,5,95.0,0.0,0,C0245,Card,8
T101636,2026-07-10,S03,P503,4,95.0,0.0,0,C0386,UPI,9
T101637,2026-07-10,S03,P601,7,80.0,0.0,0,C0839,Card,8
T101638,2026-07-10,S04,P101,10,60.0,0.0,0,C0105,UPI,12
T101639,2026-07-10,S04,P101,5,60.0,0.0,0,C0851,Cash,21
T101640,2026-07-10,S04,P101,4,60.0,0.0,0,C1052,UPI,20
T101641,2026-07-10,S04,P101,9,60.0,0.0,0,C0502,UPI,11
T101642,2026-07-10,S04,P102,8,45.0,0.0,0,C0217,Card,8
T101643,2026-07-10,S04,P102,4,45.0,0.0,0,C1047,Cash,13
T101644,2026-07-10,S04,P103,8,95.0,0.0,0,C0271,Cash,13
T101645,2026-07-10,S04,P104,5,145.0,0.0,0,C0492,Cash,19
T101646,2026-07-10,S04,P201,5,120.0,0.0,0,C1047,UPI,8
T101647,2026-07-10,S04,P202,8,42.0,0.0,0,C0359,UPI,21
T101648,2026-07-10,S04,P202,5,42.0,0.0,0,C0756,Cash,8
T101649,2026-07-10,S04,P203,7,95.0,0.0,0,C0314,Card,13
T101650,2026-07-10,S04,P204,6,165.0,0.0,0,C0837,Card,21
T101651,2026-07-10,S04,P204,3,165.0,0.0,0,C0422,Card,19
T101652,2026-07-10,S04,P301,7,50.0,0.0,0,C0462,UPI,18
T101653,2026-07-10,S04,P301,11,50.0,0.0,0,C1116,Cash,12
T101654,2026-07-10,S04,P301,6,50.0,0.0,0,C0681,UPI,13
T101655,2026-07-10,S04,P302,4,85.0,0.0,1,C0396,UPI,10
T101656,2026-07-10,S04,P302,8,76.5,10.0,1,C0880,UPI,19
T101657,2026-07-10,S04,P303,3,110.0,0.0,0,C0005,UPI,21
T101658,2026-07-10,S04,P304,8,25.0,0.0,0,C0169,UPI,10
T101659,2026-07-10,S04,P304,5,25.0,0.0,0,C0224,UPI,17
T101660,2026-07-10,S04,P304,8,25.0,0.0,0,C0504,UPI,18
T101661,2026-07-10,S04,P304,4,25.0,0.0,0,C0930,UPI,8
T101662,2026-07-10,S04,P401,6,35.0,0.0,0,C0175,Card,18
T101663,2026-07-10,S04,P401,12,35.0,0.0,0,C0244,UPI,8
T101664,2026-07-10,S04,P401,5,35.0,0.0,0,C1060,Card,11
T101665,2026-07-10,S04,P402,7,30.0,0.0,0,C0550,UPI,16
T101666,2026-07-10,S04,P402,8,30.0,0.0,0,C1062,UPI,12
T101667,2026-07-10,S04,P402,6,30.0,0.0,0,C1067,Card,20
T101668,2026-07-10,S04,P403,8,55.0,0.0,0,C1186,Card,20
T101669,2026-07-10,S04,P403,4,55.0,0.0,0,C0423,UPI,17
T101670,2026-07-10,S04,P501,3,210.0,0.0,0,C0087,UPI,21
T101671,2026-07-10,S04,P501,6,210.0,0.0,0,C0994,UPI,16
T101672,2026-07-10,S04,P502,4,145.0,0.0,0,C1191,Card,17
T101673,2026-07-10,S04,P503,4,95.0,0.0,0,C0974,Card,10
T101674,2026-07-10,S04,P503,8,95.0,0.0,0,C0185,UPI,17
T101675,2026-07-10,S04,P503,5,95.0,0.0,0,C1105,UPI,10
T101676,2026-07-10,S04,P601,8,80.0,0.0,0,C0069,UPI,16
T101677,2026-07-10,S04,P601,8,80.0,0.0,0,C0904,Cash,19
T101678,2026-07-10,S04,P601,5,80.0,0.0,0,C0013,UPI,19
T101679,2026-07-11,S01,P101,5,60.0,0.0,0,C1174,UPI,9
T101680,2026-07-11,S01,P101,4,60.0,0.0,0,C0836,UPI,8
T101681,2026-07-11,S01,P101,10,60.0,0.0,0,C0367,Card,18
T101682,2026-07-11,S01,P102,7,45.0,0.0,0,C1023,UPI,17
T101683,2026-07-11,S01,P102,5,45.0,0.0,0,C0847,Card,18
T101684,2026-07-11,S01,P102,5,45.0,0.0,0,C0009,Card,8
T101685,2026-07-11,S01,P103,6,95.0,0.0,0,C0914,UPI,13
T101686,2026-07-11,S01,P103,4,95.0,0.0,0,C1045,UPI,13
T101687,2026-07-11,S01,P104,4,145.0,0.0,1,C0915,Card,11
T101688,2026-07-11,S01,P104,5,137.75,5.0,1,C0027,Card,16
T101689,2026-07-11,S01,P201,3,108.0,10.0,1,C0429,Cash,13
T101690,2026-07-11,S01,P202,6,42.0,0.0,0,C0474,Card,9
T101691,2026-07-11,S01,P202,6,42.0,0.0,0,C0484,Cash,17
T101692,2026-07-11,S01,P202,9,42.0,0.0,0,C0046,Cash,20
T101693,2026-07-11,S01,P203,7,95.0,0.0,0,C0898,Card,17
T101694,2026-07-11,S01,P204,4,165.0,0.0,0,C0580,Card,13
T101695,2026-07-11,S01,P301,7,50.0,0.0,0,C0286,Card,21
T101696,2026-07-11,S01,P301,4,50.0,0.0,0,C0840,UPI,11
T101697,2026-07-11,S01,P301,8,50.0,0.0,0,C0705,Cash,9
T101698,2026-07-11,S01,P302,6,85.0,0.0,0,C0943,Card,16
T101699,2026-07-11,S01,P302,4,85.0,0.0,0,C0037,UPI,20
T101700,2026-07-11,S01,P303,4,110.0,0.0,0,C1198,Card,9
T101701,2026-07-11,S01,P303,7,,0.0,0,C1040,UPI,12
T101702,2026-07-11,S01,P304,14,25.0,0.0,0,C1071,UPI,18
T101703,2026-07-11,S01,P304,10,25.0,0.0,0,C0144,Card,8
T101704,2026-07-11,S01,P304,9,25.0,0.0,0,C0553,UPI,13
T101705,2026-07-11,S01,P304,13,25.0,0.0,0,C0837,UPI,18
T101706,2026-07-11,S01,P401,6,35.0,0.0,0,C0820,Card,11
T101707,2026-07-11,S01,P401,5,35.0,0.0,0,C1006,UPI,19
T101708,2026-07-11,S01,P401,5,35.0,0.0,0,C0718,UPI,12
T101709,2026-07-11,S01,P401,10,35.0,0.0,0,C0118,Card,20
T101710,2026-07-11,S01,P402,8,30.0,0.0,1,C0775,UPI,20
T101711,2026-07-11,S01,P402,14,28.5,5.0,1,C0647,Card,17
T101712,2026-07-11,S01,P402,7,30.0,0.0,1,C0753,UPI,17
T101713,2026-07-11,S01,P402,15,30.0,0.0,1,C0625,Card,17
T101714,2026-07-11,S01,P403,8,55.0,0.0,0,C0757,UPI,12
T101715,2026-07-11,S01,P403,5,55.0,0.0,0,C0878,UPI,21
T101716,2026-07-11,S01,P501,8,210.0,0.0,0,C0366,Card,12
T101717,2026-07-11,S01,P501,3,210.0,0.0,0,C0976,UPI,8
T101718,2026-07-11,S01,P502,7,145.0,0.0,0,C0846,UPI,9
T101719,2026-07-11,S01,P503,7,95.0,0.0,1,C0583,UPI,8
T101720,2026-07-11,S01,P503,7,85.5,10.0,1,C0857,Cash,20
T101721,2026-07-11,S01,P503,4,95.0,0.0,1,C0564,UPI,17
T101722,2026-07-11,S01,P601,6,80.0,0.0,0,C0300,Card,10
T101723,2026-07-11,S01,P601,7,80.0,0.0,0,C1173,UPI,18
T101724,2026-07-11,S02,P101,11,60.0,0.0,0,C0913,Card,8
T101725,2026-07-11,S02,P101,7,60.0,0.0,0,C0565,UPI,10
T101726,2026-07-11,S02,P101,8,60.0,0.0,0,C0949,Cash,12
T101727,2026-07-11,S02,P101,13,60.0,0.0,0,C1105,Card,8
T101728,2026-07-11,S02,P102,6,45.0,0.0,0,C0805,UPI,13
T101729,2026-07-11,S02,P102,8,45.0,0.0,0,C0143,Card,13
T101730,2026-07-11,S02,P102,4,45.0,0.0,0,C0426,UPI,21
T101731,2026-07-11,S02,P102,7,45.0,0.0,0,C0064,UPI,9
T101732,2026-07-11,S02,P103,7,95.0,0.0,0,C0084,Cash,18
T101733,2026-07-11,S02,P103,5,95.0,0.0,0,C0918,Card,19
T101734,2026-07-11,S02,P104,6,145.0,0.0,0,C0406,UPI,12
T101735,2026-07-11,S02,P201,8,120.0,0.0,0,C0835,Card,13
T101736,2026-07-11,S02,P202,11,42.0,0.0,0,C0715,Card,13
T101737,2026-07-11,S02,P202,6,42.0,0.0,0,C0968,Card,12
T101738,2026-07-11,S02,P202,10,42.0,0.0,0,C0307,Cash,11
T101739,2026-07-11,S02,P202,7,42.0,0.0,0,C0649,Card,19
T101740,2026-07-11,S02,P203,5,95.0,0.0,0,C0399,UPI,12
T101741,2026-07-11,S02,P203,6,95.0,0.0,0,C0436,UPI,18
T101742,2026-07-11,S02,P203,9,95.0,0.0,0,C1153,Card,17
T101743,2026-07-11,S02,P204,4,165.0,0.0,0,C0773,Card,20
T101744,2026-07-11,S02,P204,5,165.0,0.0,0,C0079,Card,11
T101745,2026-07-11,S02,P301,9,50.0,0.0,0,C0476,Card,19
T101746,2026-07-11,S02,P301,6,50.0,0.0,0,C0429,Card,9
T101747,2026-07-11,S02,P301,11,50.0,0.0,0,C0058,Card,9
T101748,2026-07-11,S02,P301,7,50.0,0.0,0,C1159,UPI,8
T101749,2026-07-11,S02,P302,6,85.0,0.0,0,C0910,Cash,13
T101750,2026-07-11,S02,P302,5,85.0,0.0,0,C0948,UPI,10
T101751,2026-07-11,S02,P302,6,85.0,0.0,0,C0172,Card,11
T101752,2026-07-11,S02,P303,4,110.0,0.0,0,C0670,Card,9
T101753,2026-07-11,S02,P303,5,110.0,0.0,0,C0944,Card,17
T101754,2026-07-11,S02,P304,16,25.0,0.0,0,C0079,Card,10
T101755,2026-07-11,S02,P304,13,25.0,0.0,0,C0260,Card,11
T101756,2026-07-11,S02,P304,8,25.0,0.0,0,C0855,UPI,21
T101757,2026-07-11,S02,P304,10,25.0,0.0,0,C0957,UPI,12
T101758,2026-07-11,S02,P401,15,31.5,10.0,1,C0522,UPI,21
T101759,2026-07-11,S02,P401,11,35.0,0.0,1,C0670,Card,9
T101760,2026-07-11,S02,P401,6,35.0,0.0,1,C0177,UPI,11
T101761,2026-07-11,S02,P401,13,31.5,10.0,1,C0230,UPI,8
T101762,2026-07-11,S02,P402,18,30.0,0.0,0,C0853,Card,9
T101763,2026-07-11,S02,P402,15,30.0,0.0,0,C0416,UPI,11
T101764,2026-07-11,S02,P402,8,30.0,0.0,0,C0599,UPI,18
T101765,2026-07-11,S02,P402,11,30.0,0.0,0,C0011,UPI,8
T101766,2026-07-11,S02,P403,5,55.0,0.0,0,C0331,Cash,21
T101767,2026-07-11,S02,P403,11,55.0,0.0,0,C0970,UPI,12
T101768,2026-07-11,S02,P403,5,55.0,0.0,0,C0194,UPI,9
T101769,2026-07-11,S02,P501,11,210.0,0.0,0,C0695,Card,19
T101770,2026-07-11,S02,P501,5,210.0,0.0,0,C0849,Cash,13
T101771,2026-07-11,S02,P502,7,145.0,0.0,0,C0308,UPI,20
T101772,2026-07-11,S02,P502,8,145.0,0.0,0,C1022,Card,19
T101773,2026-07-11,S02,P503,5,95.0,0.0,0,C0799,UPI,11
T101774,2026-07-11,S02,P503,8,95.0,0.0,0,C0838,Card,12
T101775,2026-07-11,S02,P503,5,95.0,0.0,0,C0008,Card,20
T101776,2026-07-11,S02,P601,10,80.0,0.0,0,C1107,Cash,12
T101777,2026-07-11,S02,P601,7,80.0,0.0,0,C0490,Card,18
T101778,2026-07-11,S02,P601,5,80.0,0.0,0,C0335,UPI,20
T101779,2026-07-11,S02,P601,8,80.0,0.0,0,C0579,Card,16
T101780,2026-07-11,S03,P101,7,60.0,0.0,0,C0847,UPI,18
T101781,2026-07-11,S03,P101,4,60.0,0.0,0,C0500,UPI,12
T101782,2026-07-11,S03,P102,6,45.0,0.0,0,C1154,Card,12
T101783,2026-07-11,S03,P103,4,95.0,0.0,0,C0684,UPI,19
T101784,2026-07-11,S03,P104,3,123.25,15.0,1,C0564,UPI,19
T101785,2026-07-11,S03,P201,6,120.0,0.0,0,C0676,UPI,8
T101786,2026-07-11,S03,P202,5,42.0,0.0,0,C0125,Card,21
T101787,2026-07-11,S03,P202,8,42.0,0.0,0,C0527,UPI,12
T101788,2026-07-11,S03,P203,6,95.0,0.0,1,C0290,UPI,11
T101789,2026-07-11,S03,P204,4,165.0,0.0,0,C1060,UPI,18
T101790,2026-07-11,S03,P301,8,50.0,0.0,0,C0783,UPI,10
T101791,2026-07-11,S03,P301,6,50.0,0.0,0,C1093,Card,17
T101792,2026-07-11,S03,P301,5,50.0,0.0,0,C0912,Cash,11
T101793,2026-07-11,S03,P302,4,85.0,0.0,0,C0300,Cash,18
T101794,2026-07-11,S03,P302,5,85.0,0.0,0,C0825,Card,21
T101795,2026-07-11,S03,P303,5,110.0,0.0,0,C1097,UPI,12
T101796,2026-07-11,S03,P304,8,25.0,0.0,0,C0191,UPI,13
T101797,2026-07-11,S03,P304,5,25.0,0.0,0,C0824,UPI,19
T101798,2026-07-11,S03,P304,7,25.0,0.0,0,C0838,Cash,16
T101799,2026-07-11,S03,P401,7,35.0,0.0,1,C0022,Card,21
T101800,2026-07-11,S03,P401,7,35.0,0.0,1,C0172,UPI,20
T101801,2026-07-11,S03,P401,4,33.25,5.0,1,C0925,UPI,12
T101802,2026-07-11,S03,P401,7,29.75,15.0,1,C1200,Card,11
T101803,2026-07-11,S03,P402,6,30.0,0.0,0,C1136,Card,10
T101804,2026-07-11,S03,P402,8,30.0,0.0,0,C0344,UPI,8
T101805,2026-07-11,S03,P402,9,30.0,0.0,0,C1034,Card,21
T101806,2026-07-11,S03,P403,5,55.0,0.0,0,C0239,UPI,18
T101807,2026-07-11,S03,P403,7,55.0,0.0,0,C0484,Card,18
T101808,2026-07-11,S03,P501,8,210.0,0.0,0,C0904,UPI,12
T101809,2026-07-11,S03,P502,3,145.0,0.0,0,C0949,UPI,13
T101810,2026-07-11,S03,P502,8,145.0,0.0,0,C0674,UPI,9
T101811,2026-07-11,S03,P503,6,95.0,0.0,0,C0602,UPI,19
T101812,2026-07-11,S03,P601,6,80.0,0.0,0,C0797,Card,13
T101813,2026-07-11,S03,P601,3,80.0,0.0,0,C0603,Card,19
T101814,2026-07-11,S04,P101,6,60.0,0.0,1,C0214,UPI,20
T101815,2026-07-11,S04,P101,5,60.0,0.0,1,C0512,UPI,12
T101816,2026-07-11,S04,P101,5,54.0,10.0,1,C0629,UPI,20
T101817,2026-07-11,S04,P101,9,60.0,0.0,1,C0305,Cash,13
T101818,2026-07-11,S04,P102,11,45.0,0.0,0,C1025,UPI,12
T101819,2026-07-11,S04,P102,5,45.0,0.0,0,C0761,UPI,20
T101820,2026-07-11,S04,P103,5,85.5,10.0,1,C0207,UPI,16
T101821,2026-07-11,S04,P103,7,85.5,10.0,1,C1138,UPI,9
T101822,2026-07-11,S04,P104,2,145.0,0.0,0,C0850,UPI,16
T101823,2026-07-11,S04,P201,6,120.0,0.0,0,C0881,UPI,18
T101824,2026-07-11,S04,P202,4,42.0,0.0,0,C1166,UPI,17
T101825,2026-07-11,S04,P202,9,42.0,0.0,0,C0988,Card,17
T101826,2026-07-11,S04,P202,4,42.0,0.0,0,C0599,UPI,12
T101827,2026-07-11,S04,P203,6,95.0,0.0,0,C1102,UPI,10
T101828,2026-07-11,S04,P203,7,95.0,0.0,0,C0803,UPI,13
T101829,2026-07-11,S04,P204,6,165.0,0.0,0,C0778,UPI,19
T101830,2026-07-11,S04,P301,9,50.0,0.0,0,C0780,UPI,10
T101831,2026-07-11,S04,P301,4,50.0,0.0,0,C0677,UPI,13
T101832,2026-07-11,S04,P301,4,50.0,0.0,0,C0091,Card,10
T101833,2026-07-11,S04,P301,10,50.0,0.0,0,C0079,Card,21
T101834,2026-07-11,S04,P302,4,85.0,0.0,0,C0790,Card,11
T101835,2026-07-11,S04,P302,6,85.0,0.0,0,C0038,UPI,10
T101836,2026-07-11,S04,P303,5,110.0,0.0,0,C0394,Card,8
T101837,2026-07-11,S04,P303,6,110.0,0.0,0,C0058,UPI,10
T101838,2026-07-11,S04,P304,10,25.0,0.0,0,C0399,Card,11
T101839,2026-07-11,S04,P304,6,25.0,0.0,0,C1145,Cash,17
T101840,2026-07-11,S04,P304,7,25.0,0.0,0,C0710,UPI,18
T101841,2026-07-11,S04,P304,8,25.0,0.0,0,C0231,Card,12
T101842,2026-07-11,S04,P401,7,35.0,0.0,0,C0078,UPI,17
T101843,2026-07-11,S04,P401,8,35.0,0.0,0,C0263,Card,17
T101844,2026-07-11,S04,P401,9,35.0,0.0,0,C0259,Card,10
T101845,2026-07-11,S04,P402,13,30.0,0.0,0,C0680,UPI,16
T101846,2026-07-11,S04,P402,11,30.0,0.0,0,C0925,UPI,11
T101847,2026-07-11,S04,P402,7,30.0,0.0,0,C0727,UPI,11
T101848,2026-07-11,S04,P402,11,30.0,0.0,0,C0217,Card,8
T101849,2026-07-11,S04,P403,11,55.0,0.0,0,C1011,UPI,20
T101850,2026-07-11,S04,P403,5,55.0,0.0,0,C0209,UPI,16
T101851,2026-07-11,S04,P501,5,210.0,0.0,0,C0842,Card,9
T101852,2026-07-11,S04,P501,10,210.0,0.0,0,C0393,UPI,16
T101853,2026-07-11,S04,P502,6,145.0,0.0,0,C0544,UPI,18
T101854,2026-07-11,S04,P503,9,95.0,0.0,0,C0116,UPI,19
T101855,2026-07-11,S04,P503,5,95.0,0.0,0,C0847,Card,18
T101856,2026-07-11,S04,P601,4,80.0,0.0,0,C0220,UPI,11
T101857,2026-07-11,S04,P601,5,80.0,0.0,0,C1156,UPI,17
T101858,2026-07-11,S04,P601,9,80.0,0.0,0,C0222,Card,11
T101859,2026-07-12,S01,P101,8,60.0,0.0,0,C1162,UPI,20
T101860,2026-07-12,S01,P101,12,60.0,0.0,0,C0161,UPI,10
T101861,2026-07-12,S01,P101,7,60.0,0.0,0,C0897,Cash,12
T101862,2026-07-12,S01,P101,8,60.0,0.0,0,C0655,UPI,11
T101863,2026-07-12,S01,P102,5,45.0,0.0,0,C1026,Cash,20
T101864,2026-07-12,S01,P102,7,45.0,0.0,0,C1011,UPI,16
T101865,2026-07-12,S01,P103,5,95.0,0.0,0,C1058,UPI,13
T101866,2026-07-12,S01,P103,9,95.0,0.0,0,C0758,UPI,10
T101867,2026-07-12,S01,P104,5,145.0,0.0,0,C0434,Card,21
T101868,2026-07-12,S01,P201,4,120.0,0.0,1,C0105,UPI,12
T101869,2026-07-12,S01,P201,5,108.0,10.0,1,C0518,Card,13
T101870,2026-07-12,S01,P202,6,42.0,0.0,0,C0209,UPI,16
T101871,2026-07-12,S01,P202,8,42.0,0.0,0,C0926,UPI,16
T101872,2026-07-12,S01,P203,6,95.0,0.0,0,C0679,Card,16
T101873,2026-07-12,S01,P203,8,95.0,0.0,0,C1076,UPI,10
T101874,2026-07-12,S01,P204,8,165.0,0.0,0,C0949,UPI,13
T101875,2026-07-12,S01,P301,6,50.0,0.0,0,C0799,UPI,13
T101876,2026-07-12,S01,P301,7,50.0,0.0,0,C0416,Card,13
T101877,2026-07-12,S01,P301,8,50.0,0.0,0,C0867,UPI,18
T101878,2026-07-12,S01,P302,6,85.0,0.0,0,C0040,Card,16
T101879,2026-07-12,S01,P302,5,85.0,0.0,0,C0420,Card,18
T101880,2026-07-12,S01,P303,7,110.0,0.0,0,C0843,Card,17
T101881,2026-07-12,S01,P304,12,22.5,10.0,1,C0032,Card,8
T101882,2026-07-12,S01,P304,9,22.5,10.0,1,C0074,UPI,17
T101883,2026-07-12,S01,P304,8,25.0,0.0,1,C0114,Card,21
T101884,2026-07-12,S01,P304,10,25.0,0.0,1,C0605,Cash,9
T101885,2026-07-12,S01,P401,9,35.0,0.0,0,C0828,Card,12
T101886,2026-07-12,S01,P401,7,35.0,0.0,0,C0794,UPI,21
T101887,2026-07-12,S01,P401,6,35.0,0.0,0,C0819,UPI,8
T101888,2026-07-12,S01,P401,5,35.0,0.0,0,C0205,UPI,8
T101889,2026-07-12,S01,P402,9,30.0,0.0,1,C0866,UPI,8
T101890,2026-07-12,S01,P402,8,27.0,10.0,1,C0350,UPI,18
T101891,2026-07-12,S01,P402,18,30.0,0.0,1,C0172,Card,19
T101892,2026-07-12,S01,P402,9,30.0,0.0,1,C0549,Card,21
T101893,2026-07-12,S01,P403,6,55.0,0.0,0,C1172,UPI,10
T101894,2026-07-12,S01,P403,9,55.0,0.0,0,C0113,Cash,12
T101895,2026-07-12,S01,P403,6,55.0,0.0,0,C0862,Card,16
T101896,2026-07-12,S01,P403,5,55.0,0.0,0,C0466,UPI,21
T101897,2026-07-12,S01,P501,8,210.0,0.0,0,C0782,Card,21
T101898,2026-07-12,S01,P502,8,145.0,0.0,0,C0959,UPI,11
T101899,2026-07-12,S01,P503,5,95.0,0.0,0,C0181,Card,16
T101900,2026-07-12,S01,P503,9,95.0,0.0,0,C0021,Card,9
T101901,2026-07-12,S01,P601,9,80.0,0.0,0,C0934,Cash,8
T101902,2026-07-12,S01,P601,9,80.0,0.0,0,C0533,UPI,8
T101903,2026-07-12,S01,P601,5,80.0,0.0,0,C0999,UPI,9
T101904,2026-07-12,S02,P101,11,60.0,0.0,1,C0713,Card,16
T101905,2026-07-12,S02,P101,11,54.0,10.0,1,C1090,Card,13
T101906,2026-07-12,S02,P101,9,60.0,0.0,1,C1075,Card,20
T101907,2026-07-12,S02,P101,6,60.0,0.0,1,C1169,Card,10
T101908,2026-07-12,S02,P102,11,45.0,0.0,0,C0494,UPI,19
T101909,2026-07-12,S02,P102,5,45.0,0.0,0,C0884,Card,19
T101910,2026-07-12,S02,P102,14,45.0,0.0,0,C1047,UPI,21
T101911,2026-07-12,S02,P102,7,45.0,0.0,0,C1024,Card,18
T101912,2026-07-12,S02,P103,8,95.0,0.0,0,C0657,Card,8
T101913,2026-07-12,S02,P103,6,95.0,0.0,0,C0071,Card,10
T101914,2026-07-12,S02,P104,6,145.0,0.0,0,C0372,Cash,10
T101915,2026-07-12,S02,P104,5,145.0,0.0,0,C0302,UPI,16
T101916,2026-07-12,S02,P201,7,120.0,0.0,0,C0213,Card,17
T101917,2026-07-12,S02,P202,7,42.0,0.0,0,C0183,Card,16
T101918,2026-07-12,S02,P202,6,42.0,0.0,0,C0455,UPI,19
T101919,2026-07-12,S02,P202,8,42.0,0.0,0,C0727,UPI,13
T101920,2026-07-12,S02,P203,8,95.0,0.0,0,C0046,UPI,8
T101921,2026-07-12,S02,P203,7,95.0,0.0,0,C1000,UPI,18
T101922,2026-07-12,S02,P204,7,165.0,0.0,0,C1094,UPI,21
T101923,2026-07-12,S02,P204,6,165.0,0.0,0,C0257,UPI,18
T101924,2026-07-12,S02,P301,8,50.0,0.0,0,C0610,Card,11
T101925,2026-07-12,S02,P301,14,50.0,0.0,0,C0570,Card,10
T101926,2026-07-12,S02,P301,14,50.0,0.0,0,C0443,Card,21
T101927,2026-07-12,S02,P301,9,50.0,0.0,0,C0482,Cash,8
T101928,2026-07-12,S02,P302,5,85.0,0.0,0,C0521,UPI,20
T101929,2026-07-12,S02,P302,11,85.0,0.0,0,C0340,UPI,8
T101930,2026-07-12,S02,P303,4,110.0,0.0,0,C0823,Card,18
T101931,2026-07-12,S02,P303,7,110.0,0.0,0,C0131,UPI,12
T101932,2026-07-12,S02,P304,15,25.0,0.0,0,C0781,UPI,12
T101933,2026-07-12,S02,P304,12,25.0,0.0,0,C0588,Card,10
T101934,2026-07-12,S02,P304,11,25.0,0.0,0,C1182,UPI,17
T101935,2026-07-12,S02,P304,16,25.0,0.0,0,C0075,UPI,12
T101936,2026-07-12,S02,P401,11,35.0,0.0,0,C1049,UPI,16
T101937,2026-07-12,S02,P401,6,35.0,0.0,0,C0511,UPI,19
T101938,2026-07-12,S02,P401,6,35.0,0.0,0,C0311,UPI,17
T101939,2026-07-12,S02,P401,13,35.0,0.0,0,C0217,Card,10
T101940,2026-07-12,S02,P402,8,27.0,10.0,1,C0982,UPI,19
T101941,2026-07-12,S02,P402,9,30.0,0.0,1,C0103,UPI,11
T101942,2026-07-12,S02,P402,8,30.0,0.0,1,C0470,Cash,17
T101943,2026-07-12,S02,P402,17,30.0,0.0,1,C0515,Card,10
T101944,2026-07-12,S02,P403,13,55.0,0.0,0,C0325,Card,20
T101945,2026-07-12,S02,P403,7,55.0,0.0,0,C0187,Card,11
T101946,2026-07-12,S02,P403,9,55.0,0.0,0,C0216,UPI,21
T101947,2026-07-12,S02,P403,10,55.0,0.0,0,C0561,UPI,19
T101948,2026-07-12,S02,P501,5,210.0,0.0,0,C0962,UPI,21
T101949,2026-07-12,S02,P501,10,210.0,0.0,0,C1108,UPI,12
T101950,2026-07-12,S02,P502,5,145.0,0.0,0,C0573,Card,17
T101951,2026-07-12,S02,P502,4,145.0,0.0,0,C0969,Card,13
T101952,2026-07-12,S02,P503,9,95.0,0.0,0,C0775,UPI,13
T101953,2026-07-12,S02,P503,4,95.0,0.0,0,C1054,UPI,17
T101954,2026-07-12,S02,P601,9,80.0,0.0,0,C0168,Cash,19
T101955,2026-07-12,S02,P601,7,80.0,0.0,0,C0607,Cash,9
T101956,2026-07-12,S02,P601,10,80.0,0.0,0,C1178,Card,13
T101957,2026-07-12,S02,P601,4,80.0,0.0,0,C1025,Card,18
T101958,2026-07-12,S03,P101,5,60.0,0.0,1,C1040,Cash,9
T101959,2026-07-12,S03,P101,12,60.0,0.0,1,C0508,UPI,10
T101960,2026-07-12,S03,P101,6,60.0,0.0,1,C0626,Card,13
T101961,2026-07-12,S03,P102,10,45.0,0.0,0,C1004,Card,20
T101962,2026-07-12,S03,P102,5,45.0,0.0,0,C0194,UPI,16
T101963,2026-07-12,S03,P103,7,95.0,0.0,0,C0835,Card,17
T101964,2026-07-12,S03,P104,5,145.0,0.0,0,C0453,UPI,19
T101965,2026-07-12,S03,P201,1,120.0,0.0,0,C0210,Card,20
T101966,2026-07-12,S03,P202,6,42.0,0.0,0,C0777,UPI,16
T101967,2026-07-12,S03,P202,9,42.0,0.0,0,C0754,UPI,17
T101968,2026-07-12,S03,P202,7,42.0,0.0,0,C0903,Card,13
T101969,2026-07-12,S03,P202,5,42.0,0.0,0,C0258,Card,9
T101970,2026-07-12,S03,P203,4,85.5,10.0,1,C0223,UPI,19
T101971,2026-07-12,S03,P203,5,95.0,0.0,1,C0257,UPI,9
T101972,2026-07-12,S03,P204,4,165.0,0.0,0,C0219,UPI,17
T101973,2026-07-12,S03,P204,6,165.0,0.0,0,C0244,UPI,20
T101974,2026-07-12,S03,P301,7,50.0,0.0,0,C0185,UPI,11
T101975,2026-07-12,S03,P301,4,50.0,0.0,0,C1062,UPI,20
T101976,2026-07-12,S03,P301,8,50.0,0.0,0,C0301,UPI,21
T101977,2026-07-12,S03,P302,7,85.0,0.0,0,C1184,Card,8
T101978,2026-07-12,S03,P303,5,110.0,0.0,0,C0342,UPI,9
T101979,2026-07-12,S03,P304,5,25.0,0.0,0,C0272,Cash,11
T101980,2026-07-12,S03,P304,8,25.0,0.0,0,C0998,UPI,18
T101981,2026-07-12,S03,P304,4,25.0,0.0,0,C0617,Card,17
T101982,2026-07-12,S03,P304,8,25.0,0.0,0,C0499,UPI,21
T101983,2026-07-12,S03,P401,8,35.0,0.0,0,C0627,Card,13
T101984,2026-07-12,S03,P401,5,35.0,0.0,0,C0787,Cash,10
T101985,2026-07-12,S03,P401,7,35.0,0.0,0,C0692,UPI,16
T101986,2026-07-12,S03,P401,5,35.0,0.0,0,C0646,Cash,12
T101987,2026-07-12,S03,P402,9,30.0,0.0,0,C0557,Card,12
T101988,2026-07-12,S03,P402,6,30.0,0.0,0,C1029,Card,8
T101989,2026-07-12,S03,P402,7,30.0,0.0,0,C1105,UPI,17
T101990,2026-07-12,S03,P403,6,55.0,0.0,0,C0954,Cash,16
T101991,2026-07-12,S03,P403,8,55.0,0.0,0,C0073,UPI,10
T101992,2026-07-12,S03,P501,4,210.0,0.0,0,C0067,UPI,13
T101993,2026-07-12,S03,P502,6,145.0,0.0,0,C0349,UPI,18
T101994,2026-07-12,S03,P503,3,95.0,0.0,0,C0385,UPI,16
T101995,2026-07-12,S03,P503,6,95.0,0.0,0,C0065,UPI,18
T101996,2026-07-12,S03,P601,7,80.0,0.0,0,C0428,Cash,16
T101997,2026-07-12,S03,P601,3,80.0,0.0,0,C0586,UPI,8
T101998,2026-07-12,S04,P101,5,60.0,0.0,0,C0917,Cash,9
T101999,2026-07-12,S04,P101,5,60.0,0.0,0,C0071,Card,13
T102000,2026-07-12,S04,P101,12,60.0,0.0,0,C0727,Card,20
T102001,2026-07-12,S04,P102,8,45.0,0.0,0,C0260,Card,21
T102002,2026-07-12,S04,P102,6,45.0,0.0,0,C0099,Cash,13
T102003,2026-07-12,S04,P102,4,45.0,0.0,0,C0634,Card,19
T102004,2026-07-12,S04,P103,4,95.0,0.0,0,C1108,UPI,21
T102005,2026-07-12,S04,P103,5,95.0,0.0,0,C0136,Card,11
T102006,2026-07-12,S04,P104,3,145.0,0.0,0,C0074,UPI,16
T102007,2026-07-12,S04,P201,7,120.0,0.0,0,C0097,Cash,9
T102008,2026-07-12,S04,P202,5,42.0,0.0,0,C0226,Card,17
T102009,2026-07-12,S04,P202,6,42.0,0.0,0,C0024,UPI,18
T102010,2026-07-12,S04,P202,8,42.0,0.0,0,C0114,Card,8
T102011,2026-07-12,S04,P202,10,42.0,0.0,0,C0357,UPI,20
T102012,2026-07-12,S04,P203,6,95.0,0.0,0,C1039,UPI,18
T102013,2026-07-12,S04,P203,5,95.0,0.0,0,C1129,UPI,8
T102014,2026-07-12,S04,P204,6,165.0,0.0,0,C0399,UPI,18
T102015,2026-07-12,S04,P204,4,165.0,0.0,0,C0561,UPI,17
T102016,2026-07-12,S04,P301,7,50.0,0.0,0,C0817,Card,10
T102017,2026-07-12,S04,P301,9,50.0,0.0,0,C0012,Card,16
T102018,2026-07-12,S04,P301,4,50.0,0.0,0,C0048,Card,9
T102019,2026-07-12,S04,P301,7,50.0,0.0,0,C1143,UPI,10
T102020,2026-07-12,S04,P302,4,85.0,0.0,0,C0039,Cash,20
T102021,2026-07-12,S04,P303,5,110.0,0.0,0,C0049,Card,8
T102022,2026-07-12,S04,P304,8,25.0,0.0,0,C1020,Card,19
T102023,2026-07-12,S04,P304,7,25.0,0.0,0,C0088,UPI,20
T102024,2026-07-12,S04,P304,6,25.0,0.0,0,C0431,UPI,12
T102025,2026-07-12,S04,P304,11,25.0,0.0,0,C0242,UPI,21
T102026,2026-07-12,S04,P401,5,35.0,0.0,0,C0986,Card,18
T102027,2026-07-12,S04,P401,9,35.0,0.0,0,C0440,UPI,12
T102028,2026-07-12,S04,P401,5,35.0,0.0,0,C1060,Card,9
T102029,2026-07-12,S04,P402,7,30.0,0.0,1,C0238,UPI,9
T102030,2026-07-12,S04,P402,7,27.0,10.0,1,C0927,Card,17
T102031,2026-07-12,S04,P402,10,30.0,0.0,1,C1025,UPI,13
T102032,2026-07-12,S04,P402,13,28.5,5.0,1,C0087,Card,11
T102033,2026-07-12,S04,P403,8,55.0,0.0,0,C0961,UPI,11
T102034,2026-07-12,S04,P403,6,55.0,0.0,0,C0399,Card,13
T102035,2026-07-12,S04,P501,4,210.0,0.0,0,C0926,UPI,10
T102036,2026-07-12,S04,P501,5,210.0,0.0,0,C1050,UPI,10
T102037,2026-07-12,S04,P502,7,145.0,0.0,0,C1004,Card,21
T102038,2026-07-12,S04,P503,6,95.0,0.0,0,C0939,Cash,16
T102039,2026-07-12,S04,P503,4,95.0,0.0,0,C0371,Cash,10
T102040,2026-07-12,S04,P601,7,80.0,0.0,0,C0336,Cash,12
T102041,2026-07-12,S04,P601,8,80.0,0.0,0,C0695,Card,16
T102042,2026-07-13,S01,P101,6,60.0,0.0,1,C0799,Cash,9
T102043,2026-07-13,S01,P101,6,60.0,0.0,1,C0708,Cash,18
T102044,2026-07-13,S01,P101,6,57.0,5.0,1,C0085,UPI,11
T102045,2026-07-13,S01,P101,9,60.0,0.0,1,C0596,Cash,11
T102046,2026-07-13,S01,P102,7,45.0,0.0,0,C0293,Card,19
T102047,2026-07-13,S01,P102,9,45.0,0.0,0,C0984,UPI,12
T102048,2026-07-13,S01,P103,5,95.0,0.0,0,C0387,Card,8
T102049,2026-07-13,S01,P103,5,95.0,0.0,0,C0286,Card,11
T102050,2026-07-13,S01,P104,4,145.0,0.0,1,C0331,UPI,18
T102051,2026-07-13,S01,P201,7,120.0,0.0,0,C0526,Card,17
T102052,2026-07-13,S01,P202,6,42.0,0.0,0,C1106,UPI,19
T102053,2026-07-13,S01,P202,8,42.0,0.0,0,C0376,Card,16
T102054,2026-07-13,S01,P202,6,42.0,0.0,0,C0627,UPI,17
T102055,2026-07-13,S01,P203,7,95.0,0.0,0,C1012,Card,17
T102056,2026-07-13,S01,P203,3,95.0,0.0,0,C0457,Card,17
T102057,2026-07-13,S01,P204,4,165.0,0.0,0,C1093,Card,13
T102058,2026-07-13,S01,P301,4,50.0,0.0,0,C0223,Card,11
T102059,2026-07-13,S01,P301,7,50.0,0.0,0,C1193,Card,12
T102060,2026-07-13,S01,P301,9,50.0,0.0,0,C0770,UPI,19
T102061,2026-07-13,S01,P302,4,80.75,5.0,1,C0466,UPI,9
T102062,2026-07-13,S01,P303,3,110.0,0.0,0,C1170,UPI,11
T102063,2026-07-13,S01,P304,9,25.0,0.0,0,C0736,Card,17
T102064,2026-07-13,S01,P304,11,25.0,0.0,0,C1067,Card,13
T102065,2026-07-13,S01,P304,6,25.0,0.0,0,C1055,UPI,8
T102066,2026-07-13,S01,P304,7,25.0,0.0,0,C0441,UPI,13
T102067,2026-07-13,S01,P401,9,35.0,0.0,0,C0163,Card,12
T102068,2026-07-13,S01,P401,6,35.0,0.0,0,C0239,UPI,13
T102069,2026-07-13,S01,P401,9,35.0,0.0,0,C0110,UPI,20
T102070,2026-07-13,S01,P401,5,35.0,0.0,0,C1002,Card,21
T102071,2026-07-13,S01,P402,6,30.0,0.0,0,C0584,Cash,11
T102072,2026-07-13,S01,P402,7,30.0,0.0,0,C0528,UPI,18
T102073,2026-07-13,S01,P402,13,30.0,0.0,0,C0254,UPI,19
T102074,2026-07-13,S01,P402,8,30.0,0.0,0,C0050,UPI,20
T102075,2026-07-13,S01,P403,5,52.25,5.0,1,C0758,UPI,19
T102076,2026-07-13,S01,P403,4,52.25,5.0,1,C0204,Card,19
T102077,2026-07-13,S01,P403,8,55.0,0.0,1,C0240,UPI,11
T102078,2026-07-13,S01,P501,5,210.0,0.0,0,C0344,UPI,19
T102079,2026-07-13,S01,P501,7,210.0,0.0,0,C0928,Card,10
T102080,2026-07-13,S01,P502,5,145.0,0.0,0,C1030,Card,16
T102081,2026-07-13,S01,P503,6,95.0,0.0,0,C0967,UPI,17
T102082,2026-07-13,S01,P503,5,95.0,0.0,0,C0217,UPI,8
T102083,2026-07-13,S01,P601,8,80.0,0.0,0,C0360,UPI,17
T102084,2026-07-13,S01,P601,6,80.0,0.0,0,C0733,Card,12
T102085,2026-07-13,S01,P601,4,80.0,0.0,0,C0344,Cash,21
T102086,2026-07-13,S02,P101,9,60.0,0.0,0,C1027,UPI,8
T102087,2026-07-13,S02,P101,6,60.0,0.0,0,C0498,UPI,20
T102088,2026-07-13,S02,P101,8,60.0,0.0,0,C0725,UPI,16
T102089,2026-07-13,S02,P101,6,60.0,0.0,0,C0303,Card,13
T102090,2026-07-13,S02,P102,8,42.75,5.0,1,C1073,UPI,9
T102091,2026-07-13,S02,P102,9,45.0,0.0,1,C0397,UPI,10
T102092,2026-07-13,S02,P102,7,42.75,5.0,1,C1121,UPI,10
T102093,2026-07-13,S02,P103,6,95.0,0.0,0,C1141,UPI,13
T102094,2026-07-13,S02,P103,9,95.0,0.0,0,C0855,UPI,9
T102095,2026-07-13,S02,P104,1,130.5,10.0,1,C0049,UPI,11
T102096,2026-07-13,S02,P201,6,120.0,0.0,0,C0630,Card,10
T102097,2026-07-13,S02,P201,3,120.0,0.0,0,C0067,UPI,21
T102098,2026-07-13,S02,P202,10,42.0,0.0,0,C0783,Cash,8
T102099,2026-07-13,S02,P202,13,42.0,0.0,0,C1072,Card,10
T102100,2026-07-13,S02,P202,11,42.0,0.0,0,C0821,UPI,16
T102101,2026-07-13,S02,P202,5,42.0,0.0,0,C1054,UPI,21
T102102,2026-07-13,S02,P203,5,95.0,0.0,0,C0427,UPI,13
T102103,2026-07-13,S02,P203,7,95.0,0.0,0,C0918,Cash,9
T102104,2026-07-13,S02,P203,6,95.0,0.0,0,C0627,UPI,12
T102105,2026-07-13,S02,P204,7,165.0,0.0,0,C0287,Card,21
T102106,2026-07-13,S02,P301,6,50.0,0.0,0,C0098,Cash,17
T102107,2026-07-13,S02,P301,10,50.0,0.0,0,C0273,UPI,18
T102108,2026-07-13,S02,P301,7,50.0,0.0,0,C1112,UPI,9
T102109,2026-07-13,S02,P301,8,50.0,0.0,0,C1131,Card,8
T102110,2026-07-13,S02,P302,6,85.0,0.0,0,C0690,Cash,11
T102111,2026-07-13,S02,P302,6,85.0,0.0,0,C0394,UPI,11
T102112,2026-07-13,S02,P302,8,85.0,0.0,0,C0718,UPI,16
T102113,2026-07-13,S02,P303,7,110.0,0.0,0,C0602,Card,18
T102114,2026-07-13,S02,P303,7,110.0,0.0,0,C0857,Card,13
T102115,2026-07-13,S02,P304,8,25.0,0.0,0,C1084,UPI,20
T102116,2026-07-13,S02,P304,11,25.0,0.0,0,C0502,Card,13
T102117,2026-07-13,S02,P304,13,25.0,0.0,0,C0044,UPI,16
T102118,2026-07-13,S02,P304,7,25.0,0.0,0,C0728,Card,10
T102119,2026-07-13,S02,P401,13,35.0,0.0,0,C0178,UPI,21
T102120,2026-07-13,S02,P401,8,35.0,0.0,0,C1083,Card,17
T102121,2026-07-13,S02,P401,7,35.0,0.0,0,C0486,UPI,17
T102122,2026-07-13,S02,P401,14,35.0,0.0,0,C0921,Card,21
T102123,2026-07-13,S02,P402,8,30.0,0.0,0,C0635,Card,17
T102124,2026-07-13,S02,P402,7,30.0,0.0,0,C0108,UPI,12
T102125,2026-07-13,S02,P402,12,30.0,0.0,0,C0689,Cash,19
T102126,2026-07-13,S02,P402,13,30.0,0.0,0,C0102,Cash,11
T102127,2026-07-13,S02,P403,5,55.0,0.0,1,C0942,Card,10
T102128,2026-07-13,S02,P403,5,55.0,0.0,1,C0477,Card,13
T102129,2026-07-13,S02,P403,8,55.0,0.0,1,C0502,UPI,13
T102130,2026-07-13,S02,P501,4,210.0,0.0,1,C0488,Cash,13
T102131,2026-07-13,S02,P501,6,210.0,0.0,1,C0313,UPI,16
T102132,2026-07-13,S02,P502,4,145.0,0.0,1,C0257,Cash,11
T102133,2026-07-13,S02,P502,8,130.5,10.0,1,C0137,Cash,19
T102134,2026-07-13,S02,P502,5,145.0,0.0,1,C0404,UPI,11
T102135,2026-07-13,S02,P503,5,90.25,5.0,1,C0579,Card,12
T102136,2026-07-13,S02,P503,6,80.75,15.0,1,C0275,Cash,18
T102137,2026-07-13,S02,P503,7,95.0,0.0,1,C1055,Cash,12
T102138,2026-07-13,S02,P503,11,80.75,15.0,1,C0651,UPI,11
T102139,2026-07-13,S02,P601,6,80.0,0.0,1,C0256,UPI,8
T102140,2026-07-13,S02,P601,10,80.0,0.0,1,C0355,Card,16
T102141,2026-07-13,S03,P101,5,60.0,0.0,0,C0265,Cash,11
T102142,2026-07-13,S03,P101,8,60.0,0.0,0,C0588,Card,12
T102143,2026-07-13,S03,P101,4,60.0,0.0,0,C0466,UPI,18
T102144,2026-07-13,S03,P102,4,45.0,0.0,0,C0364,UPI,10
T102145,2026-07-13,S03,P102,7,45.0,0.0,0,C0292,Card,16
T102146,2026-07-13,S03,P103,6,95.0,0.0,0,C0136,Card,21
T102147,2026-07-13,S03,P104,6,145.0,0.0,0,C0716,UPI,17
T102148,2026-07-13,S03,P201,4,120.0,0.0,0,C0822,Card,21
T102149,2026-07-13,S03,P202,8,42.0,0.0,0,C0368,UPI,17
T102150,2026-07-13,S03,P203,7,95.0,0.0,0,C0077,UPI,16
T102151,2026-07-13,S03,P204,2,156.75,5.0,1,C1166,Card,11
T102152,2026-07-13,S03,P301,3,50.0,0.0,0,C0847,Card,9
T102153,2026-07-13,S03,P301,8,50.0,0.0,0,C1170,UPI,8
T102154,2026-07-13,S03,P302,4,85.0,0.0,0,C1158,UPI,8
T102155,2026-07-13,S03,P302,5,85.0,0.0,0,C0079,Card,20
T102156,2026-07-13,S03,P303,6,110.0,0.0,0,C0394,UPI,13
T102157,2026-07-13,S03,P304,7,25.0,0.0,0,C1136,UPI,18
T102158,2026-07-13,S03,P304,8,25.0,0.0,0,C0826,Card,10
T102159,2026-07-13,S03,P304,5,25.0,0.0,0,C1130,Card,19
T102160,2026-07-13,S03,P401,7,35.0,0.0,0,C1157,Card,17
T102161,2026-07-13,S03,P401,5,35.0,0.0,0,C0044,UPI,12
T102162,2026-07-13,S03,P401,5,35.0,0.0,0,C1178,Cash,13
T102163,2026-07-13,S03,P402,6,30.0,0.0,0,C0841,UPI,20
T102164,2026-07-13,S03,P402,7,30.0,0.0,0,C0125,Card,21
T102165,2026-07-13,S03,P403,3,55.0,0.0,0,C0756,Card,8
T102166,2026-07-13,S03,P403,7,55.0,0.0,0,C1007,Cash,8
T102167,2026-07-13,S03,P501,7,210.0,0.0,0,C1019,UPI,9
T102168,2026-07-13,S03,P502,3,145.0,0.0,0,C1158,Card,16
T102169,2026-07-13,S03,P502,6,145.0,0.0,0,C0962,Card,19
T102170,2026-07-13,S03,P503,7,95.0,0.0,0,C1147,UPI,8
T102171,2026-07-13,S03,P601,6,80.0,0.0,0,C0392,UPI,16
T102172,2026-07-13,S04,P101,5,60.0,0.0,0,C0952,UPI,21
T102173,2026-07-13,S04,P101,4,60.0,0.0,0,C0307,Card,10
T102174,2026-07-13,S04,P101,8,60.0,0.0,0,C0964,Card,18
T102175,2026-07-13,S04,P102,5,45.0,0.0,0,C0088,UPI,17
T102176,2026-07-13,S04,P102,11,45.0,0.0,0,C0586,Card,20
T102177,2026-07-13,S04,P102,6,45.0,0.0,0,C0797,UPI,21
T102178,2026-07-13,S04,P103,7,95.0,0.0,0,C1075,UPI,9
T102179,2026-07-13,S04,P104,1,145.0,0.0,0,C0489,UPI,19
T102180,2026-07-13,S04,P201,4,120.0,0.0,0,C0113,Card,13
T102181,2026-07-13,S04,P202,8,42.0,0.0,0,C0318,Card,20
T102182,2026-07-13,S04,P202,4,42.0,0.0,0,C0624,UPI,12
T102183,2026-07-13,S04,P202,6,42.0,0.0,0,C0898,UPI,8
T102184,2026-07-13,S04,P203,7,95.0,0.0,0,C1005,Cash,19
T102185,2026-07-13,S04,P203,5,95.0,0.0,0,C1136,UPI,17
T102186,2026-07-13,S04,P204,3,165.0,0.0,0,C1196,Card,17
T102187,2026-07-13,S04,P301,6,50.0,0.0,0,C0974,Cash,9
T102188,2026-07-13,S04,P301,5,50.0,0.0,0,C0308,UPI,20
T102189,2026-07-13,S04,P301,7,50.0,0.0,0,C0766,UPI,18
T102190,2026-07-13,S04,P302,6,85.0,0.0,0,C0540,Cash,12
T102191,2026-07-13,S04,P302,9,85.0,0.0,0,C0580,Cash,11
T102192,2026-07-13,S04,P303,2,110.0,0.0,0,C0733,Card,16
T102193,2026-07-13,S04,P304,5,25.0,0.0,0,C0913,UPI,18
T102194,2026-07-13,S04,P304,9,25.0,0.0,0,C0064,Card,20
T102195,2026-07-13,S04,P304,7,25.0,0.0,0,C0763,UPI,19
T102196,2026-07-13,S04,P304,5,25.0,0.0,0,C0141,Card,20
T102197,2026-07-13,S04,P401,5,35.0,0.0,1,C1185,Cash,13
T102198,2026-07-13,S04,P401,11,33.25,5.0,1,C0050,UPI,8
T102199,2026-07-13,S04,P401,8,33.25,5.0,1,C0991,Card,21
T102200,2026-07-13,S04,P402,6,30.0,0.0,0,C1063,Cash,8
T102201,2026-07-13,S04,P402,6,30.0,0.0,0,C0750,Card,21
T102202,2026-07-13,S04,P402,8,30.0,0.0,0,C0262,UPI,12
T102203,2026-07-13,S04,P402,6,30.0,0.0,0,C0245,Card,18
T102204,2026-07-13,S04,P403,6,55.0,0.0,0,C1090,UPI,12
T102205,2026-07-13,S04,P403,8,55.0,0.0,0,C0731,UPI,20
T102206,2026-07-13,S04,P501,8,210.0,0.0,0,C0702,UPI,20
T102207,2026-07-13,S04,P502,6,145.0,0.0,0,C0672,Card,16
T102208,2026-07-13,S04,P502,6,145.0,0.0,0,C0424,Card,8
T102209,2026-07-13,S04,P503,3,95.0,0.0,1,C0674,UPI,11
T102210,2026-07-13,S04,P503,6,95.0,0.0,1,C1177,UPI,21
T102211,2026-07-13,S04,P601,10,80.0,0.0,0,C0979,Card,17
T102212,2026-07-13,S04,P601,5,80.0,0.0,0,C1200,UPI,10
T102213,2026-07-14,S01,P101,6,60.0,0.0,0,C0071,UPI,18
T102214,2026-07-14,S01,P101,7,60.0,0.0,0,C0245,Cash,18
T102215,2026-07-14,S01,P101,6,60.0,0.0,0,C0911,Card,11
T102216,2026-07-14,S01,P102,4,45.0,0.0,0,C0622,Cash,9
T102217,2026-07-14,S01,P102,7,45.0,0.0,0,C1084,UPI,20
T102218,2026-07-14,S01,P102,6,45.0,0.0,0,C0036,Cash,21
T102219,2026-07-14,S01,P103,7,95.0,0.0,0,C0614,Cash,10
T102220,2026-07-14,S01,P104,3,145.0,0.0,0,C0332,Cash,10
T102221,2026-07-14,S01,P201,7,120.0,0.0,0,C1145,UPI,19
T102222,2026-07-14,S01,P202,8,39.9,5.0,1,C0897,Cash,16
T102223,2026-07-14,S01,P202,4,42.0,0.0,1,C1116,Card,8
T102224,2026-07-14,S01,P202,5,37.8,10.0,1,C0997,UPI,16
T102225,2026-07-14,S01,P202,8,37.8,10.0,1,C1180,Card,21
T102226,2026-07-14,S01,P203,7,95.0,0.0,1,C0700,Card,16
T102227,2026-07-14,S01,P203,3,95.0,0.0,1,C1154,Cash,10
T102228,2026-07-14,S01,P204,2,165.0,0.0,0,C1102,UPI,9
T102229,2026-07-14,S01,P301,4,50.0,0.0,1,C0835,UPI,21
T102230,2026-07-14,S01,P301,11,45.0,10.0,1,C0916,UPI,18
T102231,2026-07-14,S01,P301,7,50.0,0.0,1,C0861,UPI,20
T102232,2026-07-14,S01,P301,7,50.0,0.0,1,C0703,Card,18
T102233,2026-07-14,S01,P302,6,85.0,0.0,0,C0656,UPI,20
T102234,2026-07-14,S01,P302,7,85.0,0.0,0,C0827,Cash,10
T102235,2026-07-14,S01,P303,6,110.0,0.0,0,C0960,Card,19
T102236,2026-07-14,S01,P304,9,25.0,0.0,0,C0752,Cash,17
T102237,2026-07-14,S01,P304,7,25.0,0.0,0,C0771,UPI,18
T102238,2026-07-14,S01,P304,11,25.0,0.0,0,C0509,Card,17
T102239,2026-07-14,S01,P304,6,25.0,0.0,0,C0875,Card,19
T102240,2026-07-14,S01,P401,7,35.0,0.0,0,C1084,Card,20
T102241,2026-07-14,S01,P401,7,35.0,0.0,0,C0561,Card,10
T102242,2026-07-14,S01,P401,5,35.0,0.0,0,C0458,UPI,12
T102243,2026-07-14,S01,P401,6,35.0,0.0,0,C0984,Cash,18
T102244,2026-07-14,S01,P402,5,30.0,0.0,0,C0305,UPI,20
T102245,2026-07-14,S01,P402,5,30.0,0.0,0,C0458,Cash,19
T102246,2026-07-14,S01,P402,9,30.0,0.0,0,C0520,Card,16
T102247,2026-07-14,S01,P402,9,30.0,0.0,0,C0391,Cash,16
T102248,2026-07-14,S01,P403,5,55.0,0.0,0,C0666,UPI,21
T102249,2026-07-14,S01,P403,9,55.0,0.0,0,C0295,Card,9
T102250,2026-07-14,S01,P403,6,55.0,0.0,0,C0535,UPI,12
T102251,2026-07-14,S01,P501,6,210.0,0.0,1,C0238,Card,8
T102252,2026-07-14,S01,P501,4,210.0,0.0,1,C0382,UPI,13
T102253,2026-07-14,S01,P502,8,145.0,0.0,0,C0943,Card,18
T102254,2026-07-14,S01,P503,8,95.0,0.0,0,C0059,UPI,18
T102255,2026-07-14,S01,P601,4,80.0,0.0,0,C0245,UPI,19
T102256,2026-07-14,S01,P601,5,80.0,0.0,0,C0725,Cash,11
T102257,2026-07-14,S01,P601,8,80.0,0.0,0,C0974,UPI,12
T102258,2026-07-14,S02,P101,6,60.0,0.0,0,C0301,UPI,19
T102259,2026-07-14,S02,P101,6,60.0,0.0,0,C0427,UPI,17
T102260,2026-07-14,S02,P101,7,60.0,0.0,0,C0263,UPI,12
T102261,2026-07-14,S02,P101,14,60.0,0.0,0,C0428,Card,11
T102262,2026-07-14,S02,P102,5,45.0,0.0,0,C0043,UPI,10
T102263,2026-07-14,S02,P102,6,45.0,0.0,0,C0385,UPI,21
T102264,2026-07-14,S02,P102,6,45.0,0.0,0,C1191,Card,19
T102265,2026-07-14,S02,P103,5,95.0,0.0,0,C0518,Cash,19
T102266,2026-07-14,S02,P103,6,95.0,0.0,0,C0135,UPI,12
T102267,2026-07-14,S02,P103,7,95.0,0.0,0,C0004,Cash,8
T102268,2026-07-14,S02,P104,5,145.0,0.0,0,C0483,UPI,10
T102269,2026-07-14,S02,P201,5,120.0,0.0,0,C1012,Card,21
T102270,2026-07-14,S02,P201,7,120.0,0.0,0,C0450,Card,9
T102271,2026-07-14,S02,P202,9,42.0,0.0,0,C0456,Cash,12
T102272,2026-07-14,S02,P202,6,42.0,0.0,0,C0862,Card,10
T102273,2026-07-14,S02,P202,6,42.0,0.0,0,C0284,UPI,19
T102274,2026-07-14,S02,P202,7,42.0,0.0,0,C0237,Cash,10
T102275,2026-07-14,S02,P203,8,95.0,0.0,0,C0576,UPI,12
T102276,2026-07-14,S02,P203,4,95.0,0.0,0,C0380,UPI,9
T102277,2026-07-14,S02,P204,6,165.0,0.0,0,C0473,Card,16
T102278,2026-07-14,S02,P301,6,45.0,10.0,1,C0165,Card,16
T102279,2026-07-14,S02,P301,13,50.0,0.0,1,C0916,UPI,20
T102280,2026-07-14,S02,P301,10,50.0,0.0,1,C0787,UPI,20
T102281,2026-07-14,S02,P301,6,50.0,0.0,1,C1034,Cash,17
T102282,2026-07-14,S02,P302,7,85.0,0.0,0,C0104,UPI,13
T102283,2026-07-14,S02,P302,7,85.0,0.0,0,C1062,Card,8
T102284,2026-07-14,S02,P303,8,110.0,0.0,1,C0518,Card,10
T102285,2026-07-14,S02,P304,10,25.0,0.0,1,C0212,Card,19
T102286,2026-07-14,S02,P304,10,22.5,10.0,1,C0025,Cash,20
T102287,2026-07-14,S02,P304,8,23.75,5.0,1,C1136,UPI,16
T102288,2026-07-14,S02,P304,8,25.0,0.0,1,C0428,UPI,18
T102289,2026-07-14,S02,P401,10,35.0,0.0,0,C0258,Card,10
T102290,2026-07-14,S02,P401,12,35.0,0.0,0,C0065,Card,9
T102291,2026-07-14,S02,P401,6,35.0,0.0,0,C0628,UPI,16
T102292,2026-07-14,S02,P401,12,35.0,0.0,0,C0401,Card,18
T102293,2026-07-14,S02,P402,7,30.0,0.0,0,C0143,UPI,8
T102294,2026-07-14,S02,P402,12,30.0,0.0,0,C0543,UPI,12
T102295,2026-07-14,S02,P402,15,30.0,0.0,0,C1038,UPI,13
T102296,2026-07-14,S02,P402,8,30.0,0.0,0,C0322,Cash,18
T102297,2026-07-14,S02,P403,7,55.0,0.0,0,C1106,Card,18
T102298,2026-07-14,S02,P403,4,55.0,0.0,0,C0274,Cash,9
T102299,2026-07-14,S02,P403,7,55.0,0.0,0,C0968,UPI,16
T102300,2026-07-14,S02,P501,4,210.0,0.0,0,C0127,Cash,8
T102301,2026-07-14,S02,P501,9,210.0,0.0,0,C0787,UPI,18
T102302,2026-07-14,S02,P501,6,210.0,0.0,0,C0042,Card,12
T102303,2026-07-14,S02,P502,5,145.0,0.0,0,C1115,Card,10
T102304,2026-07-14,S02,P502,7,145.0,0.0,0,C0220,Cash,9
T102305,2026-07-14,S02,P503,7,95.0,0.0,0,C0590,UPI,20
T102306,2026-07-14,S02,P503,4,95.0,0.0,0,C0725,UPI,17
T102307,2026-07-14,S02,P503,8,95.0,0.0,0,C0985,Card,9
T102308,2026-07-14,S02,P601,7,80.0,0.0,0,C0604,UPI,12
T102309,2026-07-14,S02,P601,7,80.0,0.0,0,C0383,UPI,11
T102310,2026-07-14,S03,P101,7,54.0,10.0,1,C0195,Card,19
T102311,2026-07-14,S03,P101,9,60.0,0.0,1,C0097,Cash,19
T102312,2026-07-14,S03,P102,8,45.0,0.0,0,C1135,Card,12
T102313,2026-07-14,S03,P102,4,45.0,0.0,0,C0791,Cash,13
T102314,2026-07-14,S03,P103,5,90.25,5.0,1,C0279,UPI,19
T102315,2026-07-14,S03,P104,3,145.0,0.0,0,C1081,Card,19
T102316,2026-07-14,S03,P201,3,120.0,0.0,0,C0938,UPI,18
T102317,2026-07-14,S03,P202,6,42.0,0.0,0,C0749,UPI,11
T102318,2026-07-14,S03,P203,6,95.0,0.0,0,C0126,Card,12
T102319,2026-07-14,S03,P204,4,165.0,0.0,0,C0498,Cash,20
T102320,2026-07-14,S03,P301,6,50.0,0.0,0,C0130,Card,21
T102321,2026-07-14,S03,P301,4,50.0,0.0,0,C0948,Card,8
T102322,2026-07-14,S03,P301,8,50.0,0.0,0,C0658,Card,10
T102323,2026-07-14,S03,P302,7,85.0,0.0,1,C0512,UPI,21
T102324,2026-07-14,S03,P303,5,110.0,0.0,0,C0754,UPI,12
T102325,2026-07-14,S03,P303,6,110.0,0.0,0,C0270,UPI,20
T102326,2026-07-14,S03,P304,9,25.0,0.0,0,C0339,Card,13
T102327,2026-07-14,S03,P304,3,25.0,0.0,0,C1085,UPI,20
T102328,2026-07-14,S03,P304,7,25.0,0.0,0,C0415,UPI,8
T102329,2026-07-14,S03,P401,9,35.0,0.0,0,C0089,UPI,19
T102330,2026-07-14,S03,P401,7,35.0,0.0,0,C0900,Card,12
T102331,2026-07-14,S03,P402,7,30.0,0.0,0,C0336,UPI,13
T102332,2026-07-14,S03,P402,4,30.0,0.0,0,C1158,Card,17
T102333,2026-07-14,S03,P402,7,30.0,0.0,0,C0425,Card,13
T102334,2026-07-14,S03,P403,5,55.0,0.0,0,C0211,Cash,18
T102335,2026-07-14,S03,P403,8,55.0,0.0,0,C1082,UPI,17
T102336,2026-07-14,S03,P501,5,210.0,0.0,0,C0674,Card,17
T102337,2026-07-14,S03,P502,3,145.0,0.0,0,C0069,UPI,17
T102338,2026-07-14,S03,P503,5,95.0,0.0,0,C1031,Card,16
T102339,2026-07-14,S03,P503,6,95.0,0.0,0,C0420,UPI,17
T102340,2026-07-14,S03,P601,4,80.0,0.0,0,C0638,UPI,20
T102341,2026-07-14,S03,P601,5,80.0,0.0,0,C0868,Card,10
T102342,2026-07-14,S04,P101,9,60.0,0.0,0,C0663,UPI,13
T102343,2026-07-14,S04,P101,5,60.0,0.0,0,C0580,UPI,9
T102344,2026-07-14,S04,P101,7,60.0,0.0,0,C0637,Card,10
T102345,2026-07-14,S04,P102,10,40.5,10.0,1,C0358,UPI,20
T102346,2026-07-14,S04,P102,4,45.0,0.0,1,C0061,Cash,17
T102347,2026-07-14,S04,P102,8,45.0,0.0,1,C0974,Card,10
T102348,2026-07-14,S04,P103,2,95.0,0.0,0,C0917,Card,13
T102349,2026-07-14,S04,P104,6,145.0,0.0,0,C0826,Card,16
T102350,2026-07-14,S04,P104,4,145.0,0.0,0,C0281,UPI,16
T102351,2026-07-14,S04,P201,6,120.0,0.0,0,C0711,UPI,17
T102352,2026-07-14,S04,P202,4,42.0,0.0,0,C0007,UPI,20
T102353,2026-07-14,S04,P202,9,42.0,0.0,0,C1145,UPI,19
T102354,2026-07-14,S04,P202,4,42.0,0.0,0,C0839,Card,21
T102355,2026-07-14,S04,P203,7,95.0,0.0,0,C0482,Card,17
T102356,2026-07-14,S04,P204,4,165.0,0.0,0,C0910,UPI,16
T102357,2026-07-14,S04,P301,7,50.0,0.0,1,C0569,UPI,10
T102358,2026-07-14,S04,P301,4,50.0,0.0,1,C0968,Card,17
T102359,2026-07-14,S04,P301,7,45.0,10.0,1,C0649,UPI,21
T102360,2026-07-14,S04,P302,6,85.0,0.0,0,C0612,Card,11
T102361,2026-07-14,S04,P302,4,85.0,0.0,0,C0116,UPI,19
T102362,2026-07-14,S04,P303,7,110.0,0.0,0,C0633,Cash,12
T102363,2026-07-14,S04,P304,5,25.0,0.0,0,C0404,Cash,17
T102364,2026-07-14,S04,P304,10,25.0,0.0,0,C0740,UPI,17
T102365,2026-07-14,S04,P304,5,25.0,0.0,0,C0164,UPI,9
T102366,2026-07-14,S04,P304,10,25.0,0.0,0,C0656,UPI,11
T102367,2026-07-14,S04,P401,4,35.0,0.0,0,C0306,UPI,8
T102368,2026-07-14,S04,P401,10,35.0,0.0,0,C0447,Card,19
T102369,2026-07-14,S04,P401,5,35.0,0.0,0,C1152,Cash,8
T102370,2026-07-14,S04,P402,8,27.0,10.0,1,C0779,UPI,9
T102371,2026-07-14,S04,P402,7,30.0,0.0,1,C0951,Card,10
T102372,2026-07-14,S04,P402,6,30.0,0.0,1,C0011,Cash,18
T102373,2026-07-14,S04,P402,9,30.0,0.0,1,C0808,UPI,10
T102374,2026-07-14,S04,P403,8,55.0,0.0,0,C0109,Card,18
T102375,2026-07-14,S04,P501,3,210.0,0.0,0,C0574,UPI,8
T102376,2026-07-14,S04,P502,2,145.0,0.0,0,C0028,Card,18
T102377,2026-07-14,S04,P503,7,95.0,0.0,0,C0592,UPI,12
T102378,2026-07-14,S04,P503,6,95.0,0.0,0,C0301,Card,18
T102379,2026-07-14,S04,P601,4,80.0,0.0,0,C0061,UPI,12
T102380,2026-07-14,S04,P601,9,80.0,0.0,0,C0524,UPI,10
T102381,2026-07-15,S01,P101,6,60.0,0.0,0,C0754,UPI,18
T102382,2026-07-15,S01,P101,7,60.0,0.0,0,C0242,UPI,20
T102383,2026-07-15,S01,P101,7,60.0,0.0,0,C0435,UPI,11
T102384,2026-07-15,S01,P102,6,45.0,0.0,0,C0696,Card,19
T102385,2026-07-15,S01,P102,9,45.0,0.0,0,C0917,Card,8
T102386,2026-07-15,S01,P102,4,45.0,0.0,0,C0268,UPI,20
T102387,2026-07-15,S01,P103,8,95.0,0.0,0,C0157,Cash,16
T102388,2026-07-15,S01,P104,5,145.0,0.0,0,C0301,Cash,9
T102389,2026-07-15,S01,P201,4,120.0,0.0,0,C0867,Cash,11
T102390,2026-07-15,S01,P202,6,42.0,0.0,0,C0188,Card,12
T102391,2026-07-15,S01,P202,6,42.0,0.0,0,C0859,Card,10
T102392,2026-07-15,S01,P202,9,42.0,0.0,0,C0985,Card,12
T102393,2026-07-15,S01,P203,6,95.0,0.0,0,C0705,Cash,17
T102394,2026-07-15,S01,P204,6,165.0,0.0,0,C0860,UPI,9
T102395,2026-07-15,S01,P301,10,50.0,0.0,0,C0044,UPI,12
T102396,2026-07-15,S01,P301,7,50.0,0.0,0,C0628,UPI,13
T102397,2026-07-15,S01,P301,6,50.0,0.0,0,C0779,UPI,13
T102398,2026-07-15,S01,P301,8,50.0,0.0,0,C0341,Cash,11
T102399,2026-07-15,S01,P302,4,80.75,5.0,1,C0798,UPI,12
T102400,2026-07-15,S01,P302,8,85.0,0.0,1,C0654,UPI,16
T102401,2026-07-15,S01,P303,4,110.0,0.0,0,C0633,UPI,17
T102402,2026-07-15,S01,P303,8,110.0,0.0,0,C0863,UPI,17
T102403,2026-07-15,S01,P304,9,25.0,0.0,0,C0489,Card,16
T102404,2026-07-15,S01,P304,6,25.0,0.0,0,C0452,Card,21
T102405,2026-07-15,S01,P304,5,25.0,0.0,0,C0127,Cash,13
T102406,2026-07-15,S01,P304,7,25.0,0.0,0,C0923,UPI,8
T102407,2026-07-15,S01,P401,7,35.0,0.0,0,C1158,UPI,19
T102408,2026-07-15,S01,P401,10,35.0,0.0,0,C0458,Cash,17
T102409,2026-07-15,S01,P401,7,35.0,0.0,0,C0611,Card,20
T102410,2026-07-15,S01,P402,5,30.0,0.0,1,C0852,Cash,8
T102411,2026-07-15,S01,P402,5,30.0,0.0,1,C0670,Card,16
T102412,2026-07-15,S01,P402,12,28.5,5.0,1,C0618,Card,17
T102413,2026-07-15,S01,P403,8,55.0,0.0,0,C1018,UPI,20
T102414,2026-07-15,S01,P403,6,55.0,0.0,0,C0060,Card,10
T102415,2026-07-15,S01,P403,4,55.0,0.0,0,C0317,UPI,21
T102416,2026-07-15,S01,P501,8,210.0,0.0,1,C0860,Card,13
T102417,2026-07-15,S01,P501,6,199.5,5.0,1,C0128,UPI,12
T102418,2026-07-15,S01,P502,4,145.0,0.0,0,C1136,Cash,10
T102419,2026-07-15,S01,P503,8,95.0,0.0,0,C0416,Cash,12
T102420,2026-07-15,S01,P503,6,95.0,0.0,0,C1174,UPI,18
T102421,2026-07-15,S01,P601,4,80.0,0.0,0,C0527,Cash,21
T102422,2026-07-15,S01,P601,8,80.0,0.0,0,C0739,UPI,8
T102423,2026-07-15,S01,P601,5,80.0,0.0,0,C0454,UPI,16
T102424,2026-07-15,S02,P101,13,60.0,0.0,0,C0836,Card,21
T102425,2026-07-15,S02,P101,6,60.0,0.0,0,C0464,UPI,9
T102426,2026-07-15,S02,P101,10,60.0,0.0,0,C0385,Cash,11
T102427,2026-07-15,S02,P101,10,60.0,0.0,0,C0762,Card,19
T102428,2026-07-15,S02,P102,7,45.0,0.0,0,C0898,Cash,17
T102429,2026-07-15,S02,P102,4,45.0,0.0,0,C0879,Card,16
T102430,2026-07-15,S02,P102,8,45.0,0.0,0,C0071,UPI,11
T102431,2026-07-15,S02,P103,8,95.0,0.0,0,C0102,UPI,18
T102432,2026-07-15,S02,P104,8,145.0,0.0,0,C0773,Card,17
T102433,2026-07-15,S02,P104,3,145.0,0.0,0,C0665,Cash,19
T102434,2026-07-15,S02,P201,3,120.0,0.0,0,C0274,UPI,16
T102435,2026-07-15,S02,P201,6,120.0,0.0,0,C0784,Card,9
T102436,2026-07-15,S02,P202,6,42.0,0.0,0,C0808,Card,16
T102437,2026-07-15,S02,P202,6,42.0,0.0,0,C0744,Card,17
T102438,2026-07-15,S02,P202,7,42.0,0.0,0,C0326,UPI,11
T102439,2026-07-15,S02,P203,7,95.0,0.0,0,C0441,UPI,8
T102440,2026-07-15,S02,P203,9,95.0,0.0,0,C0948,UPI,20
T102441,2026-07-15,S02,P204,7,165.0,0.0,0,C1059,UPI,17
T102442,2026-07-15,S02,P204,9,165.0,0.0,0,C0854,Cash,21
T102443,2026-07-15,S02,P301,7,50.0,0.0,0,C1087,UPI,21
T102444,2026-07-15,S02,P301,6,50.0,0.0,0,C0299,Cash,16
T102445,2026-07-15,S02,P301,8,50.0,0.0,0,C1111,UPI,19
T102446,2026-07-15,S02,P301,9,50.0,0.0,0,C0883,Cash,12
T102447,2026-07-15,S02,P302,4,76.5,10.0,1,C1040,Card,13
T102448,2026-07-15,S02,P302,6,85.0,0.0,1,C0979,UPI,20
T102449,2026-07-15,S02,P303,4,110.0,0.0,0,C0883,UPI,9
T102450,2026-07-15,S02,P303,5,110.0,0.0,0,C1145,UPI,11
T102451,2026-07-15,S02,P304,6,25.0,0.0,0,C0376,Card,17
T102452,2026-07-15,S02,P304,11,25.0,0.0,0,C0977,UPI,12
T102453,2026-07-15,S02,P304,10,25.0,0.0,0,C0767,UPI,16
T102454,2026-07-15,S02,P304,9,25.0,0.0,0,C0478,Card,11
T102455,2026-07-15,S02,P401,13,35.0,0.0,0,C0880,UPI,8
T102456,2026-07-15,S02,P401,10,35.0,0.0,0,C0310,Cash,9
T102457,2026-07-15,S02,P401,8,35.0,0.0,0,C0303,UPI,10
T102458,2026-07-15,S02,P401,10,35.0,0.0,0,C0832,Card,18
T102459,2026-07-15,S02,P402,11,28.5,5.0,1,C0479,UPI,18
T102460,2026-07-15,S02,P402,10,30.0,0.0,1,C1034,Card,12
T102461,2026-07-15,S02,P402,7,28.5,5.0,1,C0158,UPI,16
T102462,2026-07-15,S02,P402,15,30.0,0.0,1,C0721,UPI,17
T102463,2026-07-15,S02,P403,7,55.0,0.0,0,C0511,UPI,11
T102464,2026-07-15,S02,P403,8,55.0,0.0,0,C0120,UPI,8
T102465,2026-07-15,S02,P403,5,55.0,0.0,0,C0393,Cash,11
T102466,2026-07-15,S02,P403,7,55.0,0.0,0,C0220,Cash,19
T102467,2026-07-15,S02,P501,6,210.0,0.0,0,C0892,UPI,17
T102468,2026-07-15,S02,P501,5,210.0,0.0,0,C0926,UPI,10
T102469,2026-07-15,S02,P502,8,145.0,0.0,0,C0828,UPI,13
T102470,2026-07-15,S02,P503,4,95.0,0.0,0,C0708,UPI,9
T102471,2026-07-15,S02,P503,9,95.0,0.0,0,C0366,UPI,12
T102472,2026-07-15,S02,P601,7,80.0,0.0,0,C0309,Card,8
T102473,2026-07-15,S02,P601,7,80.0,0.0,0,C0246,Cash,18
T102474,2026-07-15,S02,P601,10,80.0,0.0,0,C0520,UPI,12
T102475,2026-07-15,S03,P101,6,60.0,0.0,0,C0142,UPI,18
T102476,2026-07-15,S03,P101,6,60.0,0.0,0,C0461,Card,13
T102477,2026-07-15,S03,P102,6,45.0,0.0,0,C0576,UPI,11
T102478,2026-07-15,S03,P102,8,45.0,0.0,0,C1044,Cash,13
T102479,2026-07-15,S03,P103,6,90.25,5.0,1,C0111,Cash,17
T102480,2026-07-15,S03,P104,5,145.0,0.0,0,C0709,Card,18
T102481,2026-07-15,S03,P201,5,120.0,0.0,0,C0909,Cash,19
T102482,2026-07-15,S03,P202,8,42.0,0.0,0,C1045,Card,13
T102483,2026-07-15,S03,P203,5,95.0,0.0,0,C0291,UPI,12
T102484,2026-07-15,S03,P203,4,95.0,0.0,0,C0566,UPI,19
T102485,2026-07-15,S03,P204,6,165.0,0.0,0,C0449,UPI,13
T102486,2026-07-15,S03,P301,9,50.0,0.0,1,C0753,UPI,20
T102487,2026-07-15,S03,P301,5,47.5,5.0,1,C0415,UPI,17
T102488,2026-07-15,S03,P302,8,85.0,0.0,0,C1098,Card,11
T102489,2026-07-15,S03,P303,5,110.0,0.0,0,C0938,Card,8
T102490,2026-07-15,S03,P304,7,25.0,0.0,0,C0375,UPI,11
T102491,2026-07-15,S03,P304,8,25.0,0.0,0,C0307,Cash,21
T102492,2026-07-15,S03,P304,6,25.0,0.0,0,C0264,Card,11
T102493,2026-07-15,S03,P401,6,35.0,0.0,1,C0903,UPI,10
T102494,2026-07-15,S03,P401,6,35.0,0.0,1,C1184,UPI,19
T102495,2026-07-15,S03,P401,8,33.25,5.0,1,C0929,Cash,8
T102496,2026-07-15,S03,P402,4,30.0,0.0,0,C0650,Card,16
T102497,2026-07-15,S03,P402,4,30.0,0.0,0,C0658,UPI,17
T102498,2026-07-15,S03,P402,9,30.0,0.0,0,C0553,Card,12
T102499,2026-07-15,S03,P403,4,55.0,0.0,0,C1200,UPI,9
T102500,2026-07-15,S03,P403,6,55.0,0.0,0,C0914,Card,10
T102501,2026-07-15,S03,P501,6,210.0,0.0,0,C0026,Card,18
T102502,2026-07-15,S03,P501,3,210.0,0.0,0,C0450,UPI,19
T102503,2026-07-15,S03,P502,5,145.0,0.0,0,C0054,Card,21
T102504,2026-07-15,S03,P503,6,95.0,0.0,0,C0547,UPI,8
T102505,2026-07-15,S03,P601,8,80.0,0.0,0,C0392,UPI,9
T102506,2026-07-15,S03,P601,4,80.0,0.0,0,C1078,UPI,16
T102507,2026-07-15,S04,P101,7,60.0,0.0,0,C0239,Card,21
T102508,2026-07-15,S04,P101,5,60.0,0.0,0,C0392,Cash,20
T102509,2026-07-15,S04,P101,5,60.0,0.0,0,C0012,Card,12
T102510,2026-07-15,S04,P102,8,45.0,0.0,0,C0765,UPI,19
T102511,2026-07-15,S04,P103,8,95.0,0.0,0,C0403,UPI,9
T102512,2026-07-15,S04,P104,3,145.0,0.0,0,C0551,UPI,17
T102513,2026-07-15,S04,P201,4,120.0,0.0,0,C0275,Card,17
T102514,2026-07-15,S04,P202,4,42.0,0.0,0,C0615,Card,9
T102515,2026-07-15,S04,P202,8,42.0,0.0,0,C0383,UPI,10
T102516,2026-07-15,S04,P203,8,95.0,0.0,0,C0359,UPI,9
T102517,2026-07-15,S04,P204,4,165.0,0.0,0,C1024,UPI,21
T102518,2026-07-15,S04,P301,6,50.0,0.0,0,C0031,UPI,19
T102519,2026-07-15,S04,P301,9,50.0,0.0,0,C0788,Cash,19
T102520,2026-07-15,S04,P302,7,85.0,0.0,0,C0375,UPI,10
T102521,2026-07-15,S04,P303,7,110.0,0.0,0,C0994,Card,10
T102522,2026-07-15,S04,P304,5,25.0,0.0,0,C0858,Cash,18
T102523,2026-07-15,S04,P304,7,25.0,0.0,0,C1040,UPI,11
T102524,2026-07-15,S04,P304,9,25.0,0.0,0,C0605,Card,8
T102525,2026-07-15,S04,P304,7,25.0,0.0,0,C0354,Card,9
T102526,2026-07-15,S04,P401,8,31.5,10.0,1,C0394,Cash,11
T102527,2026-07-15,S04,P401,5,35.0,0.0,1,C1180,Card,13
T102528,2026-07-15,S04,P401,6,35.0,0.0,1,C0079,Cash,13
T102529,2026-07-15,S04,P401,8,35.0,0.0,1,C0198,Card,17
T102530,2026-07-15,S04,P402,5,28.5,5.0,1,C0395,Card,20
T102531,2026-07-15,S04,P402,4,28.5,5.0,1,C0830,UPI,12
T102532,2026-07-15,S04,P402,11,30.0,0.0,1,C0438,Card,12
T102533,2026-07-15,S04,P402,5,28.5,5.0,1,C0797,UPI,11
T102534,2026-07-15,S04,P403,6,55.0,0.0,0,C0217,Cash,11
T102535,2026-07-15,S04,P403,7,55.0,0.0,0,C1001,UPI,12
T102536,2026-07-15,S04,P501,8,210.0,0.0,0,C0601,UPI,11
T102537,2026-07-15,S04,P502,8,145.0,0.0,0,C0498,UPI,18
T102538,2026-07-15,S04,P503,7,95.0,0.0,1,C1161,UPI,13
T102539,2026-07-15,S04,P503,4,95.0,0.0,1,C1192,UPI,21
T102540,2026-07-15,S04,P503,6,95.0,0.0,1,C1166,Cash,11
T102541,2026-07-15,S04,P601,5,76.0,5.0,1,C0664,UPI,19
T102542,2026-07-15,S04,P601,9,72.0,10.0,1,C0108,Cash,8
T102543,2026-07-16,S01,P101,4,60.0,0.0,0,C0767,UPI,18
T102544,2026-07-16,S01,P101,10,60.0,0.0,0,C0034,Card,8
T102545,2026-07-16,S01,P101,5,60.0,0.0,0,C0691,UPI,12
T102546,2026-07-16,S01,P102,8,45.0,0.0,0,C0650,UPI,18
T102547,2026-07-16,S01,P102,8,45.0,0.0,0,C0233,Card,9
T102548,2026-07-16,S01,P103,3,95.0,0.0,0,C1199,UPI,9
T102549,2026-07-16,S01,P103,6,95.0,0.0,0,C0074,Card,20
T102550,2026-07-16,S01,P104,6,145.0,0.0,0,C0143,UPI,16
T102551,2026-07-16,S01,P201,8,120.0,0.0,0,C0554,UPI,18
T102552,2026-07-16,S01,P202,8,42.0,0.0,0,C0226,UPI,11
T102553,2026-07-16,S01,P202,4,42.0,0.0,0,C0932,Cash,11
T102554,2026-07-16,S01,P202,8,42.0,0.0,0,C0067,Cash,8
T102555,2026-07-16,S01,P203,8,85.5,10.0,1,C0194,UPI,11
T102556,2026-07-16,S01,P203,4,80.75,15.0,1,C0145,Card,17
T102557,2026-07-16,S01,P204,5,165.0,0.0,0,C0705,UPI,17
T102558,2026-07-16,S01,P301,11,50.0,0.0,0,C0465,Cash,9
T102559,2026-07-16,S01,P301,8,50.0,0.0,0,C0556,UPI,12
T102560,2026-07-16,S01,P301,5,50.0,0.0,0,C0881,UPI,13
T102561,2026-07-16,S01,P302,8,85.0,0.0,0,C0569,UPI,18
T102562,2026-07-16,S01,P303,3,110.0,0.0,1,C0057,UPI,12
T102563,2026-07-16,S01,P303,6,104.5,5.0,1,C0369,Card,19
T102564,2026-07-16,S01,P304,5,25.0,0.0,0,C1079,Cash,17
T102565,2026-07-16,S01,P304,8,25.0,0.0,0,C0113,UPI,20
T102566,2026-07-16,S01,P304,4,25.0,0.0,0,C0431,UPI,18
T102567,2026-07-16,S01,P304,9,25.0,0.0,0,C0107,UPI,9
T102568,2026-07-16,S01,P401,8,35.0,0.0,0,C0821,Card,11
T102569,2026-07-16,S01,P401,9,35.0,0.0,0,C0124,Card,10
T102570,2026-07-16,S01,P401,6,35.0,0.0,0,C0944,Cash,16
T102571,2026-07-16,S01,P402,5,28.5,5.0,1,C0632,Card,13
T102572,2026-07-16,S01,P402,7,30.0,0.0,1,C0540,Card,11
T102573,2026-07-16,S01,P402,6,27.0,10.0,1,C0703,UPI,13
T102574,2026-07-16,S01,P402,8,27.0,10.0,1,C0397,Card,13
T102575,2026-07-16,S01,P403,7,55.0,0.0,0,C0797,Cash,8
T102576,2026-07-16,S01,P403,8,55.0,0.0,0,C0901,UPI,21
T102577,2026-07-16,S01,P501,4,210.0,0.0,0,C1085,Card,16
T102578,2026-07-16,S01,P501,7,210.0,0.0,0,C0111,Cash,16
T102579,2026-07-16,S01,P502,6,145.0,0.0,0,C0454,UPI,18
T102580,2026-07-16,S01,P503,4,95.0,0.0,0,C1068,Card,19
T102581,2026-07-16,S01,P503,8,95.0,0.0,0,C0910,Card,10
T102582,2026-07-16,S01,P601,3,80.0,0.0,0,C0130,Card,8
T102583,2026-07-16,S01,P601,6,80.0,0.0,0,C0734,Card,9
T102584,2026-07-16,S02,P101,8,57.0,5.0,1,C0173,Card,9
T102585,2026-07-16,S02,P101,7,57.0,5.0,1,C1081,UPI,17
T102586,2026-07-16,S02,P101,7,60.0,0.0,1,C0561,Card,13
T102587,2026-07-16,S02,P102,7,45.0,0.0,0,C0946,UPI,21
T102588,2026-07-16,S02,P102,9,45.0,0.0,0,C0715,UPI,11
T102589,2026-07-16,S02,P102,5,45.0,0.0,0,C1080,UPI,10
T102590,2026-07-16,S02,P103,7,95.0,0.0,0,C0863,UPI,12
T102591,2026-07-16,S02,P104,6,145.0,0.0,0,C0565,UPI,10
T102592,2026-07-16,S02,P104,3,145.0,0.0,0,C0133,Card,10
T102593,2026-07-16,S02,P201,7,120.0,0.0,0,C0968,Card,13
T102594,2026-07-16,S02,P202,6,42.0,0.0,0,C0522,UPI,8
T102595,2026-07-16,S02,P202,12,42.0,0.0,0,C0849,Card,11
T102596,2026-07-16,S02,P202,7,42.0,0.0,0,C0715,UPI,16
T102597,2026-07-16,S02,P202,8,42.0,0.0,0,C0266,UPI,9
T102598,2026-07-16,S02,P203,8,95.0,0.0,0,C0505,Card,10
T102599,2026-07-16,S02,P204,6,165.0,0.0,0,C0883,UPI,12
T102600,2026-07-16,S02,P301,4,50.0,0.0,0,C0891,Cash,10
T102601,2026-07-16,S02,P301,6,50.0,0.0,0,C0302,Card,12
T102602,2026-07-16,S02,P301,9,50.0,0.0,0,C0573,Card,11
T102603,2026-07-16,S02,P301,9,50.0,0.0,0,C1118,UPI,11
T102604,2026-07-16,S02,P302,5,85.0,0.0,0,C0394,Card,19
T102605,2026-07-16,S02,P302,10,85.0,0.0,0,C0626,UPI,20
T102606,2026-07-16,S02,P302,5,85.0,0.0,0,C0562,Card,13
T102607,2026-07-16,S02,P303,5,110.0,0.0,0,C0782,Card,17
T102608,2026-07-16,S02,P303,4,110.0,0.0,0,C0597,Card,20
T102609,2026-07-16,S02,P304,8,25.0,0.0,0,C0392,UPI,20
T102610,2026-07-16,S02,P304,12,25.0,0.0,0,C0420,Card,10
T102611,2026-07-16,S02,P304,6,25.0,0.0,0,C0638,UPI,10
T102612,2026-07-16,S02,P304,9,25.0,0.0,0,C0017,UPI,13
T102613,2026-07-16,S02,P401,6,35.0,0.0,0,C0133,Card,20
T102614,2026-07-16,S02,P401,7,35.0,0.0,0,C0954,UPI,16
T102615,2026-07-16,S02,P401,11,35.0,0.0,0,C0639,Cash,8
T102616,2026-07-16,S02,P402,9,30.0,0.0,0,C0464,Card,9
T102617,2026-07-16,S02,P402,6,30.0,0.0,0,C0335,Card,18
T102618,2026-07-16,S02,P402,8,30.0,0.0,0,C1016,UPI,20
T102619,2026-07-16,S02,P402,10,30.0,0.0,0,C0081,Cash,10
T102620,2026-07-16,S02,P403,7,55.0,0.0,0,C0305,UPI,9
T102621,2026-07-16,S02,P403,6,55.0,0.0,0,C0262,UPI,19
T102622,2026-07-16,S02,P403,6,55.0,0.0,0,C0012,Card,16
T102623,2026-07-16,S02,P403,7,55.0,0.0,0,C0091,Card,18
T102624,2026-07-16,S02,P501,9,210.0,0.0,0,C0018,UPI,8
T102625,2026-07-16,S02,P501,4,210.0,0.0,0,C0746,UPI,8
T102626,2026-07-16,S02,P502,5,145.0,0.0,1,C0709,UPI,11
T102627,2026-07-16,S02,P502,7,145.0,0.0,1,C0833,UPI,11
T102628,2026-07-16,S02,P503,7,95.0,0.0,0,C0815,Cash,16
T102629,2026-07-16,S02,P503,8,95.0,0.0,0,C0525,UPI,12
T102630,2026-07-16,S02,P503,8,95.0,0.0,0,C0375,UPI,17
T102631,2026-07-16,S02,P601,7,80.0,0.0,1,C0287,UPI,18
T102632,2026-07-16,S02,P601,6,72.0,10.0,1,C0300,UPI,17
T102633,2026-07-16,S02,P601,8,72.0,10.0,1,C0718,Card,10
T102634,2026-07-16,S03,P101,5,54.0,10.0,1,C0126,UPI,13
T102635,2026-07-16,S03,P101,11,60.0,0.0,1,C0346,UPI,13
T102636,2026-07-16,S03,P102,7,45.0,0.0,0,C0871,UPI,11
T102637,2026-07-16,S03,P102,6,45.0,0.0,0,C0669,UPI,20
T102638,2026-07-16,S03,P103,3,95.0,0.0,0,C0792,Cash,10
T102639,2026-07-16,S03,P104,4,145.0,0.0,0,C0987,UPI,18
T102640,2026-07-16,S03,P201,2,120.0,0.0,0,C1200,UPI,8
T102641,2026-07-16,S03,P202,6,42.0,0.0,0,C0646,Cash,11
T102642,2026-07-16,S03,P202,6,42.0,0.0,0,C0356,UPI,10
T102643,2026-07-16,S03,P203,5,95.0,0.0,0,C1036,UPI,20
T102644,2026-07-16,S03,P204,3,165.0,0.0,0,C0617,Card,18
T102645,2026-07-16,S03,P301,4,50.0,0.0,0,C0114,Card,13
T102646,2026-07-16,S03,P301,5,50.0,0.0,0,C0694,UPI,13
T102647,2026-07-16,S03,P301,8,50.0,0.0,0,C0943,UPI,12
T102648,2026-07-16,S03,P302,8,85.0,0.0,0,C0405,UPI,9
T102649,2026-07-16,S03,P303,5,110.0,0.0,0,C0535,Cash,13
T102650,2026-07-16,S03,P304,7,25.0,0.0,0,C0806,UPI,8
T102651,2026-07-16,S03,P304,4,25.0,0.0,0,C1085,Card,8
T102652,2026-07-16,S03,P304,7,25.0,0.0,0,C0007,UPI,13
T102653,2026-07-16,S03,P401,5,35.0,0.0,0,C0606,Card,9
T102654,2026-07-16,S03,P401,9,35.0,0.0,0,C0515,Card,16
T102655,2026-07-16,S03,P401,4,35.0,0.0,0,C0741,Card,18
T102656,2026-07-16,S03,P402,10,30.0,0.0,0,C0031,UPI,12
T102657,2026-07-16,S03,P402,7,30.0,0.0,0,C1070,Card,20
T102658,2026-07-16,S03,P402,7,30.0,0.0,0,C0558,UPI,13
T102659,2026-07-16,S03,P402,9,30.0,0.0,0,C1129,Card,18
T102660,2026-07-16,S03,P403,8,55.0,0.0,0,C1128,UPI,19
T102661,2026-07-16,S03,P403,8,55.0,0.0,0,C0690,Card,9
T102662,2026-07-16,S03,P403,5,55.0,0.0,0,C0235,UPI,13
T102663,2026-07-16,S03,P501,7,210.0,0.0,0,C0142,Card,11
T102664,2026-07-16,S03,P501,3,210.0,0.0,0,C1160,UPI,16
T102665,2026-07-16,S03,P502,6,145.0,0.0,0,C0981,UPI,8
T102666,2026-07-16,S03,P503,4,95.0,0.0,0,C1085,Card,19
T102667,2026-07-16,S03,P601,9,80.0,0.0,0,C0147,UPI,10
T102668,2026-07-16,S03,P601,7,80.0,0.0,0,C0651,Cash,9
T102669,2026-07-16,S04,P101,10,60.0,0.0,0,C0905,UPI,19
T102670,2026-07-16,S04,P101,6,60.0,0.0,0,C1006,Cash,20
T102671,2026-07-16,S04,P102,5,45.0,0.0,0,C0160,Cash,13
T102672,2026-07-16,S04,P102,6,45.0,0.0,0,C0758,UPI,17
T102673,2026-07-16,S04,P103,8,95.0,0.0,0,C1054,UPI,12
T102674,2026-07-16,S04,P104,1,145.0,0.0,0,C0055,UPI,11
T102675,2026-07-16,S04,P201,8,120.0,0.0,0,C0768,UPI,10
T102676,2026-07-16,S04,P202,7,42.0,0.0,0,C0408,Cash,19
T102677,2026-07-16,S04,P202,5,42.0,0.0,0,C0351,Card,20
T102678,2026-07-16,S04,P202,5,42.0,0.0,0,C0842,Cash,16
T102679,2026-07-16,S04,P203,5,90.25,5.0,1,C1075,UPI,20
T102680,2026-07-16,S04,P203,7,95.0,0.0,1,C0568,Card,19
T102681,2026-07-16,S04,P204,2,165.0,0.0,0,C0779,UPI,20
T102682,2026-07-16,S04,P301,4,50.0,0.0,0,C1096,Cash,12
T102683,2026-07-16,S04,P301,9,50.0,0.0,0,C1030,Card,18
T102684,2026-07-16,S04,P301,4,50.0,0.0,0,C0017,UPI,11
T102685,2026-07-16,S04,P302,7,85.0,0.0,0,C1076,Card,18
T102686,2026-07-16,S04,P302,9,85.0,0.0,0,C0906,Card,10
T102687,2026-07-16,S04,P303,7,110.0,0.0,0,C0942,Card,8
T102688,2026-07-16,S04,P304,10,25.0,0.0,0,C0090,Card,18
T102689,2026-07-16,S04,P304,5,25.0,0.0,0,C1012,UPI,10
T102690,2026-07-16,S04,P304,8,25.0,0.0,0,C0057,UPI,21
T102691,2026-07-16,S04,P304,6,25.0,0.0,0,C0608,UPI,20
T102692,2026-07-16,S04,P401,8,29.75,15.0,1,C0632,UPI,12
T102693,2026-07-16,S04,P401,7,35.0,0.0,1,C0738,UPI,13
T102694,2026-07-16,S04,P401,9,35.0,0.0,1,C1026,Card,10
T102695,2026-07-16,S04,P402,9,30.0,0.0,0,C0308,UPI,18
T102696,2026-07-16,S04,P402,8,30.0,0.0,0,C1178,Cash,11
T102697,2026-07-16,S04,P402,8,30.0,0.0,0,C0509,Card,9
T102698,2026-07-16,S04,P402,4,30.0,0.0,0,C0360,Cash,12
T102699,2026-07-16,S04,P403,5,55.0,0.0,0,C1194,Card,12
T102700,2026-07-16,S04,P403,7,55.0,0.0,0,C0246,UPI,9
T102701,2026-07-16,S04,P501,7,210.0,0.0,0,C1158,UPI,19
T102702,2026-07-16,S04,P501,3,210.0,0.0,0,C0371,Card,18
T102703,2026-07-16,S04,P502,5,145.0,0.0,0,C0469,Card,21
T102704,2026-07-16,S04,P503,8,95.0,0.0,0,C0587,UPI,20
T102705,2026-07-16,S04,P503,4,95.0,0.0,0,C0826,Card,17
T102706,2026-07-16,S04,P601,7,80.0,0.0,0,C0226,UPI,20
T102707,2026-07-17,S01,P101,5,60.0,0.0,0,C0407,UPI,10
T102708,2026-07-17,S01,P101,5,60.0,0.0,0,C0826,UPI,16
T102709,2026-07-17,S01,P101,10,60.0,0.0,0,C0576,UPI,16
T102710,2026-07-17,S01,P102,5,45.0,0.0,0,C1145,UPI,10
T102711,2026-07-17,S01,P102,6,45.0,0.0,0,C0764,Cash,10
T102712,2026-07-17,S01,P103,5,95.0,0.0,0,C0406,UPI,12
T102713,2026-07-17,S01,P104,6,145.0,0.0,0,C0321,Card,17
T102714,2026-07-17,S01,P201,5,120.0,0.0,0,C0689,Card,8
T102715,2026-07-17,S01,P202,10,42.0,0.0,1,C1130,UPI,16
T102716,2026-07-17,S01,P202,8,42.0,0.0,1,C1054,Cash,8
T102717,2026-07-17,S01,P202,4,42.0,0.0,1,C0757,Card,9
T102718,2026-07-17,S01,P202,6,42.0,0.0,1,C1059,UPI,13
T102719,2026-07-17,S01,P203,7,95.0,0.0,0,C0665,UPI,9
T102720,2026-07-17,S01,P204,7,165.0,0.0,0,C0774,UPI,13
T102721,2026-07-17,S01,P301,9,50.0,0.0,0,C1198,Card,11
T102722,2026-07-17,S01,P301,5,50.0,0.0,0,C0104,Cash,21
T102723,2026-07-17,S01,P301,6,50.0,0.0,0,C0077,UPI,10
T102724,2026-07-17,S01,P302,6,85.0,0.0,0,C0946,Card,19
T102725,2026-07-17,S01,P302,6,85.0,0.0,0,C1025,Cash,12
T102726,2026-07-17,S01,P302,5,85.0,0.0,0,C0160,UPI,11
T102727,2026-07-17,S01,P303,8,110.0,0.0,0,C1029,Card,18
T102728,2026-07-17,S01,P304,9,25.0,0.0,0,C0103,Cash,19
T102729,2026-07-17,S01,P304,6,25.0,0.0,0,C0372,UPI,12
T102730,2026-07-17,S01,P304,9,25.0,0.0,0,C0202,Cash,19
T102731,2026-07-17,S01,P401,6,35.0,0.0,0,C0652,UPI,11
T102732,2026-07-17,S01,P401,8,35.0,0.0,0,C1154,Card,8
T102733,2026-07-17,S01,P401,4,35.0,0.0,0,C1093,UPI,11
T102734,2026-07-17,S01,P402,7,30.0,0.0,0,C0563,UPI,10
T102735,2026-07-17,S01,P402,11,30.0,0.0,0,C0028,Card,12
T102736,2026-07-17,S01,P402,6,30.0,0.0,0,C0869,Card,20
T102737,2026-07-17,S01,P402,9,30.0,0.0,0,C0028,UPI,10
T102738,2026-07-17,S01,P403,4,49.5,10.0,1,C0374,Cash,8
T102739,2026-07-17,S01,P403,7,49.5,10.0,1,C0948,UPI,21
T102740,2026-07-17,S01,P403,8,55.0,0.0,1,C0370,UPI,20
T102741,2026-07-17,S01,P501,7,210.0,0.0,0,C0607,Card,17
T102742,2026-07-17,S01,P502,8,145.0,0.0,0,C0395,UPI,11
T102743,2026-07-17,S01,P503,5,95.0,0.0,0,C1062,UPI,10
T102744,2026-07-17,S01,P503,6,95.0,0.0,0,C0104,Card,13
T102745,2026-07-17,S01,P601,6,80.0,0.0,1,C0973,Card,21
T102746,2026-07-17,S01,P601,4,76.0,5.0,1,C1136,Cash,10
T102747,2026-07-17,S02,P101,6,60.0,0.0,0,C0243,Card,8
T102748,2026-07-17,S02,P101,10,60.0,0.0,0,C0530,Card,16
T102749,2026-07-17,S02,P101,11,60.0,0.0,0,C0760,Card,13
T102750,2026-07-17,S02,P101,7,60.0,0.0,0,C0864,Cash,11
T102751,2026-07-17,S02,P102,5,45.0,0.0,1,C0933,Cash,18
T102752,2026-07-17,S02,P102,10,45.0,0.0,1,C0523,Card,17
T102753,2026-07-17,S02,P102,7,42.75,5.0,1,C0973,Card,10
T102754,2026-07-17,S02,P103,6,95.0,0.0,0,C0898,Cash,10
T102755,2026-07-17,S02,P103,7,95.0,0.0,0,C0302,UPI,8
T102756,2026-07-17,S02,P103,4,95.0,0.0,0,C0231,UPI,18
T102757,2026-07-17,S02,P104,5,145.0,0.0,0,C0454,Card,12
T102758,2026-07-17,S02,P201,4,120.0,0.0,1,C0707,UPI,13
T102759,2026-07-17,S02,P201,10,120.0,0.0,1,C1041,UPI,18
T102760,2026-07-17,S02,P202,6,42.0,0.0,0,C0804,UPI,8
T102761,2026-07-17,S02,P202,6,42.0,0.0,0,C0233,Card,21
T102762,2026-07-17,S02,P202,8,42.0,0.0,0,C1055,Card,18
T102763,2026-07-17,S02,P202,6,42.0,0.0,0,C0371,UPI,16
T102764,2026-07-17,S02,P203,8,95.0,0.0,0,C0420,UPI,13
T102765,2026-07-17,S02,P203,6,95.0,0.0,0,C0829,UPI,18
T102766,2026-07-17,S02,P204,8,165.0,0.0,0,C0556,UPI,18
T102767,2026-07-17,S02,P301,8,47.5,5.0,1,C0746,UPI,17
T102768,2026-07-17,S02,P301,7,50.0,0.0,1,C0227,UPI,11
T102769,2026-07-17,S02,P301,6,45.0,10.0,1,C0568,UPI,10
T102770,2026-07-17,S02,P301,4,50.0,0.0,1,C0130,Card,20
T102771,2026-07-17,S02,P302,8,85.0,0.0,0,C0204,Card,8
T102772,2026-07-17,S02,P302,6,85.0,0.0,0,C1186,UPI,13
T102773,2026-07-17,S02,P302,6,85.0,0.0,0,C0104,UPI,9
T102774,2026-07-17,S02,P303,7,110.0,0.0,0,C0125,UPI,8
T102775,2026-07-17,S02,P303,4,110.0,0.0,0,C0107,Card,20
T102776,2026-07-17,S02,P304,9,25.0,0.0,0,C0796,UPI,19
T102777,2026-07-17,S02,P304,13,25.0,0.0,0,C1014,Card,13
T102778,2026-07-17,S02,P304,9,25.0,0.0,0,C0576,UPI,13
T102779,2026-07-17,S02,P304,9,25.0,0.0,0,C1124,UPI,18
T102780,2026-07-17,S02,P401,14,35.0,0.0,0,C0394,Card,21
T102781,2026-07-17,S02,P401,9,35.0,0.0,0,C1004,Card,20
T102782,2026-07-17,S02,P401,8,35.0,0.0,0,C0999,UPI,18
T102783,2026-07-17,S02,P401,10,35.0,0.0,0,C0976,Card,10
T102784,2026-07-17,S02,P402,13,30.0,0.0,0,C1190,UPI,12
T102785,2026-07-17,S02,P402,10,30.0,0.0,0,C0662,UPI,21
T102786,2026-07-17,S02,P402,9,30.0,0.0,0,C1133,Card,21
T102787,2026-07-17,S02,P402,6,30.0,0.0,0,C1157,UPI,16
T102788,2026-07-17,S02,P403,4,55.0,0.0,0,C0203,UPI,18
T102789,2026-07-17,S02,P403,4,55.0,0.0,0,C0685,Card,18
T102790,2026-07-17,S02,P403,10,55.0,0.0,0,C0243,UPI,20
T102791,2026-07-17,S02,P501,5,210.0,0.0,0,C0111,UPI,10
T102792,2026-07-17,S02,P501,8,210.0,0.0,0,C0273,UPI,12
T102793,2026-07-17,S02,P501,4,210.0,0.0,0,C0560,UPI,18
T102794,2026-07-17,S02,P502,6,145.0,0.0,0,C0196,Card,20
T102795,2026-07-17,S02,P502,7,145.0,0.0,0,C0034,Cash,18
T102796,2026-07-17,S02,P503,8,95.0,0.0,0,C0619,UPI,18
T102797,2026-07-17,S02,P503,3,95.0,0.0,0,C1178,UPI,8
T102798,2026-07-17,S02,P601,8,80.0,0.0,0,C1105,Cash,10
T102799,2026-07-17,S02,P601,7,80.0,0.0,0,C1072,Cash,11
T102800,2026-07-17,S02,P601,6,80.0,0.0,0,C0826,UPI,19
T102801,2026-07-17,S03,P101,4,60.0,0.0,0,C0118,Card,18
T102802,2026-07-17,S03,P101,7,60.0,0.0,0,C0849,Card,20
T102803,2026-07-17,S03,P102,5,45.0,0.0,0,C0628,Card,10
T102804,2026-07-17,S03,P102,6,45.0,0.0,0,C0605,UPI,13
T102805,2026-07-17,S03,P103,2,95.0,0.0,0,C0305,UPI,10
T102806,2026-07-17,S03,P104,1,145.0,0.0,0,C0304,Card,17
T102807,2026-07-17,S03,P201,3,114.0,5.0,1,C0201,Card,13
T102808,2026-07-17,S03,P202,5,42.0,0.0,1,C0540,UPI,12
T102809,2026-07-17,S03,P202,4,42.0,0.0,1,C0510,Card,17
T102810,2026-07-17,S03,P203,8,95.0,0.0,0,C0729,UPI,13
T102811,2026-07-17,S03,P204,4,165.0,0.0,0,C0487,Card,16
T102812,2026-07-17,S03,P301,5,50.0,0.0,0,C0143,UPI,19
T102813,2026-07-17,S03,P301,10,50.0,0.0,0,C0615,Card,21
T102814,2026-07-17,S03,P302,6,85.0,0.0,0,C0392,UPI,11
T102815,2026-07-17,S03,P302,3,85.0,0.0,0,C0509,UPI,8
T102816,2026-07-17,S03,P303,4,110.0,0.0,0,C1016,UPI,12
T102817,2026-07-17,S03,P304,8,25.0,0.0,0,C0640,UPI,9
T102818,2026-07-17,S03,P304,8,25.0,0.0,0,C0246,Card,20
T102819,2026-07-17,S03,P401,11,35.0,0.0,0,C0794,UPI,9
T102820,2026-07-17,S03,P401,4,35.0,0.0,0,C0934,Card,10
T102821,2026-07-17,S03,P401,9,35.0,0.0,0,C0292,Card,8
T102822,2026-07-17,S03,P402,5,30.0,0.0,0,C0027,UPI,9
T102823,2026-07-17,S03,P402,10,30.0,0.0,0,C0279,UPI,9
T102824,2026-07-17,S03,P402,5,30.0,0.0,0,C0961,UPI,18
T102825,2026-07-17,S03,P403,5,55.0,0.0,0,C0740,Card,19
T102826,2026-07-17,S03,P403,9,55.0,0.0,0,C1063,Card,8
T102827,2026-07-17,S03,P403,4,55.0,0.0,0,C0645,Card,16
T102828,2026-07-17,S03,P501,7,210.0,0.0,0,C0819,UPI,16
T102829,2026-07-17,S03,P501,5,210.0,0.0,0,C0636,Cash,19
T102830,2026-07-17,S03,P502,1,145.0,0.0,0,C0358,UPI,19
T102831,2026-07-17,S03,P503,7,95.0,0.0,0,C0436,UPI,16
T102832,2026-07-17,S03,P601,4,80.0,0.0,0,C0031,Card,16
T102833,2026-07-17,S03,P601,6,80.0,0.0,0,C1193,UPI,9
T102834,2026-07-17,S04,P101,9,60.0,0.0,0,C0560,Card,16
T102835,2026-07-17,S04,P101,6,60.0,0.0,0,C1028,Card,13
T102836,2026-07-17,S04,P101,4,60.0,0.0,0,C0470,Card,11
T102837,2026-07-17,S04,P102,3,45.0,0.0,0,C0181,Card,9
T102838,2026-07-17,S04,P102,7,45.0,0.0,0,C0047,UPI,12
T102839,2026-07-17,S04,P103,7,95.0,0.0,0,C0361,Card,19
T102840,2026-07-17,S04,P104,3,145.0,0.0,0,C0182,UPI,8
T102841,2026-07-17,S04,P201,7,120.0,0.0,0,C0168,Card,19
T102842,2026-07-17,S04,P202,4,37.8,10.0,1,C0223,Card,18
T102843,2026-07-17,S04,P202,9,42.0,0.0,1,C1012,UPI,13
T102844,2026-07-17,S04,P202,4,42.0,0.0,1,C0481,Card,16
T102845,2026-07-17,S04,P203,6,95.0,0.0,0,C0881,Card,11
T102846,2026-07-17,S04,P203,4,95.0,0.0,0,C0515,Cash,18
T102847,2026-07-17,S04,P204,7,165.0,0.0,0,C0109,Card,18
T102848,2026-07-17,S04,P301,7,50.0,0.0,0,C0073,Card,20
T102849,2026-07-17,S04,P301,6,50.0,0.0,0,C0547,UPI,19
T102850,2026-07-17,S04,P301,8,50.0,0.0,0,C0765,UPI,17
T102851,2026-07-17,S04,P302,7,85.0,0.0,0,C0252,UPI,10
T102852,2026-07-17,S04,P303,5,110.0,0.0,0,C0993,Card,12
T102853,2026-07-17,S04,P304,9,22.5,10.0,1,C0232,UPI,13
T102854,2026-07-17,S04,P304,9,25.0,0.0,1,C0245,UPI,20
T102855,2026-07-17,S04,P304,4,25.0,0.0,1,C0798,Card,13
T102856,2026-07-17,S04,P401,9,35.0,0.0,0,C0590,UPI,21
T102857,2026-07-17,S04,P401,6,35.0,0.0,0,C0650,Card,11
T102858,2026-07-17,S04,P401,8,35.0,0.0,0,C0856,Cash,18
T102859,2026-07-17,S04,P401,4,35.0,0.0,0,C1187,Card,9
T102860,2026-07-17,S04,P402,4,30.0,0.0,0,C0006,UPI,13
T102861,2026-07-17,S04,P402,9,30.0,0.0,0,C0051,UPI,10
T102862,2026-07-17,S04,P402,8,30.0,0.0,0,C0770,UPI,13
T102863,2026-07-17,S04,P402,5,30.0,0.0,0,C0788,UPI,13
T102864,2026-07-17,S04,P403,6,55.0,0.0,1,C1173,UPI,10
T102865,2026-07-17,S04,P403,7,55.0,0.0,1,C0590,Card,13
T102866,2026-07-17,S04,P403,9,55.0,0.0,1,C0977,Card,9
T102867,2026-07-17,S04,P501,8,210.0,0.0,0,C1075,UPI,16
T102868,2026-07-17,S04,P502,7,137.75,5.0,1,C0359,Cash,19
T102869,2026-07-17,S04,P503,10,95.0,0.0,0,C1041,Card,20
T102870,2026-07-17,S04,P503,6,95.0,0.0,0,C0784,Card,10
T102871,2026-07-17,S04,P601,7,80.0,0.0,0,C0350,Card,8
T102872,2026-07-17,S04,P601,4,80.0,0.0,0,C1006,UPI,18
T102873,2026-07-18,S01,P101,8,60.0,0.0,0,C0089,Cash,10
T102874,2026-07-18,S01,P101,5,60.0,0.0,0,C0526,UPI,13
T102875,2026-07-18,S01,P101,7,60.0,0.0,0,C0387,UPI,20
T102876,2026-07-18,S01,P101,7,60.0,0.0,0,C0203,Card,19
T102877,2026-07-18,S01,P102,7,45.0,0.0,0,C0829,UPI,16
T102878,2026-07-18,S01,P102,9,45.0,0.0,0,C0103,Card,16
T102879,2026-07-18,S01,P103,5,95.0,0.0,0,C0588,UPI,17
T102880,2026-07-18,S01,P103,5,95.0,0.0,0,C0126,UPI,11
T102881,2026-07-18,S01,P104,7,145.0,0.0,0,C0671,UPI,11
T102882,2026-07-18,S01,P201,8,108.0,10.0,1,C0459,Cash,19
T102883,2026-07-18,S01,P202,8,42.0,0.0,0,C0601,Card,16
T102884,2026-07-18,S01,P202,5,42.0,0.0,0,C0235,UPI,13
T102885,2026-07-18,S01,P202,10,42.0,0.0,0,C0008,Cash,9
T102886,2026-07-18,S01,P203,5,95.0,0.0,0,C0138,UPI,17
T102887,2026-07-18,S01,P203,7,95.0,0.0,0,C0144,Card,16
T102888,2026-07-18,S01,P204,4,165.0,0.0,0,C0611,Card,18
T102889,2026-07-18,S01,P301,6,50.0,0.0,1,C0010,Card,10
T102890,2026-07-18,S01,P301,8,47.5,5.0,1,C0593,UPI,10
T102891,2026-07-18,S01,P301,8,45.0,10.0,1,C0081,UPI,20
T102892,2026-07-18,S01,P301,4,47.5,5.0,1,C0222,UPI,8
T102893,2026-07-18,S01,P302,7,85.0,0.0,1,C0290,Card,11
T102894,2026-07-18,S01,P303,7,110.0,0.0,1,C0988,UPI,21
T102895,2026-07-18,S01,P304,10,25.0,0.0,1,C0775,Card,21
T102896,2026-07-18,S01,P304,6,22.5,10.0,1,C0085,UPI,9
T102897,2026-07-18,S01,P304,6,25.0,0.0,1,C1154,UPI,8
T102898,2026-07-18,S01,P304,12,25.0,0.0,1,C0742,Card,11
T102899,2026-07-18,S01,P401,7,35.0,0.0,0,C1087,UPI,19
T102900,2026-07-18,S01,P401,5,35.0,0.0,0,C1200,UPI,18
T102901,2026-07-18,S01,P401,7,35.0,0.0,0,C0483,UPI,19
T102902,2026-07-18,S01,P401,9,35.0,0.0,0,C0147,Card,18
T102903,2026-07-18,S01,P402,12,30.0,0.0,0,C0864,UPI,19
T102904,2026-07-18,S01,P402,11,30.0,0.0,0,C0558,UPI,8
T102905,2026-07-18,S01,P402,4,30.0,0.0,0,C0620,UPI,18
T102906,2026-07-18,S01,P402,8,30.0,0.0,0,C1095,Card,10
T102907,2026-07-18,S01,P403,9,55.0,0.0,0,C0280,UPI,10
T102908,2026-07-18,S01,P403,6,55.0,0.0,0,C0120,Cash,8
T102909,2026-07-18,S01,P501,8,210.0,0.0,0,C1048,Cash,11
T102910,2026-07-18,S01,P502,7,145.0,0.0,0,C1075,UPI,21
T102911,2026-07-18,S01,P503,7,95.0,0.0,0,C0775,UPI,17
T102912,2026-07-18,S01,P601,7,80.0,0.0,1,C0604,UPI,18
T102913,2026-07-18,S01,P601,9,76.0,5.0,1,C0515,Cash,12
T102914,2026-07-18,S01,P601,4,76.0,5.0,1,C0562,Cash,9
T102915,2026-07-18,S02,P101,12,60.0,0.0,0,C0998,Cash,17
T102916,2026-07-18,S02,P101,5,60.0,0.0,0,C1084,UPI,16
T102917,2026-07-18,S02,P101,8,60.0,0.0,0,C1023,UPI,13
T102918,2026-07-18,S02,P101,11,60.0,0.0,0,C0535,UPI,9
T102919,2026-07-18,S02,P102,9,45.0,0.0,0,C1036,UPI,18
T102920,2026-07-18,S02,P102,8,45.0,0.0,0,C0133,Card,17
T102921,2026-07-18,S02,P102,4,45.0,0.0,0,C1010,Card,12
T102922,2026-07-18,S02,P103,7,95.0,0.0,0,C1106,UPI,19
T102923,2026-07-18,S02,P103,8,95.0,0.0,0,C0842,UPI,21
T102924,2026-07-18,S02,P103,5,95.0,0.0,0,C0866,Cash,20
T102925,2026-07-18,S02,P104,6,145.0,0.0,0,C0794,Card,13
T102926,2026-07-18,S02,P104,6,145.0,0.0,0,C0433,Cash,12
T102927,2026-07-18,S02,P201,4,120.0,0.0,0,C0117,UPI,19
T102928,2026-07-18,S02,P201,5,120.0,0.0,0,C0149,UPI,19
T102929,2026-07-18,S02,P202,5,42.0,0.0,0,C0436,Card,11
T102930,2026-07-18,S02,P202,10,42.0,0.0,0,C1161,Card,18
T102931,2026-07-18,S02,P202,11,42.0,0.0,0,C0393,Card,11
T102932,2026-07-18,S02,P202,6,42.0,0.0,0,C0419,UPI,11
T102933,2026-07-18,S02,P203,6,95.0,0.0,0,C0099,Card,17
T102934,2026-07-18,S02,P203,3,95.0,0.0,0,C1167,UPI,12
T102935,2026-07-18,S02,P204,3,165.0,0.0,0,C0102,Card,13
T102936,2026-07-18,S02,P204,7,165.0,0.0,0,C0025,Card,10
T102937,2026-07-18,S02,P301,12,50.0,0.0,1,C1035,UPI,21
T102938,2026-07-18,S02,P301,6,50.0,0.0,1,C0857,UPI,8
T102939,2026-07-18,S02,P301,12,50.0,0.0,1,C0614,Card,13
T102940,2026-07-18,S02,P301,9,42.5,15.0,1,C0384,UPI,9
T102941,2026-07-18,S02,P302,6,85.0,0.0,0,C0108,Cash,18
T102942,2026-07-18,S02,P302,9,85.0,0.0,0,C1040,Card,19
T102943,2026-07-18,S02,P302,6,85.0,0.0,0,C0165,Card,18
T102944,2026-07-18,S02,P302,7,85.0,0.0,0,C0403,UPI,9
T102945,2026-07-18,S02,P303,5,110.0,0.0,1,C1186,UPI,12
T102946,2026-07-18,S02,P303,6,110.0,0.0,1,C0636,UPI,21
T102947,2026-07-18,S02,P304,16,25.0,0.0,1,C0673,Card,8
T102948,2026-07-18,S02,P304,17,25.0,0.0,1,C0876,UPI,11
T102949,2026-07-18,S02,P304,8,22.5,10.0,1,C0217,Cash,13
T102950,2026-07-18,S02,P304,12,23.75,5.0,1,C0953,UPI,12
T102951,2026-07-18,S02,P401,14,35.0,0.0,0,C0496,Card,12
T102952,2026-07-18,S02,P401,12,35.0,0.0,0,C0939,UPI,10
T102953,2026-07-18,S02,P401,10,35.0,0.0,0,C0498,UPI,20
T102954,2026-07-18,S02,P401,9,35.0,0.0,0,C0308,UPI,9
T102955,2026-07-18,S02,P402,11,30.0,0.0,0,C1053,Cash,18
T102956,2026-07-18,S02,P402,18,30.0,0.0,0,C1178,Cash,13
T102957,2026-07-18,S02,P402,17,30.0,0.0,0,C0984,Cash,8
T102958,2026-07-18,S02,P402,8,30.0,0.0,0,C0761,UPI,21
T102959,2026-07-18,S02,P403,7,55.0,0.0,0,C0647,Card,12
T102960,2026-07-18,S02,P403,13,55.0,0.0,0,C0462,UPI,19
T102961,2026-07-18,S02,P403,7,55.0,0.0,0,C1035,UPI,12
T102962,2026-07-18,S02,P403,10,55.0,0.0,0,C0240,UPI,9
T102963,2026-07-18,S02,P501,9,210.0,0.0,0,C0289,Card,21
T102964,2026-07-18,S02,P501,7,210.0,0.0,0,C1077,Card,8
T102965,2026-07-18,S02,P501,5,210.0,0.0,0,C0474,UPI,10
T102966,2026-07-18,S02,P502,6,145.0,0.0,0,C0134,Card,11
T102967,2026-07-18,S02,P502,7,145.0,0.0,0,C0491,UPI,9
T102968,2026-07-18,S02,P503,8,95.0,0.0,1,C0462,UPI,12
T102969,2026-07-18,S02,P503,6,95.0,0.0,1,C0735,Card,8
T102970,2026-07-18,S02,P601,8,80.0,0.0,1,C0528,UPI,19
T102971,2026-07-18,S02,P601,4,80.0,0.0,1,C1119,Cash,16
T102972,2026-07-18,S02,P601,6,80.0,0.0,1,C0303,UPI,12
T102973,2026-07-18,S03,P101,8,60.0,0.0,0,C1037,Card,12
T102974,2026-07-18,S03,P101,9,60.0,0.0,0,C1018,Card,8
T102975,2026-07-18,S03,P101,6,60.0,0.0,0,C0182,Card,11
T102976,2026-07-18,S03,P102,8,45.0,0.0,0,C0070,UPI,16
T102977,2026-07-18,S03,P103,8,95.0,0.0,0,C0362,Card,9
T102978,2026-07-18,S03,P104,2,145.0,0.0,0,C0126,UPI,13
T102979,2026-07-18,S03,P201,4,108.0,10.0,1,C0977,Card,18
T102980,2026-07-18,S03,P202,9,42.0,0.0,0,C0630,Cash,10
T102981,2026-07-18,S03,P202,6,42.0,0.0,0,C0816,UPI,16
T102982,2026-07-18,S03,P203,3,95.0,0.0,0,C0057,UPI,16
T102983,2026-07-18,S03,P204,2,165.0,0.0,0,C0950,UPI,9
T102984,2026-07-18,S03,P301,6,50.0,0.0,0,C1040,Card,17
T102985,2026-07-18,S03,P301,7,50.0,0.0,0,C1110,Card,11
T102986,2026-07-18,S03,P302,7,85.0,0.0,0,C0005,Card,19
T102987,2026-07-18,S03,P302,5,85.0,0.0,0,C0681,UPI,16
T102988,2026-07-18,S03,P303,1,110.0,0.0,1,C1189,Card,18
T102989,2026-07-18,S03,P304,7,25.0,0.0,0,C0938,UPI,21
T102990,2026-07-18,S03,P304,9,25.0,0.0,0,C0216,Card,18
T102991,2026-07-18,S03,P401,8,35.0,0.0,0,C1014,Card,10
T102992,2026-07-18,S03,P401,6,35.0,0.0,0,C1099,UPI,17
T102993,2026-07-18,S03,P401,5,35.0,0.0,0,C0123,UPI,12
T102994,2026-07-18,S03,P402,6,30.0,0.0,0,C0791,UPI,13
T102995,2026-07-18,S03,P402,8,30.0,0.0,0,C1033,UPI,17
T102996,2026-07-18,S03,P402,12,30.0,0.0,0,C0056,UPI,20
T102997,2026-07-18,S03,P402,11,30.0,0.0,0,C0793,Card,10
T102998,2026-07-18,S03,P403,4,55.0,0.0,0,C0650,Card,8
T102999,2026-07-18,S03,P403,6,55.0,0.0,0,C0019,UPI,9
T103000,2026-07-18,S03,P403,7,55.0,0.0,0,C0129,Card,10
T103001,2026-07-18,S03,P501,8,210.0,0.0,0,C0996,UPI,8
T103002,2026-07-18,S03,P501,3,210.0,0.0,0,C0057,Card,11
T103003,2026-07-18,S03,P502,3,145.0,0.0,0,C0812,UPI,16
T103004,2026-07-18,S03,P503,6,95.0,0.0,0,C0081,Card,13
T103005,2026-07-18,S03,P601,8,80.0,0.0,0,C0035,UPI,8
T103006,2026-07-18,S04,P101,9,60.0,0.0,0,C0735,UPI,18
T103007,2026-07-18,S04,P101,5,60.0,0.0,0,C0453,Card,20
T103008,2026-07-18,S04,P101,8,60.0,0.0,0,C1135,Card,10
T103009,2026-07-18,S04,P102,7,45.0,0.0,0,C0349,Card,16
T103010,2026-07-18,S04,P102,6,45.0,0.0,0,C1036,Card,9
T103011,2026-07-18,S04,P102,5,45.0,0.0,0,C0639,UPI,12
T103012,2026-07-18,S04,P103,5,95.0,0.0,0,C0962,UPI,20
T103013,2026-07-18,S04,P103,9,95.0,0.0,0,C0531,Cash,19
T103014,2026-07-18,S04,P104,7,145.0,0.0,0,C0900,UPI,16
T103015,2026-07-18,S04,P201,7,120.0,0.0,0,C1196,Card,11
T103016,2026-07-18,S04,P202,4,42.0,0.0,0,C0180,Card,17
T103017,2026-07-18,S04,P202,10,42.0,0.0,0,C0394,UPI,17
T103018,2026-07-18,S04,P202,5,42.0,0.0,0,C0433,UPI,11
T103019,2026-07-18,S04,P203,6,95.0,0.0,0,C1148,Card,18
T103020,2026-07-18,S04,P203,5,95.0,0.0,0,C0353,UPI,10
T103021,2026-07-18,S04,P203,6,95.0,0.0,0,C0320,Card,12
T103022,2026-07-18,S04,P204,8,165.0,0.0,0,C0367,Card,17
T103023,2026-07-18,S04,P301,6,50.0,0.0,0,C0087,UPI,8
T103024,2026-07-18,S04,P301,6,50.0,0.0,0,C0723,Cash,9
T103025,2026-07-18,S04,P301,9,50.0,0.0,0,C0764,Card,9
T103026,2026-07-18,S04,P301,4,50.0,0.0,0,C0454,Cash,16
T103027,2026-07-18,S04,P302,6,85.0,0.0,0,C0169,UPI,12
T103028,2026-07-18,S04,P303,3,110.0,0.0,0,C0690,UPI,18
T103029,2026-07-18,S04,P303,6,110.0,0.0,0,C0547,UPI,17
T103030,2026-07-18,S04,P304,5,25.0,0.0,0,C0056,Card,18
T103031,2026-07-18,S04,P304,8,25.0,0.0,0,C1047,UPI,10
T103032,2026-07-18,S04,P304,8,25.0,0.0,0,C0888,UPI,12
T103033,2026-07-18,S04,P304,12,25.0,0.0,0,C0177,Cash,8
T103034,2026-07-18,S04,P401,7,35.0,0.0,0,C0709,Card,16
T103035,2026-07-18,S04,P401,7,35.0,0.0,0,C0404,Cash,16
T103036,2026-07-18,S04,P401,5,35.0,0.0,0,C0136,UPI,10
T103037,2026-07-18,S04,P401,6,35.0,0.0,0,C0881,UPI,18
T103038,2026-07-18,S04,P402,10,30.0,0.0,0,C1040,Card,18
T103039,2026-07-18,S04,P402,5,30.0,0.0,0,C0274,Cash,8
T103040,2026-07-18,S04,P402,6,30.0,0.0,0,C1135,Card,8
T103041,2026-07-18,S04,P402,11,30.0,0.0,0,C1117,Card,12
T103042,2026-07-18,S04,P403,9,55.0,0.0,1,C0907,Card,17
T103043,2026-07-18,S04,P403,9,49.5,10.0,1,C0147,UPI,21
T103044,2026-07-18,S04,P403,5,55.0,0.0,1,C0101,UPI,10
T103045,2026-07-18,S04,P501,5,210.0,0.0,0,C1074,Card,8
T103046,2026-07-18,S04,P501,9,210.0,0.0,0,C0158,UPI,9
T103047,2026-07-18,S04,P502,2,145.0,0.0,0,C0870,UPI,12
T103048,2026-07-18,S04,P503,5,95.0,0.0,0,C0589,Card,20
T103049,2026-07-18,S04,P503,6,95.0,0.0,0,C0569,Card,16
T103050,2026-07-18,S04,P601,7,80.0,0.0,0,C0225,UPI,16
T103051,2026-07-18,S04,P601,4,80.0,0.0,0,C0396,UPI,11
T103052,2026-07-19,S01,P101,4,60.0,0.0,0,C0002,UPI,13
T103053,2026-07-19,S01,P101,9,60.0,0.0,0,C0264,Card,10
T103054,2026-07-19,S01,P101,5,60.0,0.0,0,C1033,Cash,20
T103055,2026-07-19,S01,P101,9,60.0,0.0,0,C0907,UPI,16
T103056,2026-07-19,S01,P102,5,45.0,0.0,0,C0199,Cash,18
T103057,2026-07-19,S01,P102,6,45.0,0.0,0,C1113,UPI,17
T103058,2026-07-19,S01,P103,3,95.0,0.0,0,C0329,Card,10
T103059,2026-07-19,S01,P103,6,95.0,0.0,0,C1134,Card,20
T103060,2026-07-19,S01,P104,3,145.0,0.0,0,C0612,UPI,8
T103061,2026-07-19,S01,P201,8,120.0,0.0,0,C0659,Card,21
T103062,2026-07-19,S01,P202,6,42.0,0.0,0,C0066,Card,18
T103063,2026-07-19,S01,P202,9,42.0,0.0,0,C0068,UPI,13
T103064,2026-07-19,S01,P202,6,42.0,0.0,0,C1074,Cash,16
T103065,2026-07-19,S01,P203,9,95.0,0.0,0,C0858,Card,21
T103066,2026-07-19,S01,P203,4,95.0,0.0,0,C0869,UPI,10
T103067,2026-07-19,S01,P204,4,165.0,0.0,0,C0377,Card,11
T103068,2026-07-19,S01,P301,7,50.0,0.0,0,C0575,UPI,8
T103069,2026-07-19,S01,P301,12,50.0,0.0,0,C0115,UPI,9
T103070,2026-07-19,S01,P301,5,50.0,0.0,0,C0848,Card,17
T103071,2026-07-19,S01,P302,8,85.0,0.0,0,C1195,Cash,18
T103072,2026-07-19,S01,P302,6,85.0,0.0,0,C0161,UPI,10
T103073,2026-07-19,S01,P303,7,110.0,0.0,0,C1189,UPI,17
T103074,2026-07-19,S01,P304,6,25.0,0.0,0,C0634,UPI,20
T103075,2026-07-19,S01,P304,6,25.0,0.0,0,C0938,UPI,8
T103076,2026-07-19,S01,P304,11,25.0,0.0,0,C1004,Card,10
T103077,2026-07-19,S01,P304,11,25.0,0.0,0,C0385,Card,19
T103078,2026-07-19,S01,P401,8,35.0,0.0,0,C0053,UPI,19
T103079,2026-07-19,S01,P401,4,35.0,0.0,0,C0685,UPI,11
T103080,2026-07-19,S01,P401,6,35.0,0.0,0,C1083,UPI,16
T103081,2026-07-19,S01,P402,6,30.0,0.0,0,C0129,UPI,13
T103082,2026-07-19,S01,P402,11,30.0,0.0,0,C0750,UPI,9
T103083,2026-07-19,S01,P402,10,30.0,0.0,0,C0044,Cash,8
T103084,2026-07-19,S01,P402,8,30.0,0.0,0,C0928,Cash,17
T103085,2026-07-19,S01,P403,8,55.0,0.0,0,C0828,Card,11
T103086,2026-07-19,S01,P403,8,55.0,0.0,0,C1029,Card,21
T103087,2026-07-19,S01,P501,4,210.0,0.0,0,C1176,UPI,17
T103088,2026-07-19,S01,P501,11,210.0,0.0,0,C0436,UPI,10
T103089,2026-07-19,S01,P501,5,210.0,0.0,0,C0060,Card,18
T103090,2026-07-19,S01,P502,8,123.25,15.0,1,C0176,Card,21
T103091,2026-07-19,S01,P503,5,95.0,0.0,0,C0678,UPI,9
T103092,2026-07-19,S01,P503,7,95.0,0.0,0,C1157,Card,11
T103093,2026-07-19,S01,P601,9,80.0,0.0,0,C1116,Cash,11
T103094,2026-07-19,S01,P601,5,80.0,0.0,0,C1077,UPI,10
T103095,2026-07-19,S02,P101,10,60.0,0.0,0,C0768,Card,18
T103096,2026-07-19,S02,P101,14,60.0,0.0,0,C0930,UPI,11
T103097,2026-07-19,S02,P101,21,60.0,0.0,0,C0052,Card,20
T103098,2026-07-19,S02,P101,10,60.0,0.0,0,C0363,Cash,10
T103099,2026-07-19,S02,P102,9,45.0,0.0,0,C0045,Card,12
T103100,2026-07-19,S02,P102,7,45.0,0.0,0,C0301,UPI,12
T103101,2026-07-19,S02,P102,7,45.0,0.0,0,C1086,Card,16
T103102,2026-07-19,S02,P102,7,45.0,0.0,0,C0581,Cash,16
T103103,2026-07-19,S02,P103,8,90.25,5.0,1,C0413,Card,10
T103104,2026-07-19,S02,P104,5,145.0,0.0,0,C0941,UPI,21
T103105,2026-07-19,S02,P104,7,145.0,0.0,0,C0737,UPI,8
T103106,2026-07-19,S02,P201,7,120.0,0.0,0,C0801,Card,12
T103107,2026-07-19,S02,P201,6,120.0,0.0,0,C0298,UPI,8
T103108,2026-07-19,S02,P201,4,120.0,0.0,0,C0373,Card,10
T103109,2026-07-19,S02,P202,7,42.0,0.0,0,C0823,Cash,9
T103110,2026-07-19,S02,P202,8,42.0,0.0,0,C0994,UPI,21
T103111,2026-07-19,S02,P202,9,42.0,0.0,0,C1094,UPI,12
T103112,2026-07-19,S02,P203,7,95.0,0.0,0,C0067,Cash,13
T103113,2026-07-19,S02,P203,4,95.0,0.0,0,C0098,Cash,10
T103114,2026-07-19,S02,P204,6,165.0,0.0,0,C0771,UPI,18
T103115,2026-07-19,S02,P204,8,165.0,0.0,0,C0530,UPI,18
T103116,2026-07-19,S02,P301,8,50.0,0.0,0,C0052,UPI,9
T103117,2026-07-19,S02,P301,5,50.0,0.0,0,C0357,UPI,20
T103118,2026-07-19,S02,P301,5,50.0,0.0,0,C0815,Card,16
T103119,2026-07-19,S02,P301,7,50.0,0.0,0,C0217,UPI,21
T103120,2026-07-19,S02,P302,5,85.0,0.0,0,C0366,Card,9
T103121,2026-07-19,S02,P302,5,85.0,0.0,0,C0920,Card,12
T103122,2026-07-19,S02,P302,7,85.0,0.0,0,C0663,Cash,16
T103123,2026-07-19,S02,P303,7,110.0,0.0,0,C0309,Card,9
T103124,2026-07-19,S02,P303,4,110.0,0.0,0,C1021,UPI,16
T103125,2026-07-19,S02,P303,7,110.0,0.0,0,C0455,UPI,20
T103126,2026-07-19,S02,P304,10,25.0,0.0,1,C1147,UPI,19
T103127,2026-07-19,S02,P304,18,23.75,5.0,1,C1133,Card,19
T103128,2026-07-19,S02,P304,16,25.0,0.0,1,C0713,UPI,19
T103129,2026-07-19,S02,P304,10,25.0,0.0,1,C0868,Cash,9
T103130,2026-07-19,S02,P401,12,31.5,10.0,1,C0477,Card,13
T103131,2026-07-19,S02,P401,7,35.0,0.0,1,C0237,UPI,10
T103132,2026-07-19,S02,P401,7,35.0,0.0,1,C0130,Card,10
T103133,2026-07-19,S02,P401,13,35.0,0.0,1,C0944,Card,8
T103134,2026-07-19,S02,P402,17,30.0,0.0,1,C0134,UPI,20
T103135,2026-07-19,S02,P402,17,30.0,0.0,1,C0685,UPI,16
T103136,2026-07-19,S02,P402,15,28.5,5.0,1,C0356,UPI,10
T103137,2026-07-19,S02,P402,11,30.0,0.0,1,C0995,Card,17
T103138,2026-07-19,S02,P403,8,55.0,0.0,0,C0519,UPI,21
T103139,2026-07-19,S02,P403,7,55.0,0.0,0,C0186,Card,8
T103140,2026-07-19,S02,P403,5,55.0,0.0,0,C0922,UPI,12
T103141,2026-07-19,S02,P403,6,55.0,0.0,0,C0921,Cash,20
T103142,2026-07-19,S02,P501,5,210.0,0.0,1,C0576,Cash,12
T103143,2026-07-19,S02,P501,6,210.0,0.0,1,C0693,Cash,19
T103144,2026-07-19,S02,P501,10,189.0,10.0,1,C0103,Card,17
T103145,2026-07-19,S02,P502,4,145.0,0.0,0,C0937,UPI,12
T103146,2026-07-19,S02,P502,4,145.0,0.0,0,C0052,Card,11
T103147,2026-07-19,S02,P502,9,145.0,0.0,0,C0374,UPI,11
T103148,2026-07-19,S02,P503,5,95.0,0.0,0,C0593,Cash,11
T103149,2026-07-19,S02,P503,4,95.0,0.0,0,C0319,UPI,10
T103150,2026-07-19,S02,P503,9,95.0,0.0,0,C0746,UPI,12
T103151,2026-07-19,S02,P601,5,80.0,0.0,0,C0207,Cash,11
T103152,2026-07-19,S02,P601,8,80.0,0.0,0,C0029,Card,21
T103153,2026-07-19,S03,P101,7,60.0,0.0,0,C0317,Card,12
T103154,2026-07-19,S03,P101,4,60.0,0.0,0,C0315,UPI,8
T103155,2026-07-19,S03,P101,6,60.0,0.0,0,C0068,Cash,13
T103156,2026-07-19,S03,P102,10,45.0,0.0,1,C0883,UPI,9
T103157,2026-07-19,S03,P102,6,45.0,0.0,1,C1152,Card,20
T103158,2026-07-19,S03,P103,5,95.0,0.0,0,C0648,UPI,11
T103159,2026-07-19,S03,P104,2,137.75,5.0,1,C0815,UPI,20
T103160,2026-07-19,S03,P201,4,120.0,0.0,0,C0533,Card,21
T103161,2026-07-19,S03,P202,6,42.0,0.0,0,C0508,Cash,13
T103162,2026-07-19,S03,P202,5,42.0,0.0,0,C0712,Card,8
T103163,2026-07-19,S03,P202,9,42.0,0.0,0,C1139,UPI,11
T103164,2026-07-19,S03,P203,5,95.0,0.0,0,C0733,Cash,10
T103165,2026-07-19,S03,P204,2,165.0,0.0,0,C0399,UPI,16
T103166,2026-07-19,S03,P301,4,50.0,0.0,0,C0050,Card,8
T103167,2026-07-19,S03,P301,5,50.0,0.0,0,C1181,Cash,21
T103168,2026-07-19,S03,P302,4,85.0,0.0,0,C0702,UPI,21
T103169,2026-07-19,S03,P302,5,85.0,0.0,0,C0361,Card,13
T103170,2026-07-19,S03,P303,4,110.0,0.0,1,C0572,UPI,8
T103171,2026-07-19,S03,P304,7,25.0,0.0,0,C0171,UPI,13
T103172,2026-07-19,S03,P304,5,25.0,0.0,0,C0583,Card,9
T103173,2026-07-19,S03,P304,6,25.0,0.0,0,C0846,UPI,17
T103174,2026-07-19,S03,P401,6,35.0,0.0,0,C0234,Card,13
T103175,2026-07-19,S03,P401,7,35.0,0.0,0,C0607,Card,11
T103176,2026-07-19,S03,P401,9,35.0,0.0,0,C0318,UPI,16
T103177,2026-07-19,S03,P401,8,35.0,0.0,0,C0979,UPI,21
T103178,2026-07-19,S03,P402,8,30.0,0.0,0,C0042,UPI,11
T103179,2026-07-19,S03,P402,8,30.0,0.0,0,C0790,Card,13
T103180,2026-07-19,S03,P402,8,30.0,0.0,0,C0165,Card,13
T103181,2026-07-19,S03,P403,8,55.0,0.0,0,C0243,UPI,10
T103182,2026-07-19,S03,P501,6,199.5,5.0,1,C0184,Card,12
T103183,2026-07-19,S03,P502,5,145.0,0.0,0,C0292,Card,10
T103184,2026-07-19,S03,P502,4,145.0,0.0,0,C0758,UPI,20
T103185,2026-07-19,S03,P503,7,95.0,0.0,0,C0591,UPI,19
T103186,2026-07-19,S03,P601,5,80.0,0.0,0,C0628,Card,20
T103187,2026-07-19,S03,P601,5,80.0,0.0,0,C0929,Card,11
T103188,2026-07-19,S04,P101,6,60.0,0.0,0,C1160,Cash,13
T103189,2026-07-19,S04,P101,6,60.0,0.0,0,C0604,Cash,13
T103190,2026-07-19,S04,P101,8,60.0,0.0,0,C0770,UPI,16
T103191,2026-07-19,S04,P101,5,60.0,0.0,0,C1193,Card,21
T103192,2026-07-19,S04,P102,6,45.0,0.0,0,C0303,Cash,17
T103193,2026-07-19,S04,P102,8,45.0,0.0,0,C0535,Cash,12
T103194,2026-07-19,S04,P102,7,45.0,0.0,0,C0334,UPI,12
T103195,2026-07-19,S04,P102,5,45.0,0.0,0,C0898,UPI,19
T103196,2026-07-19,S04,P103,3,95.0,0.0,1,C0027,UPI,9
T103197,2026-07-19,S04,P103,6,95.0,0.0,1,C0640,Card,9
T103198,2026-07-19,S04,P104,3,145.0,0.0,0,C0213,UPI,11
T103199,2026-07-19,S04,P201,5,120.0,0.0,1,C0416,Card,10
T103200,2026-07-19,S04,P201,4,114.0,5.0,1,C0972,UPI,8
T103201,2026-07-19,S04,P202,5,42.0,0.0,0,C0594,Cash,20
T103202,2026-07-19,S04,P202,11,42.0,0.0,0,C1063,Card,11
T103203,2026-07-19,S04,P203,5,95.0,0.0,0,C1028,Card,21
T103204,2026-07-19,S04,P204,5,165.0,0.0,0,C0059,Card,8
T103205,2026-07-19,S04,P301,9,50.0,0.0,0,C0115,UPI,10
T103206,2026-07-19,S04,P301,5,50.0,0.0,0,C0126,Cash,9
T103207,2026-07-19,S04,P302,8,85.0,0.0,0,C1165,UPI,12
T103208,2026-07-19,S04,P303,7,110.0,0.0,0,C0366,UPI,11
T103209,2026-07-19,S04,P304,7,25.0,0.0,1,C0373,UPI,9
T103210,2026-07-19,S04,P304,6,25.0,0.0,1,C0470,UPI,13
T103211,2026-07-19,S04,P304,10,22.5,10.0,1,C0690,Card,8
T103212,2026-07-19,S04,P304,6,23.75,5.0,1,C0068,UPI,8
T103213,2026-07-19,S04,P401,9,35.0,0.0,0,C1043,Card,9
T103214,2026-07-19,S04,P401,8,35.0,0.0,0,C0557,Cash,19
T103215,2026-07-19,S04,P401,6,35.0,0.0,0,C0593,Card,9
T103216,2026-07-19,S04,P402,6,30.0,0.0,0,C0399,Card,19
T103217,2026-07-19,S04,P402,9,30.0,0.0,0,C0318,UPI,12
T103218,2026-07-19,S04,P402,10,30.0,0.0,0,C0427,Card,8
T103219,2026-07-19,S04,P402,7,30.0,0.0,0,C0797,UPI,20
T103220,2026-07-19,S04,P403,6,55.0,0.0,1,C0904,Card,16
T103221,2026-07-19,S04,P403,4,55.0,0.0,1,C0466,UPI,18
T103222,2026-07-19,S04,P403,8,49.5,10.0,1,C0078,UPI,16
T103223,2026-07-19,S04,P501,7,210.0,0.0,0,C0903,Card,17
T103224,2026-07-19,S04,P501,5,210.0,0.0,0,C0942,Cash,19
T103225,2026-07-19,S04,P502,6,145.0,0.0,0,C0291,UPI,11
T103226,2026-07-19,S04,P502,6,145.0,0.0,0,C0373,Cash,16
T103227,2026-07-19,S04,P503,8,80.75,15.0,1,C1068,Cash,16
T103228,2026-07-19,S04,P503,4,95.0,0.0,1,C0285,UPI,17
T103229,2026-07-19,S04,P601,6,80.0,0.0,0,C0848,UPI,13
T103230,2026-07-19,S04,P601,9,80.0,0.0,0,C0089,Cash,20
T103231,2026-07-20,S01,P101,6,60.0,0.0,0,C0929,UPI,10
T103232,2026-07-20,S01,P101,7,60.0,0.0,0,C0497,UPI,9
T103233,2026-07-20,S01,P101,9,60.0,0.0,0,C1149,Card,13
T103234,2026-07-20,S01,P101,12,60.0,0.0,0,C1199,UPI,16
T103235,2026-07-20,S01,P102,3,45.0,0.0,0,C1012,Cash,18
T103236,2026-07-20,S01,P102,8,45.0,0.0,0,C0821,Cash,21
T103237,2026-07-20,S01,P103,7,95.0,0.0,0,C0153,Card,18
T103238,2026-07-20,S01,P104,3,145.0,0.0,0,C0444,UPI,10
T103239,2026-07-20,S01,P201,7,120.0,0.0,0,C0700,UPI,9
T103240,2026-07-20,S01,P202,7,42.0,0.0,0,C0303,Card,18
T103241,2026-07-20,S01,P202,5,42.0,0.0,0,C0478,Card,20
T103242,2026-07-20,S01,P202,7,42.0,0.0,0,C0670,Card,18
T103243,2026-07-20,S01,P203,9,95.0,0.0,0,C0661,Card,17
T103244,2026-07-20,S01,P203,4,95.0,0.0,0,C0347,Card,18
T103245,2026-07-20,S01,P204,2,165.0,0.0,0,C0262,Cash,19
T103246,2026-07-20,S01,P301,8,50.0,0.0,0,C0200,UPI,8
T103247,2026-07-20,S01,P301,8,50.0,0.0,0,C0798,UPI,11
T103248,2026-07-20,S01,P301,7,50.0,0.0,0,C0721,Card,13
T103249,2026-07-20,S01,P301,6,50.0,0.0,0,C0799,UPI,8
T103250,2026-07-20,S01,P302,6,85.0,0.0,0,C1026,UPI,20
T103251,2026-07-20,S01,P302,5,85.0,0.0,0,C0347,Cash,12
T103252,2026-07-20,S01,P303,7,110.0,0.0,0,C0265,Card,16
T103253,2026-07-20,S01,P304,4,25.0,0.0,0,C0988,UPI,12
T103254,2026-07-20,S01,P304,5,25.0,0.0,0,C0256,UPI,8
T103255,2026-07-20,S01,P304,9,25.0,0.0,0,C0041,Card,9
T103256,2026-07-20,S01,P304,8,25.0,0.0,0,C0768,Card,8
T103257,2026-07-20,S01,P401,9,35.0,0.0,0,C0886,UPI,21
T103258,2026-07-20,S01,P401,7,35.0,0.0,0,C0209,UPI,9
T103259,2026-07-20,S01,P401,10,35.0,0.0,0,C1177,Card,18
T103260,2026-07-20,S01,P401,5,35.0,0.0,0,C0721,Card,17
T103261,2026-07-20,S01,P402,8,30.0,0.0,0,C0954,Card,16
T103262,2026-07-20,S01,P402,7,30.0,0.0,0,C0049,UPI,8
T103263,2026-07-20,S01,P402,7,30.0,0.0,0,C0010,Cash,17
T103264,2026-07-20,S01,P402,13,30.0,0.0,0,C0224,UPI,11
T103265,2026-07-20,S01,P403,3,49.5,10.0,1,C0009,UPI,13
T103266,2026-07-20,S01,P403,7,52.25,5.0,1,C0476,Card,21
T103267,2026-07-20,S01,P501,6,210.0,0.0,0,C0915,UPI,19
T103268,2026-07-20,S01,P502,5,145.0,0.0,0,C0592,Cash,16
T103269,2026-07-20,S01,P502,4,145.0,0.0,0,C0982,Card,17
T103270,2026-07-20,S01,P503,8,95.0,0.0,0,C0891,UPI,11
T103271,2026-07-20,S01,P601,7,80.0,0.0,0,C0289,Cash,21
T103272,2026-07-20,S01,P601,9,80.0,0.0,0,C1075,UPI,21
T103273,2026-07-20,S02,P101,10,60.0,0.0,0,C0705,Cash,11
T103274,2026-07-20,S02,P101,8,60.0,0.0,0,C0685,UPI,19
T103275,2026-07-20,S02,P101,6,60.0,0.0,0,C0319,UPI,9
T103276,2026-07-20,S02,P101,13,60.0,0.0,0,C0617,Card,11
T103277,2026-07-20,S02,P102,7,45.0,0.0,0,C1012,UPI,9
T103278,2026-07-20,S02,P102,5,45.0,0.0,0,C0109,UPI,11
T103279,2026-07-20,S02,P102,8,45.0,0.0,0,C0432,Cash,9
T103280,2026-07-20,S02,P102,6,45.0,0.0,0,C1173,UPI,21
T103281,2026-07-20,S02,P103,7,95.0,0.0,0,C0356,Card,16
T103282,2026-07-20,S02,P103,5,95.0,0.0,0,C1146,Cash,20
T103283,2026-07-20,S02,P104,6,145.0,0.0,0,C0912,Card,9
T103284,2026-07-20,S02,P201,6,120.0,0.0,0,C0232,Card,11
T103285,2026-07-20,S02,P202,10,42.0,0.0,0,C0032,UPI,21
T103286,2026-07-20,S02,P202,9,42.0,0.0,0,C0958,UPI,10
T103287,2026-07-20,S02,P202,7,42.0,0.0,0,C0229,UPI,10
T103288,2026-07-20,S02,P202,4,42.0,0.0,0,C0072,Card,11
T103289,2026-07-20,S02,P203,8,95.0,0.0,1,C0906,UPI,16
T103290,2026-07-20,S02,P204,7,165.0,0.0,0,C0555,Cash,10
T103291,2026-07-20,S02,P301,10,50.0,0.0,0,C0994,UPI,18
T103292,2026-07-20,S02,P301,7,50.0,0.0,0,C0170,Cash,16
T103293,2026-07-20,S02,P301,9,50.0,0.0,0,C0957,Card,9
T103294,2026-07-20,S02,P301,5,50.0,0.0,0,C0340,Card,9
T103295,2026-07-20,S02,P302,5,85.0,0.0,0,C0652,Cash,18
T103296,2026-07-20,S02,P302,9,85.0,0.0,0,C0046,Card,17
T103297,2026-07-20,S02,P303,8,104.5,5.0,1,C0588,UPI,12
T103298,2026-07-20,S02,P303,4,99.0,10.0,1,C1087,UPI,12
T103299,2026-07-20,S02,P304,8,25.0,0.0,0,C0855,UPI,20
T103300,2026-07-20,S02,P304,12,25.0,0.0,0,C0672,Cash,17
T103301,2026-07-20,S02,P304,10,25.0,0.0,0,C0861,UPI,20
T103302,2026-07-20,S02,P304,12,25.0,0.0,0,C0307,UPI,20
T103303,2026-07-20,S02,P401,6,33.25,5.0,1,C0261,Card,21
T103304,2026-07-20,S02,P401,12,31.5,10.0,1,C0582,UPI,17
T103305,2026-07-20,S02,P401,10,35.0,0.0,1,C0632,UPI,20
T103306,2026-07-20,S02,P401,6,31.5,10.0,1,C0903,Card,12
T103307,2026-07-20,S02,P402,10,30.0,0.0,0,C0866,UPI,19
T103308,2026-07-20,S02,P402,9,30.0,0.0,0,C0525,UPI,9
T103309,2026-07-20,S02,P402,16,30.0,0.0,0,C1043,Card,16
T103310,2026-07-20,S02,P402,8,30.0,0.0,0,C0912,UPI,20
T103311,2026-07-20,S02,P403,7,55.0,0.0,0,C0364,UPI,10
T103312,2026-07-20,S02,P403,6,55.0,0.0,0,C0010,Cash,10
T103313,2026-07-20,S02,P403,9,55.0,0.0,0,C0989,UPI,21
T103314,2026-07-20,S02,P501,7,210.0,0.0,1,C0958,UPI,21
T103315,2026-07-20,S02,P501,6,189.0,10.0,1,C0740,Card,10
T103316,2026-07-20,S02,P502,8,145.0,0.0,0,C0564,Cash,13
T103317,2026-07-20,S02,P503,9,95.0,0.0,0,C0594,UPI,13
T103318,2026-07-20,S02,P503,5,95.0,0.0,0,C0507,Card,21
T103319,2026-07-20,S02,P601,10,80.0,0.0,0,C0728,UPI,20
T103320,2026-07-20,S02,P601,7,80.0,0.0,0,C0342,UPI,17
T103321,2026-07-20,S02,P601,7,80.0,0.0,0,C0658,UPI,12
T103322,2026-07-20,S02,P601,6,80.0,0.0,0,C1140,Card,16
T103323,2026-07-20,S03,P101,8,60.0,0.0,0,C1015,UPI,11
T103324,2026-07-20,S03,P101,8,60.0,0.0,0,C0023,Card,16
T103325,2026-07-20,S03,P102,6,45.0,0.0,0,C0309,Card,13
T103326,2026-07-20,S03,P102,7,45.0,0.0,0,C0203,UPI,18
T103327,2026-07-20,S03,P103,8,95.0,0.0,0,C0701,UPI,12
T103328,2026-07-20,S03,P104,3,145.0,0.0,1,C0883,Card,18
T103329,2026-07-20,S03,P201,1,120.0,0.0,0,C0121,UPI,12
T103330,2026-07-20,S03,P202,6,42.0,0.0,0,C0693,Card,19
T103331,2026-07-20,S03,P202,7,42.0,0.0,0,C0202,UPI,20
T103332,2026-07-20,S03,P203,6,95.0,0.0,0,C1026,UPI,18
T103333,2026-07-20,S03,P204,2,165.0,0.0,0,C0017,UPI,10
T103334,2026-07-20,S03,P301,5,50.0,0.0,0,C0422,UPI,21
T103335,2026-07-20,S03,P301,9,50.0,0.0,0,C0567,Card,10
T103336,2026-07-20,S03,P302,3,85.0,0.0,0,C1124,Cash,18
T103337,2026-07-20,S03,P302,6,85.0,0.0,0,C0792,Card,17
T103338,2026-07-20,S03,P303,4,110.0,0.0,0,C0798,UPI,13
T103339,2026-07-20,S03,P304,6,25.0,0.0,0,C0898,UPI,20
T103340,2026-07-20,S03,P304,9,25.0,0.0,0,C1161,Card,16
T103341,2026-07-20,S03,P304,7,25.0,0.0,0,C1061,UPI,20
T103342,2026-07-20,S03,P304,5,25.0,0.0,0,C0647,UPI,17
T103343,2026-07-20,S03,P401,8,33.25,5.0,1,C0945,UPI,20
T103344,2026-07-20,S03,P401,3,35.0,0.0,1,C0250,UPI,9
T103345,2026-07-20,S03,P401,8,35.0,0.0,1,C0091,UPI,16
T103346,2026-07-20,S03,P402,9,30.0,0.0,0,C1052,UPI,19
T103347,2026-07-20,S03,P402,11,30.0,0.0,0,C0426,Card,10
T103348,2026-07-20,S03,P402,4,30.0,0.0,0,C0107,Card,20
T103349,2026-07-20,S03,P402,8,30.0,0.0,0,C0047,Card,16
T103350,2026-07-20,S03,P403,8,55.0,0.0,0,C0066,Card,17
T103351,2026-07-20,S03,P501,8,210.0,0.0,0,C0363,Cash,9
T103352,2026-07-20,S03,P502,5,145.0,0.0,1,C0412,Card,12
T103353,2026-07-20,S03,P503,8,95.0,0.0,0,C0957,Card,17
T103354,2026-07-20,S03,P601,5,80.0,0.0,0,C0896,Cash,9
T103355,2026-07-20,S04,P101,6,60.0,0.0,0,C0979,UPI,16
T103356,2026-07-20,S04,P101,6,60.0,0.0,0,C1104,Cash,11
T103357,2026-07-20,S04,P101,6,60.0,0.0,0,C0727,UPI,20
T103358,2026-07-20,S04,P102,7,45.0,0.0,0,C0814,Card,8
T103359,2026-07-20,S04,P102,5,45.0,0.0,0,C0883,UPI,20
T103360,2026-07-20,S04,P102,5,45.0,0.0,0,C0948,Card,10
T103361,2026-07-20,S04,P103,8,95.0,0.0,0,C0523,Card,17
T103362,2026-07-20,S04,P104,4,145.0,0.0,0,C0392,Card,19
T103363,2026-07-20,S04,P201,6,120.0,0.0,0,C0588,UPI,21
T103364,2026-07-20,S04,P202,8,42.0,0.0,0,C0548,Cash,18
T103365,2026-07-20,S04,P202,5,42.0,0.0,0,C1148,Card,12
T103366,2026-07-20,S04,P202,6,42.0,0.0,0,C0051,Card,11
T103367,2026-07-20,S04,P203,4,80.75,15.0,1,C0045,UPI,9
T103368,2026-07-20,S04,P204,5,165.0,0.0,0,C0994,UPI,19
T103369,2026-07-20,S04,P301,11,47.5,5.0,1,C0034,UPI,13
T103370,2026-07-20,S04,P301,5,45.0,10.0,1,C0462,Cash,16
T103371,2026-07-20,S04,P302,6,85.0,0.0,0,C0392,UPI,18
T103372,2026-07-20,S04,P303,7,104.5,5.0,1,C1166,UPI,13
T103373,2026-07-20,S04,P304,5,25.0,0.0,0,C0873,Card,17
T103374,2026-07-20,S04,P304,9,25.0,0.0,0,C1156,Card,12
T103375,2026-07-20,S04,P304,8,25.0,0.0,0,C0735,Cash,8
T103376,2026-07-20,S04,P304,3,25.0,0.0,0,C0713,Cash,10
T103377,2026-07-20,S04,P401,4,35.0,0.0,0,C0078,UPI,17
T103378,2026-07-20,S04,P401,6,35.0,0.0,0,C0701,Card,12
T103379,2026-07-20,S04,P401,8,35.0,0.0,0,C0834,Cash,20
T103380,2026-07-20,S04,P402,5,30.0,0.0,1,C0461,UPI,11
T103381,2026-07-20,S04,P402,11,30.0,0.0,1,C0199,Card,12
T103382,2026-07-20,S04,P402,8,30.0,0.0,1,C0526,UPI,17
T103383,2026-07-20,S04,P403,9,55.0,0.0,0,C0772,UPI,9
T103384,2026-07-20,S04,P403,4,55.0,0.0,0,C1030,UPI,21
T103385,2026-07-20,S04,P501,7,210.0,0.0,0,C0651,Card,16
T103386,2026-07-20,S04,P501,4,210.0,0.0,0,C0382,Card,20
T103387,2026-07-20,S04,P502,3,145.0,0.0,0,C0311,Cash,20
T103388,2026-07-20,S04,P502,6,145.0,0.0,0,C1053,Card,18
T103389,2026-07-20,S04,P503,6,95.0,0.0,0,C0952,Cash,13
T103390,2026-07-20,S04,P503,3,95.0,0.0,0,C0087,Card,12
T103391,2026-07-20,S04,P601,5,80.0,0.0,0,C0970,UPI,9
T103392,2026-07-20,S04,P601,9,80.0,0.0,0,C0417,Cash,19
T103393,2026-07-21,S01,P101,8,60.0,0.0,0,C0189,UPI,20
T103394,2026-07-21,S01,P101,7,60.0,0.0,0,C0853,Card,13
T103395,2026-07-21,S01,P101,3,60.0,0.0,0,C0232,Cash,19
T103396,2026-07-21,S01,P102,6,45.0,0.0,0,C1026,UPI,20
T103397,2026-07-21,S01,P102,5,45.0,0.0,0,C0279,Card,19
T103398,2026-07-21,S01,P102,6,45.0,0.0,0,C0718,UPI,8
T103399,2026-07-21,S01,P103,8,95.0,0.0,0,C0357,UPI,19
T103400,2026-07-21,S01,P104,6,145.0,0.0,0,C0571,Card,20
T103401,2026-07-21,S01,P201,8,120.0,0.0,0,C1127,UPI,9
T103402,2026-07-21,S01,P202,5,42.0,0.0,0,C0314,Card,13
T103403,2026-07-21,S01,P202,6,42.0,0.0,0,C0869,Cash,17
T103404,2026-07-21,S01,P202,11,42.0,0.0,0,C0582,Cash,13
T103405,2026-07-21,S01,P203,7,95.0,0.0,0,C0964,UPI,17
T103406,2026-07-21,S01,P203,3,95.0,0.0,0,C0826,UPI,18
T103407,2026-07-21,S01,P204,4,165.0,0.0,0,C0392,Cash,12
T103408,2026-07-21,S01,P301,10,50.0,0.0,0,C0037,UPI,17
T103409,2026-07-21,S01,P301,6,50.0,0.0,0,C0844,Card,10
T103410,2026-07-21,S01,P302,5,85.0,0.0,0,C0691,UPI,18
T103411,2026-07-21,S01,P303,4,110.0,0.0,0,C0378,Card,12
T103412,2026-07-21,S01,P303,5,110.0,0.0,0,C0637,Card,10
T103413,2026-07-21,S01,P304,9,25.0,0.0,0,C0085,Card,11
T103414,2026-07-21,S01,P304,6,25.0,0.0,0,C0536,UPI,11
T103415,2026-07-21,S01,P304,6,25.0,0.0,0,C0854,Card,12
T103416,2026-07-21,S01,P401,10,35.0,0.0,0,C0350,Card,12
T103417,2026-07-21,S01,P401,4,35.0,0.0,0,C0623,UPI,10
T103418,2026-07-21,S01,P401,7,35.0,0.0,0,C0145,Card,16
T103419,2026-07-21,S01,P401,10,35.0,0.0,0,C0146,UPI,9
T103420,2026-07-21,S01,P402,6,30.0,0.0,0,C0881,Card,13
T103421,2026-07-21,S01,P402,8,30.0,0.0,0,C0087,UPI,20
T103422,2026-07-21,S01,P402,14,30.0,0.0,0,C0742,UPI,19
T103423,2026-07-21,S01,P402,14,30.0,0.0,0,C0160,UPI,20
T103424,2026-07-21,S01,P403,9,55.0,0.0,0,C0608,Card,10
T103425,2026-07-21,S01,P403,5,55.0,0.0,0,C0643,UPI,8
T103426,2026-07-21,S01,P501,8,210.0,0.0,0,C0799,Cash,16
T103427,2026-07-21,S01,P502,8,145.0,0.0,0,C0073,UPI,19
T103428,2026-07-21,S01,P503,8,95.0,0.0,0,C0137,Cash,20
T103429,2026-07-21,S01,P503,3,95.0,0.0,0,C0555,Card,11
T103430,2026-07-21,S01,P601,6,80.0,0.0,0,C1155,UPI,13
T103431,2026-07-21,S01,P601,8,80.0,0.0,0,C0352,Card,19
T103432,2026-07-21,S02,P101,6,60.0,0.0,0,C0300,UPI,21
T103433,2026-07-21,S02,P101,5,60.0,0.0,0,C0793,UPI,19
T103434,2026-07-21,S02,P101,10,60.0,0.0,0,C0750,Card,16
T103435,2026-07-21,S02,P102,8,45.0,0.0,0,C0904,UPI,11
T103436,2026-07-21,S02,P102,4,45.0,0.0,0,C0928,UPI,21
T103437,2026-07-21,S02,P102,7,45.0,0.0,0,C1040,Card,21
T103438,2026-07-21,S02,P103,9,95.0,0.0,0,C0488,UPI,17
T103439,2026-07-21,S02,P103,5,95.0,0.0,0,C0749,UPI,11
T103440,2026-07-21,S02,P104,8,145.0,0.0,0,C0999,UPI,16
T103441,2026-07-21,S02,P201,8,120.0,0.0,0,C0741,UPI,18
T103442,2026-07-21,S02,P202,9,42.0,0.0,0,C1028,Card,19
T103443,2026-07-21,S02,P202,6,42.0,0.0,0,C0791,UPI,11
T103444,2026-07-21,S02,P202,7,42.0,0.0,0,C0548,UPI,19
T103445,2026-07-21,S02,P202,10,42.0,0.0,0,C0064,UPI,8
T103446,2026-07-21,S02,P203,10,95.0,0.0,0,C0975,UPI,10
T103447,2026-07-21,S02,P203,6,95.0,0.0,0,C0479,Cash,10
T103448,2026-07-21,S02,P204,5,165.0,0.0,0,C1174,UPI,12
T103449,2026-07-21,S02,P204,5,165.0,0.0,0,C1022,Card,21
T103450,2026-07-21,S02,P301,6,50.0,0.0,0,C0325,Card,20
T103451,2026-07-21,S02,P301,8,50.0,0.0,0,C0368,UPI,11
T103452,2026-07-21,S02,P301,10,50.0,0.0,0,C0080,Cash,21
T103453,2026-07-21,S02,P301,6,50.0,0.0,0,C0279,UPI,9
T103454,2026-07-21,S02,P302,8,85.0,0.0,0,C0521,Cash,8
T103455,2026-07-21,S02,P302,8,85.0,0.0,0,C0320,UPI,18
T103456,2026-07-21,S02,P302,5,85.0,0.0,0,C1138,Card,9
T103457,2026-07-21,S02,P303,8,110.0,0.0,0,C1037,Cash,18
T103458,2026-07-21,S02,P304,9,25.0,0.0,0,C0256,Cash,21
T103459,2026-07-21,S02,P304,11,25.0,0.0,0,C0256,Card,21
T103460,2026-07-21,S02,P304,8,25.0,0.0,0,C0463,UPI,16
T103461,2026-07-21,S02,P304,15,25.0,0.0,0,C0055,Cash,17
T103462,2026-07-21,S02,P401,10,35.0,0.0,0,C0508,UPI,9
T103463,2026-07-21,S02,P401,10,35.0,0.0,0,C0719,UPI,8
T103464,2026-07-21,S02,P401,5,35.0,0.0,0,C1144,UPI,12
T103465,2026-07-21,S02,P401,11,35.0,0.0,0,C0001,UPI,13
T103466,2026-07-21,S02,P402,8,30.0,0.0,0,C1121,UPI,20
T103467,2026-07-21,S02,P402,9,30.0,0.0,0,C0349,UPI,9
T103468,2026-07-21,S02,P402,12,30.0,0.0,0,C1081,UPI,21
T103469,2026-07-21,S02,P402,20,30.0,0.0,0,C0791,UPI,18
T103470,2026-07-21,S02,P403,9,52.25,5.0,1,C0940,UPI,20
T103471,2026-07-21,S02,P403,7,55.0,0.0,1,C0624,UPI,8
T103472,2026-07-21,S02,P403,8,55.0,0.0,1,C0861,Cash,21
T103473,2026-07-21,S02,P501,6,210.0,0.0,0,C0632,Card,11
T103474,2026-07-21,S02,P501,5,210.0,0.0,0,C0009,UPI,9
T103475,2026-07-21,S02,P501,7,210.0,0.0,0,C0475,UPI,20
T103476,2026-07-21,S02,P502,8,145.0,0.0,0,C0595,UPI,9
T103477,2026-07-21,S02,P502,8,145.0,0.0,0,C0345,UPI,19
T103478,2026-07-21,S02,P503,11,95.0,0.0,0,C0533,Cash,11
T103479,2026-07-21,S02,P503,5,95.0,0.0,0,C0834,UPI,18
T103480,2026-07-21,S02,P601,6,80.0,0.0,0,C0342,Cash,9
T103481,2026-07-21,S02,P601,7,80.0,0.0,0,C0577,Card,8
T103482,2026-07-21,S02,P601,5,80.0,0.0,0,C0543,UPI,19
T103483,2026-07-21,S02,P601,7,80.0,0.0,0,C1083,UPI,9
T103484,2026-07-21,S03,P101,6,60.0,0.0,0,C0521,Card,21
T103485,2026-07-21,S03,P101,3,60.0,0.0,0,C0403,Card,12
T103486,2026-07-21,S03,P102,6,45.0,0.0,0,C0521,UPI,21
T103487,2026-07-21,S03,P103,3,95.0,0.0,0,C0088,UPI,18
T103488,2026-07-21,S03,P104,1,145.0,0.0,0,C0243,Card,13
T103489,2026-07-21,S03,P201,4,120.0,0.0,0,C0521,UPI,9
T103490,2026-07-21,S03,P202,6,42.0,0.0,0,C0886,Card,10
T103491,2026-07-21,S03,P202,7,42.0,0.0,0,C0857,UPI,16
T103492,2026-07-21,S03,P203,6,95.0,0.0,0,C0801,UPI,19
T103493,2026-07-21,S03,P204,1,165.0,0.0,0,C0900,Card,9
T103494,2026-07-21,S03,P301,10,50.0,0.0,0,C0577,UPI,13
T103495,2026-07-21,S03,P301,6,50.0,0.0,0,C0200,Card,11
T103496,2026-07-21,S03,P302,5,85.0,0.0,0,C0415,Card,16
T103497,2026-07-21,S03,P302,5,85.0,0.0,0,C0675,Card,18
T103498,2026-07-21,S03,P303,4,110.0,0.0,0,C1175,UPI,16
T103499,2026-07-21,S03,P304,8,25.0,0.0,0,C0896,Card,13
T103500,2026-07-21,S03,P304,7,25.0,0.0,0,C0375,Cash,19
T103501,2026-07-21,S03,P304,7,25.0,0.0,0,C0854,UPI,19
T103502,2026-07-21,S03,P401,5,35.0,0.0,0,C0638,Card,13
T103503,2026-07-21,S03,P401,7,35.0,0.0,0,C0051,Card,17
T103504,2026-07-21,S03,P401,5,35.0,0.0,0,C0665,UPI,16
T103505,2026-07-21,S03,P402,9,28.5,5.0,1,C1089,Card,18
T103506,2026-07-21,S03,P402,6,30.0,0.0,1,C0575,Cash,13
T103507,2026-07-21,S03,P402,5,27.0,10.0,1,C1033,UPI,18
T103508,2026-07-21,S03,P403,5,55.0,0.0,1,C0353,Card,17
T103509,2026-07-21,S03,P403,6,55.0,0.0,1,C0368,UPI,10
T103510,2026-07-21,S03,P501,4,210.0,0.0,0,C0617,UPI,21
T103511,2026-07-21,S03,P502,4,145.0,0.0,0,C0099,UPI,20
T103512,2026-07-21,S03,P503,5,95.0,0.0,0,C0141,UPI,17
T103513,2026-07-21,S03,P503,7,95.0,0.0,0,C0817,UPI,11
T103514,2026-07-21,S03,P601,5,80.0,0.0,0,C0322,Card,11
T103515,2026-07-21,S04,P101,4,60.0,0.0,0,C0100,Cash,19
T103516,2026-07-21,S04,P101,7,60.0,0.0,0,C0022,Cash,19
T103517,2026-07-21,S04,P101,6,60.0,0.0,0,C1019,Card,12
T103518,2026-07-21,S04,P102,9,45.0,0.0,0,C1007,Card,12
T103519,2026-07-21,S04,P102,6,45.0,0.0,0,C0789,Card,12
T103520,2026-07-21,S04,P102,4,45.0,0.0,0,C0610,UPI,18
T103521,2026-07-21,S04,P103,7,95.0,0.0,0,C0991,UPI,19
T103522,2026-07-21,S04,P103,3,95.0,0.0,0,C0569,UPI,16
T103523,2026-07-21,S04,P104,5,145.0,0.0,0,C1107,Cash,8
T103524,2026-07-21,S04,P201,4,120.0,0.0,0,C0549,Cash,20
T103525,2026-07-21,S04,P202,7,42.0,0.0,0,C0447,Card,13
T103526,2026-07-21,S04,P202,11,42.0,0.0,0,C0096,Cash,19
T103527,2026-07-21,S04,P202,6,42.0,0.0,0,C0248,Cash,18
T103528,2026-07-21,S04,P203,8,95.0,0.0,0,C0672,UPI,16
T103529,2026-07-21,S04,P204,6,165.0,0.0,0,C0043,Card,10
T103530,2026-07-21,S04,P301,6,42.5,15.0,1,C0006,UPI,12
T103531,2026-07-21,S04,P301,6,47.5,5.0,1,C0939,UPI,16
T103532,2026-07-21,S04,P301,6,50.0,0.0,1,C0143,UPI,8
T103533,2026-07-21,S04,P302,8,85.0,0.0,0,C0995,UPI,20
T103534,2026-07-21,S04,P302,4,85.0,0.0,0,C1059,Card,12
T103535,2026-07-21,S04,P303,3,110.0,0.0,0,C0568,UPI,20
T103536,2026-07-21,S04,P303,6,110.0,0.0,0,C0961,Cash,9
T103537,2026-07-21,S04,P304,6,25.0,0.0,0,C1199,Card,19
T103538,2026-07-21,S04,P304,11,25.0,0.0,0,C0302,Card,19
T103539,2026-07-21,S04,P304,6,25.0,0.0,0,C0056,Card,16
T103540,2026-07-21,S04,P401,5,35.0,0.0,0,C1150,UPI,21
T103541,2026-07-21,S04,P401,9,35.0,0.0,0,C0886,UPI,19
T103542,2026-07-21,S04,P401,5,35.0,0.0,0,C0937,Card,12
T103543,2026-07-21,S04,P402,6,28.5,5.0,1,C0270,Card,8
T103544,2026-07-21,S04,P402,6,30.0,0.0,1,C1111,UPI,12
T103545,2026-07-21,S04,P402,6,30.0,0.0,1,C0964,UPI,12
T103546,2026-07-21,S04,P403,8,55.0,0.0,0,C0320,Cash,20
T103547,2026-07-21,S04,P403,4,55.0,0.0,0,C0296,Card,16
T103548,2026-07-21,S04,P403,6,55.0,0.0,0,C1179,UPI,21
T103549,2026-07-21,S04,P501,7,210.0,0.0,0,C1088,UPI,18
T103550,2026-07-21,S04,P501,3,210.0,0.0,0,C1173,Card,13
T103551,2026-07-21,S04,P502,8,145.0,0.0,0,C0748,UPI,10
T103552,2026-07-21,S04,P502,4,145.0,0.0,0,C0312,Card,17
T103553,2026-07-21,S04,P503,8,95.0,0.0,0,C0450,Cash,16
T103554,2026-07-21,S04,P601,3,80.0,0.0,0,C0874,Card,11
T103555,2026-07-21,S04,P601,6,80.0,0.0,0,C0843,Card,13
T103556,2026-07-22,S01,P101,4,60.0,0.0,0,C0373,UPI,11
T103557,2026-07-22,S01,P101,8,60.0,0.0,0,C0333,UPI,18
T103558,2026-07-22,S01,P101,6,60.0,0.0,0,C1130,Card,20
T103559,2026-07-22,S01,P102,5,45.0,0.0,0,C0967,Cash,17
T103560,2026-07-22,S01,P102,9,45.0,0.0,0,C0805,UPI,9
T103561,2026-07-22,S01,P102,8,45.0,0.0,0,C0867,Card,20
T103562,2026-07-22,S01,P103,7,95.0,0.0,0,C0293,Cash,18
T103563,2026-07-22,S01,P103,5,95.0,0.0,0,C0757,UPI,11
T103564,2026-07-22,S01,P104,2,145.0,0.0,0,C0799,Card,13
T103565,2026-07-22,S01,P201,4,120.0,0.0,0,C0811,Cash,21
T103566,2026-07-22,S01,P202,7,42.0,0.0,1,C0402,Card,20
T103567,2026-07-22,S01,P202,4,42.0,0.0,1,C1042,UPI,10
T103568,2026-07-22,S01,P202,6,39.9,5.0,1,C0926,Card,9
T103569,2026-07-22,S01,P203,4,95.0,0.0,0,C0383,UPI,16
T103570,2026-07-22,S01,P203,8,95.0,0.0,0,C0407,UPI,18
T103571,2026-07-22,S01,P204,5,165.0,0.0,0,C1181,Cash,21
T103572,2026-07-22,S01,P301,5,50.0,0.0,0,C0155,Card,19
T103573,2026-07-22,S01,P301,6,50.0,0.0,0,C0524,UPI,20
T103574,2026-07-22,S01,P301,8,50.0,0.0,0,C0840,UPI,9
T103575,2026-07-22,S01,P302,7,85.0,0.0,0,C0308,Card,16
T103576,2026-07-22,S01,P302,5,85.0,0.0,0,C0787,Card,21
T103577,2026-07-22,S01,P303,4,110.0,0.0,1,C0412,Cash,18
T103578,2026-07-22,S01,P304,6,22.5,10.0,1,C1065,UPI,20
T103579,2026-07-22,S01,P304,10,25.0,0.0,1,C0751,Card,9
T103580,2026-07-22,S01,P304,8,23.75,5.0,1,C0776,Cash,18
T103581,2026-07-22,S01,P304,4,25.0,0.0,1,C0521,Card,12
T103582,2026-07-22,S01,P401,7,35.0,0.0,0,C0450,UPI,19
T103583,2026-07-22,S01,P401,6,35.0,0.0,0,C0002,UPI,20
T103584,2026-07-22,S01,P401,4,35.0,0.0,0,C1122,Card,16
T103585,2026-07-22,S01,P402,10,30.0,0.0,0,C0305,UPI,9
T103586,2026-07-22,S01,P402,5,30.0,0.0,0,C0278,Card,11
T103587,2026-07-22,S01,P402,8,30.0,0.0,0,C0592,UPI,18
T103588,2026-07-22,S01,P402,7,30.0,0.0,0,C0441,UPI,18
T103589,2026-07-22,S01,P403,8,55.0,0.0,0,C0125,Card,21
T103590,2026-07-22,S01,P403,9,55.0,0.0,0,C0770,UPI,21
T103591,2026-07-22,S01,P403,4,55.0,0.0,0,C0277,Card,13
T103592,2026-07-22,S01,P501,4,210.0,0.0,1,C0752,UPI,9
T103593,2026-07-22,S01,P501,6,199.5,5.0,1,C0728,Card,10
T103594,2026-07-22,S01,P502,4,145.0,0.0,0,C0141,Card,18
T103595,2026-07-22,S01,P503,5,95.0,0.0,0,C0149,Card,16
T103596,2026-07-22,S01,P503,5,95.0,0.0,0,C1073,Card,17
T103597,2026-07-22,S01,P601,4,72.0,10.0,1,C0718,Cash,11
T103598,2026-07-22,S01,P601,10,76.0,5.0,1,C0533,Card,10
T103599,2026-07-22,S01,P601,4,80.0,0.0,1,C0585,UPI,9
T103600,2026-07-22,S02,P101,9,60.0,0.0,0,C0495,UPI,17
T103601,2026-07-22,S02,P101,5,60.0,0.0,0,C0189,UPI,16
T103602,2026-07-22,S02,P101,7,60.0,0.0,0,C0669,Cash,19
T103603,2026-07-22,S02,P101,12,60.0,0.0,0,C0161,Card,12
T103604,2026-07-22,S02,P102,5,45.0,0.0,0,C0933,UPI,10
T103605,2026-07-22,S02,P102,6,45.0,0.0,0,C0737,Card,21
T103606,2026-07-22,S02,P102,8,45.0,0.0,0,C0432,Card,16
T103607,2026-07-22,S02,P103,8,95.0,0.0,0,C0673,Card,12
T103608,2026-07-22,S02,P104,5,145.0,0.0,0,C1186,Card,9
T103609,2026-07-22,S02,P201,7,120.0,0.0,0,C0083,Card,18
T103610,2026-07-22,S02,P202,8,42.0,0.0,0,C0762,UPI,11
T103611,2026-07-22,S02,P202,8,42.0,0.0,0,C0820,Card,16
T103612,2026-07-22,S02,P202,5,42.0,0.0,0,C0669,UPI,12
T103613,2026-07-22,S02,P203,3,95.0,0.0,0,C0785,Card,12
T103614,2026-07-22,S02,P203,7,95.0,0.0,0,C0804,UPI,18
T103615,2026-07-22,S02,P204,5,165.0,0.0,0,C0193,Card,8
T103616,2026-07-22,S02,P204,7,165.0,0.0,0,C0964,Card,8
T103617,2026-07-22,S02,P301,9,50.0,0.0,0,C0287,UPI,16
T103618,2026-07-22,S02,P301,6,50.0,0.0,0,C1085,Card,10
T103619,2026-07-22,S02,P301,7,50.0,0.0,0,C0535,UPI,18
T103620,2026-07-22,S02,P302,7,85.0,0.0,0,C0287,UPI,10
T103621,2026-07-22,S02,P302,8,85.0,0.0,0,C0004,UPI,21
T103622,2026-07-22,S02,P302,8,85.0,0.0,0,C0250,UPI,21
T103623,2026-07-22,S02,P303,6,110.0,0.0,1,C1053,Card,9
T103624,2026-07-22,S02,P303,6,110.0,0.0,1,C1139,UPI,9
T103625,2026-07-22,S02,P304,7,25.0,0.0,0,C0345,Card,10
T103626,2026-07-22,S02,P304,10,25.0,0.0,0,C0965,Card,16
T103627,2026-07-22,S02,P304,8,25.0,0.0,0,C0900,UPI,12
T103628,2026-07-22,S02,P304,7,25.0,0.0,0,C0140,UPI,12
T103629,2026-07-22,S02,P401,9,33.25,5.0,1,C0731,Cash,12
T103630,2026-07-22,S02,P401,3,33.25,5.0,1,C0785,UPI,11
T103631,2026-07-22,S02,P401,4,33.25,5.0,1,C0022,Cash,20
T103632,2026-07-22,S02,P401,9,33.25,5.0,1,C0952,Card,12
T103633,2026-07-22,S02,P402,14,25.5,15.0,1,C0548,UPI,8
T103634,2026-07-22,S02,P402,14,30.0,0.0,1,C0253,Card,12
T103635,2026-07-22,S02,P402,6,27.0,10.0,1,C0737,Cash,19
T103636,2026-07-22,S02,P402,13,28.5,5.0,1,C0123,UPI,10
T103637,2026-07-22,S02,P403,6,52.25,5.0,1,C1145,UPI,12
T103638,2026-07-22,S02,P403,10,52.25,5.0,1,C0341,Cash,12
T103639,2026-07-22,S02,P403,4,49.5,10.0,1,C0523,Card,9
T103640,2026-07-22,S02,P403,8,55.0,0.0,1,C0751,Card,19
T103641,2026-07-22,S02,P501,8,210.0,0.0,0,C0533,UPI,12
T103642,2026-07-22,S02,P501,7,210.0,0.0,0,C0851,UPI,12
T103643,2026-07-22,S02,P502,9,145.0,0.0,0,C0297,Card,17
T103644,2026-07-22,S02,P502,5,145.0,0.0,0,C0039,Card,13
T103645,2026-07-22,S02,P503,6,95.0,0.0,0,C0740,Cash,9
T103646,2026-07-22,S02,P503,9,95.0,0.0,0,C0623,UPI,20
T103647,2026-07-22,S02,P601,9,80.0,0.0,0,C0791,UPI,13
T103648,2026-07-22,S02,P601,7,80.0,0.0,0,C0077,Card,16
T103649,2026-07-22,S02,P601,5,80.0,0.0,0,C0913,Cash,9
T103650,2026-07-22,S02,P601,9,80.0,0.0,0,C1141,UPI,16
T103651,2026-07-22,S03,P101,8,60.0,0.0,0,C0098,Card,18
T103652,2026-07-22,S03,P101,3,60.0,0.0,0,C0274,Card,13
T103653,2026-07-22,S03,P101,6,60.0,0.0,0,C0332,Card,17
T103654,2026-07-22,S03,P102,6,45.0,0.0,0,C0772,Cash,9
T103655,2026-07-22,S03,P103,7,95.0,0.0,0,C0486,UPI,19
T103656,2026-07-22,S03,P104,4,145.0,0.0,0,C0461,UPI,18
T103657,2026-07-22,S03,P201,4,108.0,10.0,1,C0692,UPI,18
T103658,2026-07-22,S03,P202,3,39.9,5.0,1,C0856,Card,19
T103659,2026-07-22,S03,P202,8,42.0,0.0,1,C0969,UPI,8
T103660,2026-07-22,S03,P202,6,42.0,0.0,1,C1166,UPI,11
T103661,2026-07-22,S03,P203,6,95.0,0.0,0,C0869,Card,11
T103662,2026-07-22,S03,P204,4,165.0,0.0,1,C0403,Cash,9
T103663,2026-07-22,S03,P301,4,50.0,0.0,0,C0043,UPI,13
T103664,2026-07-22,S03,P301,6,50.0,0.0,0,C0876,Card,8
T103665,2026-07-22,S03,P302,6,76.5,10.0,1,C0225,UPI,21
T103666,2026-07-22,S03,P302,4,85.0,0.0,1,C0729,Cash,16
T103667,2026-07-22,S03,P303,5,110.0,0.0,0,C0772,UPI,19
T103668,2026-07-22,S03,P304,6,25.0,0.0,0,C0281,Cash,11
T103669,2026-07-22,S03,P304,7,25.0,0.0,0,C0808,UPI,21
T103670,2026-07-22,S03,P304,5,25.0,0.0,0,C0547,Card,17
T103671,2026-07-22,S03,P401,9,35.0,0.0,0,C0087,UPI,17
T103672,2026-07-22,S03,P401,8,35.0,0.0,0,C0916,Card,18
T103673,2026-07-22,S03,P401,6,35.0,0.0,0,C0341,UPI,17
T103674,2026-07-22,S03,P402,7,30.0,0.0,0,C1028,Card,21
T103675,2026-07-22,S03,P402,4,30.0,0.0,0,C0355,UPI,10
T103676,2026-07-22,S03,P402,9,30.0,0.0,0,C1163,UPI,13
T103677,2026-07-22,S03,P403,7,55.0,0.0,0,C0712,UPI,19
T103678,2026-07-22,S03,P403,5,55.0,0.0,0,C0086,Card,12
T103679,2026-07-22,S03,P501,5,210.0,0.0,0,C0901,UPI,13
T103680,2026-07-22,S03,P502,3,145.0,0.0,0,C1079,Cash,12
T103681,2026-07-22,S03,P503,6,95.0,0.0,0,C1129,Card,12
T103682,2026-07-22,S03,P503,6,95.0,0.0,0,C0929,UPI,21
T103683,2026-07-22,S03,P601,6,80.0,0.0,0,C1086,UPI,10
T103684,2026-07-22,S03,P601,5,80.0,0.0,0,C0915,UPI,11
T103685,2026-07-22,S04,P101,8,60.0,0.0,0,C0960,Card,13
T103686,2026-07-22,S04,P101,7,60.0,0.0,0,C0421,UPI,10
T103687,2026-07-22,S04,P102,4,45.0,0.0,0,C0922,UPI,9
T103688,2026-07-22,S04,P102,5,45.0,0.0,0,C0940,UPI,19
T103689,2026-07-22,S04,P102,10,45.0,0.0,0,C1002,UPI,20
T103690,2026-07-22,S04,P103,5,95.0,0.0,0,C0799,UPI,21
T103691,2026-07-22,S04,P104,4,145.0,0.0,0,C0471,Card,9
T103692,2026-07-22,S04,P201,4,120.0,0.0,0,C0093,Card,12
T103693,2026-07-22,S04,P202,4,42.0,0.0,0,C0576,UPI,12
T103694,2026-07-22,S04,P202,6,42.0,0.0,0,C1156,Cash,12
T103695,2026-07-22,S04,P203,5,95.0,0.0,0,C1068,Card,17
T103696,2026-07-22,S04,P204,4,165.0,0.0,0,C0268,UPI,8
T103697,2026-07-22,S04,P301,6,50.0,0.0,0,C0309,Card,20
T103698,2026-07-22,S04,P301,9,50.0,0.0,0,C0742,Card,16
T103699,2026-07-22,S04,P301,6,50.0,0.0,0,C0940,Card,20
T103700,2026-07-22,S04,P302,5,85.0,0.0,1,C0920,Card,19
T103701,2026-07-22,S04,P302,5,80.75,5.0,1,C0204,UPI,19
T103702,2026-07-22,S04,P303,6,110.0,0.0,1,C0656,UPI,18
T103703,2026-07-22,S04,P304,8,25.0,0.0,0,C0855,Card,20
T103704,2026-07-22,S04,P304,6,25.0,0.0,0,C1106,Cash,21
T103705,2026-07-22,S04,P304,7,25.0,0.0,0,C0382,UPI,12
T103706,2026-07-22,S04,P304,5,25.0,0.0,0,C0032,Card,16
T103707,2026-07-22,S04,P401,9,35.0,0.0,0,C1195,UPI,10
T103708,2026-07-22,S04,P401,9,35.0,0.0,0,C0005,UPI,18
T103709,2026-07-22,S04,P401,4,35.0,0.0,0,C1174,Card,21
T103710,2026-07-22,S04,P402,4,30.0,0.0,0,C0626,UPI,11
T103711,2026-07-22,S04,P402,9,30.0,0.0,0,C0205,UPI,17
T103712,2026-07-22,S04,P402,7,30.0,0.0,0,C0400,UPI,13
T103713,2026-07-22,S04,P402,5,30.0,0.0,0,C0342,Card,9
T103714,2026-07-22,S04,P403,8,55.0,0.0,0,C0883,Cash,16
T103715,2026-07-22,S04,P403,6,55.0,0.0,0,C0276,Card,13
T103716,2026-07-22,S04,P501,4,210.0,0.0,0,C0318,Card,19
T103717,2026-07-22,S04,P502,5,145.0,0.0,0,C0351,Cash,10
T103718,2026-07-22,S04,P502,5,145.0,0.0,0,C0351,UPI,10
T103719,2026-07-22,S04,P503,8,95.0,0.0,0,C0876,UPI,12
T103720,2026-07-22,S04,P503,7,95.0,0.0,0,C0543,UPI,10
T103721,2026-07-22,S04,P601,8,80.0,0.0,0,C1125,Card,10
T103722,2026-07-22,S04,P601,8,80.0,0.0,0,C1155,Card,20
T103723,2026-07-23,S01,P101,8,60.0,0.0,1,C0363,UPI,16
T103724,2026-07-23,S01,P101,7,60.0,0.0,1,C0294,Card,19
T103725,2026-07-23,S01,P101,5,60.0,0.0,1,C0259,Card,18
T103726,2026-07-23,S01,P102,7,45.0,0.0,0,C0571,Cash,12
T103727,2026-07-23,S01,P102,9,45.0,0.0,0,C0447,Cash,13
T103728,2026-07-23,S01,P102,5,45.0,0.0,0,C0637,Card,9
T103729,2026-07-23,S01,P102,5,45.0,0.0,0,C0066,UPI,16
T103730,2026-07-23,S01,P103,8,95.0,0.0,0,C0157,UPI,13
T103731,2026-07-23,S01,P104,5,145.0,0.0,0,C0978,UPI,9
T103732,2026-07-23,S01,P201,6,120.0,0.0,0,C0125,UPI,9
T103733,2026-07-23,S01,P202,5,42.0,0.0,0,C0055,Card,11
T103734,2026-07-23,S01,P202,6,42.0,0.0,0,C0985,UPI,21
T103735,2026-07-23,S01,P202,6,42.0,0.0,0,C0961,UPI,8
T103736,2026-07-23,S01,P203,6,95.0,0.0,0,C0835,Card,20
T103737,2026-07-23,S01,P203,8,95.0,0.0,0,C0357,UPI,8
T103738,2026-07-23,S01,P204,7,165.0,0.0,0,C0871,Card,12
T103739,2026-07-23,S01,P204,3,165.0,0.0,0,C0649,UPI,20
T103740,2026-07-23,S01,P301,8,50.0,0.0,0,C1134,UPI,13
T103741,2026-07-23,S01,P301,5,50.0,0.0,0,C1074,UPI,10
T103742,2026-07-23,S01,P301,7,50.0,0.0,0,C0578,UPI,9
T103743,2026-07-23,S01,P302,5,85.0,0.0,0,C0155,Card,9
T103744,2026-07-23,S01,P302,9,85.0,0.0,0,C0735,UPI,16
T103745,2026-07-23,S01,P302,4,85.0,0.0,0,C0645,Card,13
T103746,2026-07-23,S01,P303,5,110.0,0.0,0,C0822,UPI,21
T103747,2026-07-23,S01,P303,6,110.0,0.0,0,C0013,UPI,20
T103748,2026-07-23,S01,P304,9,25.0,0.0,0,C0653,Card,10
T103749,2026-07-23,S01,P304,7,25.0,0.0,0,C0640,UPI,19
T103750,2026-07-23,S01,P304,8,25.0,0.0,0,C0538,UPI,11
T103751,2026-07-23,S01,P304,5,25.0,0.0,0,C0577,Card,18
T103752,2026-07-23,S01,P401,7,35.0,0.0,0,C0672,Card,19
T103753,2026-07-23,S01,P401,6,35.0,0.0,0,C0013,UPI,17
T103754,2026-07-23,S01,P401,10,35.0,0.0,0,C1193,Card,19
T103755,2026-07-23,S01,P402,6,30.0,0.0,1,C0956,UPI,12
T103756,2026-07-23,S01,P402,9,28.5,5.0,1,C0540,UPI,10
T103757,2026-07-23,S01,P402,7,30.0,0.0,1,C0484,Card,12
T103758,2026-07-23,S01,P402,6,30.0,0.0,1,C0774,UPI,16
T103759,2026-07-23,S01,P403,7,55.0,0.0,0,C0293,UPI,20
T103760,2026-07-23,S01,P501,8,210.0,0.0,0,C0358,UPI,21
T103761,2026-07-23,S01,P502,6,145.0,0.0,0,C1017,Card,8
T103762,2026-07-23,S01,P503,11,95.0,0.0,0,C0878,Cash,18
T103763,2026-07-23,S01,P503,5,95.0,0.0,0,C1012,Card,11
T103764,2026-07-23,S01,P601,5,80.0,0.0,0,C0471,UPI,21
T103765,2026-07-23,S01,P601,11,80.0,0.0,0,C0063,Cash,12
T103766,2026-07-23,S02,P101,10,60.0,0.0,0,C1081,Card,18
T103767,2026-07-23,S02,P101,8,60.0,0.0,0,C1131,Cash,17
T103768,2026-07-23,S02,P101,5,60.0,0.0,0,C0620,Cash,19
T103769,2026-07-23,S02,P102,8,45.0,0.0,0,C0870,Cash,10
T103770,2026-07-23,S02,P102,8,45.0,0.0,0,C0803,Card,12
T103771,2026-07-23,S02,P102,8,45.0,0.0,0,C0578,Card,11
T103772,2026-07-23,S02,P103,4,95.0,0.0,0,C1043,UPI,8
T103773,2026-07-23,S02,P103,6,95.0,0.0,0,C1015,Card,10
T103774,2026-07-23,S02,P104,6,145.0,0.0,0,C0410,UPI,20
T103775,2026-07-23,S02,P201,6,120.0,0.0,0,C0173,Card,12
T103776,2026-07-23,S02,P202,6,42.0,0.0,0,C0134,UPI,10
T103777,2026-07-23,S02,P202,8,42.0,0.0,0,C0717,Card,16
T103778,2026-07-23,S02,P202,9,42.0,0.0,0,C0627,UPI,13
T103779,2026-07-23,S02,P203,5,95.0,0.0,0,C0748,UPI,17
T103780,2026-07-23,S02,P203,9,95.0,0.0,0,C0680,UPI,19
T103781,2026-07-23,S02,P203,5,95.0,0.0,0,C0091,UPI,12
T103782,2026-07-23,S02,P204,6,165.0,0.0,0,C0377,UPI,8
T103783,2026-07-23,S02,P301,6,50.0,0.0,0,C0398,Card,9
T103784,2026-07-23,S02,P301,6,50.0,0.0,0,C0894,UPI,20
T103785,2026-07-23,S02,P301,7,50.0,0.0,0,C0223,UPI,13
T103786,2026-07-23,S02,P302,6,85.0,0.0,0,C0959,UPI,12
T103787,2026-07-23,S02,P302,9,85.0,0.0,0,C0152,Card,20
T103788,2026-07-23,S02,P303,4,110.0,0.0,0,C0975,UPI,11
T103789,2026-07-23,S02,P303,9,110.0,0.0,0,C0837,UPI,16
T103790,2026-07-23,S02,P304,7,25.0,0.0,0,C0725,UPI,10
T103791,2026-07-23,S02,P304,8,25.0,0.0,0,C0811,UPI,13
T103792,2026-07-23,S02,P304,8,25.0,0.0,0,C0059,UPI,17
T103793,2026-07-23,S02,P304,18,25.0,0.0,0,C0846,UPI,12
T103794,2026-07-23,S02,P401,10,35.0,0.0,0,C0723,Card,20
T103795,2026-07-23,S02,P401,9,35.0,0.0,0,C0418,UPI,20
T103796,2026-07-23,S02,P401,12,35.0,0.0,0,C1106,Card,18
T103797,2026-07-23,S02,P401,5,35.0,0.0,0,C0534,Card,16
T103798,2026-07-23,S02,P402,9,30.0,0.0,0,C0447,Cash,21
T103799,2026-07-23,S02,P402,12,30.0,0.0,0,C0306,UPI,17
T103800,2026-07-23,S02,P402,12,30.0,0.0,0,C0033,UPI,19
T103801,2026-07-23,S02,P402,7,30.0,0.0,0,C0984,Card,18
T103802,2026-07-23,S02,P403,8,55.0,0.0,0,C0727,Cash,19
T103803,2026-07-23,S02,P403,7,55.0,0.0,0,C0004,Card,16
T103804,2026-07-23,S02,P403,3,55.0,0.0,0,C1143,Cash,16
T103805,2026-07-23,S02,P403,7,55.0,0.0,0,C0977,Card,21
T103806,2026-07-23,S02,P501,4,210.0,0.0,0,C0277,Cash,12
T103807,2026-07-23,S02,P501,9,210.0,0.0,0,C0847,Card,19
T103808,2026-07-23,S02,P502,7,145.0,0.0,0,C0878,UPI,18
T103809,2026-07-23,S02,P502,4,145.0,0.0,0,C0728,UPI,13
T103810,2026-07-23,S02,P503,9,95.0,0.0,0,C0550,Card,13
T103811,2026-07-23,S02,P503,4,95.0,0.0,0,C0351,Cash,21
T103812,2026-07-23,S02,P503,7,95.0,0.0,0,C0940,Card,12
T103813,2026-07-23,S02,P601,5,80.0,0.0,0,C0958,Cash,8
T103814,2026-07-23,S02,P601,9,80.0,0.0,0,C0499,Cash,12
T103815,2026-07-23,S03,P101,6,60.0,0.0,0,C0288,UPI,8
T103816,2026-07-23,S03,P101,8,60.0,0.0,0,C0158,Card,17
T103817,2026-07-23,S03,P102,7,45.0,0.0,0,C0512,UPI,9
T103818,2026-07-23,S03,P102,5,45.0,0.0,0,C0141,UPI,10
T103819,2026-07-23,S03,P103,7,95.0,0.0,0,C0030,Cash,20
T103820,2026-07-23,S03,P103,3,95.0,0.0,0,C0807,Cash,16
T103821,2026-07-23,S03,P104,5,145.0,0.0,0,C0367,UPI,16
T103822,2026-07-23,S03,P201,3,120.0,0.0,0,C0917,UPI,13
T103823,2026-07-23,S03,P201,6,120.0,0.0,0,C0510,UPI,11
T103824,2026-07-23,S03,P202,5,42.0,0.0,0,C0579,Card,10
T103825,2026-07-23,S03,P202,8,42.0,0.0,0,C0034,UPI,20
T103826,2026-07-23,S03,P203,5,95.0,0.0,0,C1089,Cash,17
T103827,2026-07-23,S03,P203,4,95.0,0.0,0,C0026,Card,20
T103828,2026-07-23,S03,P204,8,165.0,0.0,0,C1164,Card,9
T103829,2026-07-23,S03,P301,4,50.0,0.0,0,C0552,UPI,10
T103830,2026-07-23,S03,P301,6,50.0,0.0,0,C0456,Card,10
T103831,2026-07-23,S03,P302,3,85.0,0.0,0,C0451,Card,8
T103832,2026-07-23,S03,P302,7,85.0,0.0,0,C0407,Card,12
T103833,2026-07-23,S03,P303,4,110.0,0.0,1,C1078,Cash,20
T103834,2026-07-23,S03,P304,5,25.0,0.0,0,C0842,UPI,12
T103835,2026-07-23,S03,P304,7,25.0,0.0,0,C0511,Card,12
T103836,2026-07-23,S03,P401,8,35.0,0.0,1,C0323,Card,13
T103837,2026-07-23,S03,P401,3,33.25,5.0,1,C0245,UPI,8
T103838,2026-07-23,S03,P401,8,35.0,0.0,1,C0133,UPI,21
T103839,2026-07-23,S03,P402,6,30.0,0.0,0,C0679,Cash,18
T103840,2026-07-23,S03,P402,10,30.0,0.0,0,C0424,UPI,17
T103841,2026-07-23,S03,P403,8,49.5,10.0,1,C1087,Card,9
T103842,2026-07-23,S03,P403,3,49.5,10.0,1,C0346,Cash,16
T103843,2026-07-23,S03,P501,4,210.0,0.0,0,C0343,Card,13
T103844,2026-07-23,S03,P501,5,210.0,0.0,0,C0984,UPI,20
T103845,2026-07-23,S03,P502,4,145.0,0.0,0,C1053,UPI,13
T103846,2026-07-23,S03,P503,8,90.25,5.0,1,C0669,Card,19
T103847,2026-07-23,S03,P601,3,80.0,0.0,0,C1148,UPI,12
T103848,2026-07-23,S03,P601,6,80.0,0.0,0,C0823,Cash,10
T103849,2026-07-23,S04,P101,10,60.0,0.0,0,C0255,Card,21
T103850,2026-07-23,S04,P101,8,60.0,0.0,0,C1080,Card,9
T103851,2026-07-23,S04,P101,4,60.0,0.0,0,C0192,UPI,12
T103852,2026-07-23,S04,P102,7,45.0,0.0,1,C1051,UPI,12
T103853,2026-07-23,S04,P102,7,40.5,10.0,1,C0765,UPI,13
T103854,2026-07-23,S04,P103,5,95.0,0.0,0,C0528,UPI,13
T103855,2026-07-23,S04,P104,4,145.0,0.0,0,C0643,UPI,17
T103856,2026-07-23,S04,P201,2,108.0,10.0,1,C0828,Card,18
T103857,2026-07-23,S04,P202,5,42.0,0.0,0,C0783,UPI,21
T103858,2026-07-23,S04,P202,4,42.0,0.0,0,C0760,Card,16
T103859,2026-07-23,S04,P202,8,42.0,0.0,0,C0677,UPI,20
T103860,2026-07-23,S04,P203,3,95.0,0.0,0,C0127,UPI,17
T103861,2026-07-23,S04,P204,4,165.0,0.0,0,C0366,UPI,18
T103862,2026-07-23,S04,P301,5,50.0,0.0,1,C0945,Card,18
T103863,2026-07-23,S04,P301,7,45.0,10.0,1,C1103,UPI,13
T103864,2026-07-23,S04,P302,7,85.0,0.0,0,C0148,UPI,13
T103865,2026-07-23,S04,P303,7,110.0,0.0,0,C0053,UPI,13
T103866,2026-07-23,S04,P304,7,25.0,0.0,0,C0398,Card,17
T103867,2026-07-23,S04,P304,4,25.0,0.0,0,C0190,Card,8
T103868,2026-07-23,S04,P304,7,25.0,0.0,0,C1004,Card,21
T103869,2026-07-23,S04,P401,7,35.0,0.0,0,C0311,Cash,11
T103870,2026-07-23,S04,P401,7,35.0,0.0,0,C0531,Cash,9
T103871,2026-07-23,S04,P401,7,35.0,0.0,0,C0811,UPI,13
T103872,2026-07-23,S04,P401,4,35.0,0.0,0,C0578,Card,9
T103873,2026-07-23,S04,P402,6,30.0,0.0,0,C0254,UPI,19
T103874,2026-07-23,S04,P402,8,30.0,0.0,0,C0975,UPI,17
T103875,2026-07-23,S04,P402,6,30.0,0.0,0,C0979,Cash,13
T103876,2026-07-23,S04,P403,6,55.0,0.0,0,C0556,Cash,13
T103877,2026-07-23,S04,P403,4,55.0,0.0,0,C0158,Cash,21
T103878,2026-07-23,S04,P501,7,210.0,0.0,0,C0119,Card,9
T103879,2026-07-23,S04,P502,6,137.75,5.0,1,C0021,Cash,17
T103880,2026-07-23,S04,P503,9,95.0,0.0,0,C0980,UPI,17
T103881,2026-07-23,S04,P503,6,95.0,0.0,0,C0152,UPI,17
T103882,2026-07-23,S04,P601,4,80.0,0.0,0,C0513,UPI,19
T103883,2026-07-23,S04,P601,7,80.0,0.0,0,C0850,UPI,20
T103884,2026-07-24,S01,P101,8,60.0,0.0,0,C0106,Cash,21
T103885,2026-07-24,S01,P101,4,60.0,0.0,0,C0921,UPI,20
T103886,2026-07-24,S01,P101,6,60.0,0.0,0,C0315,Card,9
T103887,2026-07-24,S01,P102,7,45.0,0.0,1,C0262,UPI,21
T103888,2026-07-24,S01,P102,9,40.5,10.0,1,C0757,Card,12
T103889,2026-07-24,S01,P103,7,95.0,0.0,0,C0523,Card,10
T103890,2026-07-24,S01,P104,4,145.0,0.0,1,C0752,Cash,12
T103891,2026-07-24,S01,P201,6,120.0,0.0,0,C0141,Card,21
T103892,2026-07-24,S01,P202,5,42.0,0.0,0,C0137,Card,10
T103893,2026-07-24,S01,P202,9,42.0,0.0,0,C0079,Card,9
T103894,2026-07-24,S01,P202,7,42.0,0.0,0,C0363,Card,18
T103895,2026-07-24,S01,P203,7,95.0,0.0,0,C0099,UPI,11
T103896,2026-07-24,S01,P204,6,156.75,5.0,1,C0607,Card,18
T103897,2026-07-24,S01,P301,6,50.0,0.0,0,C0222,UPI,8
T103898,2026-07-24,S01,P301,7,50.0,0.0,0,C0655,UPI,17
T103899,2026-07-24,S01,P301,7,50.0,0.0,0,C0784,Cash,17
T103900,2026-07-24,S01,P302,4,85.0,0.0,0,C0650,Card,18
T103901,2026-07-24,S01,P302,7,85.0,0.0,0,C0365,UPI,9
T103902,2026-07-24,S01,P303,5,110.0,0.0,0,C0731,UPI,18
T103903,2026-07-24,S01,P304,8,25.0,0.0,0,C0509,Card,12
T103904,2026-07-24,S01,P304,9,25.0,0.0,0,C0824,Card,21
T103905,2026-07-24,S01,P304,4,25.0,0.0,0,C1164,Card,9
T103906,2026-07-24,S01,P304,7,25.0,0.0,0,C0381,UPI,18
T103907,2026-07-24,S01,P401,5,35.0,0.0,0,C0101,UPI,12
T103908,2026-07-24,S01,P401,7,35.0,0.0,0,C0368,Card,20
T103909,2026-07-24,S01,P401,8,35.0,0.0,0,C0316,Card,17
T103910,2026-07-24,S01,P401,13,35.0,0.0,0,C1009,UPI,16
T103911,2026-07-24,S01,P402,11,28.5,5.0,1,C0131,Card,9
T103912,2026-07-24,S01,P402,9,30.0,0.0,1,C0354,UPI,18
T103913,2026-07-24,S01,P402,10,30.0,0.0,1,C0508,Card,11
T103914,2026-07-24,S01,P402,12,27.0,10.0,1,C0915,UPI,21
T103915,2026-07-24,S01,P403,7,55.0,0.0,1,C0754,UPI,20
T103916,2026-07-24,S01,P403,5,55.0,0.0,1,C0779,Card,11
T103917,2026-07-24,S01,P403,5,52.25,5.0,1,C0312,Cash,8
T103918,2026-07-24,S01,P501,7,210.0,0.0,0,C0384,UPI,18
T103919,2026-07-24,S01,P501,6,210.0,0.0,0,C0988,UPI,11
T103920,2026-07-24,S01,P502,8,145.0,0.0,0,C0456,Card,10
T103921,2026-07-24,S01,P503,6,95.0,0.0,0,C0047,Card,12
T103922,2026-07-24,S01,P503,3,95.0,0.0,0,C0775,UPI,19
T103923,2026-07-24,S01,P601,7,80.0,0.0,0,C0763,Card,12
T103924,2026-07-24,S01,P601,6,80.0,0.0,0,C0451,UPI,8
T103925,2026-07-24,S02,P101,7,60.0,0.0,0,C0937,UPI,12
T103926,2026-07-24,S02,P101,8,60.0,0.0,0,C0914,Card,17
T103927,2026-07-24,S02,P101,11,60.0,0.0,0,C0211,Card,9
T103928,2026-07-24,S02,P101,10,60.0,0.0,0,C0565,Cash,10
T103929,2026-07-24,S02,P102,5,45.0,0.0,0,C1144,UPI,19
T103930,2026-07-24,S02,P102,8,45.0,0.0,0,C0331,UPI,9
T103931,2026-07-24,S02,P102,6,45.0,0.0,0,C0008,UPI,18
T103932,2026-07-24,S02,P102,6,45.0,0.0,0,C0566,UPI,16
T103933,2026-07-24,S02,P103,4,95.0,0.0,0,C1045,Card,10
T103934,2026-07-24,S02,P103,7,95.0,0.0,0,C0920,Card,12
T103935,2026-07-24,S02,P104,7,145.0,0.0,0,C1061,Cash,8
T103936,2026-07-24,S02,P104,4,145.0,0.0,0,C0043,Cash,11
T103937,2026-07-24,S02,P201,3,120.0,0.0,0,C0930,Cash,20
T103938,2026-07-24,S02,P201,6,120.0,0.0,0,C0586,UPI,19
T103939,2026-07-24,S02,P202,6,42.0,0.0,0,C0460,Card,8
T103940,2026-07-24,S02,P202,10,42.0,0.0,0,C0877,UPI,11
T103941,2026-07-24,S02,P202,7,42.0,0.0,0,C0241,UPI,19
T103942,2026-07-24,S02,P202,7,42.0,0.0,0,C1191,Card,8
T103943,2026-07-24,S02,P203,7,95.0,0.0,0,C0334,Cash,16
T103944,2026-07-24,S02,P203,3,95.0,0.0,0,C1075,UPI,21
T103945,2026-07-24,S02,P204,4,165.0,0.0,0,C1048,UPI,19
T103946,2026-07-24,S02,P204,5,165.0,0.0,0,C0467,Cash,20
T103947,2026-07-24,S02,P301,9,50.0,0.0,0,C0163,Card,8
T103948,2026-07-24,S02,P301,5,50.0,0.0,0,C0320,UPI,18
T103949,2026-07-24,S02,P301,9,50.0,0.0,0,C0326,Card,11
T103950,2026-07-24,S02,P302,7,85.0,0.0,0,C0106,Card,16
T103951,2026-07-24,S02,P302,4,85.0,0.0,0,C1153,Card,13
T103952,2026-07-24,S02,P302,7,85.0,0.0,0,C0747,UPI,21
T103953,2026-07-24,S02,P303,4,110.0,0.0,0,C1177,Cash,9
T103954,2026-07-24,S02,P303,9,110.0,0.0,0,C0502,UPI,17
T103955,2026-07-24,S02,P304,12,25.0,0.0,0,C1163,Card,18
T103956,2026-07-24,S02,P304,7,25.0,0.0,0,C0348,UPI,21
T103957,2026-07-24,S02,P304,10,25.0,0.0,0,C0198,Card,21
T103958,2026-07-24,S02,P304,10,25.0,0.0,0,C0381,UPI,9
T103959,2026-07-24,S02,P401,7,31.5,10.0,1,C0313,Card,18
T103960,2026-07-24,S02,P401,16,35.0,0.0,1,C0036,Card,12
T103961,2026-07-24,S02,P401,9,35.0,0.0,1,C0467,Cash,10
T103962,2026-07-24,S02,P401,13,35.0,0.0,1,C0241,Cash,10
T103963,2026-07-24,S02,P402,9,28.5,5.0,1,C1114,Card,13
T103964,2026-07-24,S02,P402,7,27.0,10.0,1,C0446,Card,13
T103965,2026-07-24,S02,P402,12,27.0,10.0,1,C0552,Cash,21
T103966,2026-07-24,S02,P402,13,30.0,0.0,1,C1034,Card,9
T103967,2026-07-24,S02,P403,11,49.5,10.0,1,C1166,UPI,17
T103968,2026-07-24,S02,P403,6,49.5,10.0,1,C1156,Card,9
T103969,2026-07-24,S02,P403,7,49.5,10.0,1,C0269,Card,20
T103970,2026-07-24,S02,P501,9,210.0,0.0,0,C0259,Cash,9
T103971,2026-07-24,S02,P501,4,210.0,0.0,0,C0643,Cash,18
T103972,2026-07-24,S02,P502,7,145.0,0.0,0,C0455,Card,19
T103973,2026-07-24,S02,P502,7,145.0,0.0,0,C1033,UPI,16
T103974,2026-07-24,S02,P503,8,95.0,0.0,0,C0522,UPI,16
T103975,2026-07-24,S02,P503,5,95.0,0.0,0,C1080,UPI,17
T103976,2026-07-24,S02,P503,7,95.0,0.0,0,C1040,Cash,10
T103977,2026-07-24,S02,P601,7,80.0,0.0,0,C0882,Card,18
T103978,2026-07-24,S02,P601,5,80.0,0.0,0,C0809,Cash,19
T103979,2026-07-24,S02,P601,4,80.0,0.0,0,C0634,Card,21
T103980,2026-07-24,S02,P601,10,80.0,0.0,0,C0574,Cash,9
T103981,2026-07-24,S03,P101,6,60.0,0.0,0,C0937,UPI,11
T103982,2026-07-24,S03,P101,4,60.0,0.0,0,C1129,UPI,17
T103983,2026-07-24,S03,P101,8,60.0,0.0,0,C0247,UPI,21
T103984,2026-07-24,S03,P102,7,45.0,0.0,0,C1174,Card,12
T103985,2026-07-24,S03,P102,4,45.0,0.0,0,C0406,UPI,10
T103986,2026-07-24,S03,P103,8,95.0,0.0,0,C0305,UPI,11
T103987,2026-07-24,S03,P104,5,145.0,0.0,0,C0036,Card,16
T103988,2026-07-24,S03,P201,3,120.0,0.0,0,C0509,UPI,9
T103989,2026-07-24,S03,P202,8,42.0,0.0,0,C0197,Card,10
T103990,2026-07-24,S03,P202,4,42.0,0.0,0,C0107,Cash,9
T103991,2026-07-24,S03,P202,6,42.0,0.0,0,C1028,Card,10
T103992,2026-07-24,S03,P203,6,95.0,0.0,0,C0111,Card,21
T103993,2026-07-24,S03,P203,5,95.0,0.0,0,C0434,Cash,13
T103994,2026-07-24,S03,P204,4,165.0,0.0,0,C0873,UPI,17
T103995,2026-07-24,S03,P204,5,165.0,0.0,0,C0633,UPI,19
T103996,2026-07-24,S03,P301,8,50.0,0.0,0,C1007,Cash,20
T103997,2026-07-24,S03,P301,5,50.0,0.0,0,C0891,UPI,10
T103998,2026-07-24,S03,P301,6,50.0,0.0,0,C0012,UPI,17
T103999,2026-07-24,S03,P302,5,85.0,0.0,0,C0071,Cash,8
T104000,2026-07-24,S03,P302,5,85.0,0.0,0,C0357,UPI,13
T104001,2026-07-24,S03,P303,5,110.0,0.0,1,C1193,UPI,11
T104002,2026-07-24,S03,P304,6,25.0,0.0,0,C0900,Card,12
T104003,2026-07-24,S03,P304,6,25.0,0.0,0,C0563,UPI,16
T104004,2026-07-24,S03,P304,7,25.0,0.0,0,C0613,UPI,17
T104005,2026-07-24,S03,P304,7,25.0,0.0,0,C0959,Cash,12
T104006,2026-07-24,S03,P401,11,35.0,0.0,1,C0987,Card,8
T104007,2026-07-24,S03,P401,7,33.25,5.0,1,C1132,UPI,10
T104008,2026-07-24,S03,P401,6,33.25,5.0,1,C0267,Card,8
T104009,2026-07-24,S03,P402,9,27.0,10.0,1,C0143,UPI,21
T104010,2026-07-24,S03,P402,6,30.0,0.0,1,C0119,Cash,17
T104011,2026-07-24,S03,P403,7,55.0,0.0,0,C0845,Card,9
T104012,2026-07-24,S03,P403,7,55.0,0.0,0,C1032,Cash,20
T104013,2026-07-24,S03,P501,5,210.0,0.0,0,C0891,UPI,16
T104014,2026-07-24,S03,P502,8,145.0,0.0,0,C0540,Card,9
T104015,2026-07-24,S03,P503,3,95.0,0.0,0,C0861,UPI,21
T104016,2026-07-24,S03,P503,6,95.0,0.0,0,C0549,Card,21
T104017,2026-07-24,S03,P601,7,76.0,5.0,1,C0570,UPI,18
T104018,2026-07-24,S03,P601,9,80.0,0.0,1,C0957,UPI,12
T104019,2026-07-24,S03,P601,4,68.0,15.0,1,C0557,UPI,10
T104020,2026-07-24,S04,P101,8,60.0,0.0,0,C0451,Card,16
T104021,2026-07-24,S04,P101,5,60.0,0.0,0,C0517,Card,13
T104022,2026-07-24,S04,P101,7,60.0,0.0,0,C0499,UPI,21
T104023,2026-07-24,S04,P102,5,45.0,0.0,0,C0836,UPI,18
T104024,2026-07-24,S04,P102,6,45.0,0.0,0,C0727,Cash,10
T104025,2026-07-24,S04,P103,6,95.0,0.0,0,C1029,Card,10
T104026,2026-07-24,S04,P103,4,95.0,0.0,0,C0708,Card,8
T104027,2026-07-24,S04,P104,3,145.0,0.0,0,C0386,UPI,13
T104028,2026-07-24,S04,P201,4,114.0,5.0,1,C0782,UPI,19
T104029,2026-07-24,S04,P202,6,42.0,0.0,0,C0031,Card,17
T104030,2026-07-24,S04,P202,8,42.0,0.0,0,C1152,UPI,13
T104031,2026-07-24,S04,P203,6,95.0,0.0,0,C0701,UPI,18
T104032,2026-07-24,S04,P203,7,95.0,0.0,0,C0124,Cash,11
T104033,2026-07-24,S04,P204,6,165.0,0.0,0,C0931,UPI,19
T104034,2026-07-24,S04,P301,6,50.0,0.0,0,C0297,Card,21
T104035,2026-07-24,S04,P301,8,50.0,0.0,0,C0973,UPI,16
T104036,2026-07-24,S04,P301,5,50.0,0.0,0,C0351,UPI,11
T104037,2026-07-24,S04,P302,5,85.0,0.0,0,C0602,Card,13
T104038,2026-07-24,S04,P302,10,85.0,0.0,0,C1092,UPI,10
T104039,2026-07-24,S04,P303,6,110.0,0.0,0,C0547,UPI,20
T104040,2026-07-24,S04,P304,5,25.0,0.0,0,C1123,UPI,17
T104041,2026-07-24,S04,P304,7,25.0,0.0,0,C0231,UPI,13
T104042,2026-07-24,S04,P304,7,25.0,0.0,0,C0335,UPI,18
T104043,2026-07-24,S04,P401,3,35.0,0.0,0,C0513,Card,10
T104044,2026-07-24,S04,P401,5,35.0,0.0,0,C0907,UPI,9
T104045,2026-07-24,S04,P401,9,35.0,0.0,0,C0588,UPI,8
T104046,2026-07-24,S04,P402,10,27.0,10.0,1,C0091,UPI,11
T104047,2026-07-24,S04,P402,5,30.0,0.0,1,C0311,UPI,16
T104048,2026-07-24,S04,P402,8,30.0,0.0,1,C0828,UPI,11
T104049,2026-07-24,S04,P403,5,55.0,0.0,0,C1045,UPI,21
T104050,2026-07-24,S04,P403,6,55.0,0.0,0,C0855,UPI,19
T104051,2026-07-24,S04,P501,4,210.0,0.0,0,C1182,Card,10
T104052,2026-07-24,S04,P501,6,210.0,0.0,0,C0296,UPI,8
T104053,2026-07-24,S04,P502,4,145.0,0.0,0,C1132,UPI,8
T104054,2026-07-24,S04,P503,4,95.0,0.0,0,C0479,UPI,17
T104055,2026-07-24,S04,P503,7,95.0,0.0,0,C0693,Card,9
T104056,2026-07-24,S04,P601,4,80.0,0.0,0,C0549,Card,16
T104057,2026-07-24,S04,P601,5,80.0,0.0,0,C0678,UPI,21
T104058,2026-07-25,S01,P101,9,54.0,10.0,1,C0963,Card,10
T104059,2026-07-25,S01,P101,8,57.0,5.0,1,C0369,Card,21
T104060,2026-07-25,S01,P101,5,51.0,15.0,1,C0998,Card,17
T104061,2026-07-25,S01,P102,7,45.0,0.0,0,C0054,Card,18
T104062,2026-07-25,S01,P102,5,45.0,0.0,0,C0779,UPI,12
T104063,2026-07-25,S01,P102,7,45.0,0.0,0,C0985,Card,13
T104064,2026-07-25,S01,P103,7,95.0,0.0,0,C0776,Card,11
T104065,2026-07-25,S01,P103,4,95.0,0.0,0,C0064,UPI,8
T104066,2026-07-25,S01,P104,4,145.0,0.0,0,C0434,Card,10
T104067,2026-07-25,S01,P201,6,120.0,0.0,0,C0546,Card,11
T104068,2026-07-25,S01,P201,4,120.0,0.0,0,C0476,UPI,10
T104069,2026-07-25,S01,P202,5,42.0,0.0,0,C0798,UPI,8
T104070,2026-07-25,S01,P202,8,42.0,0.0,0,C0224,Cash,12
T104071,2026-07-25,S01,P203,4,95.0,0.0,1,C0515,UPI,19
T104072,2026-07-25,S01,P203,10,90.25,5.0,1,C0329,UPI,13
T104073,2026-07-25,S01,P203,4,85.5,10.0,1,C1138,UPI,12
T104074,2026-07-25,S01,P204,4,165.0,0.0,0,C0541,Card,12
T104075,2026-07-25,S01,P301,8,50.0,0.0,0,C0776,UPI,10
T104076,2026-07-25,S01,P301,6,50.0,0.0,0,C1159,Cash,8
T104077,2026-07-25,S01,P301,4,50.0,0.0,0,C0255,Card,16
T104078,2026-07-25,S01,P302,6,72.25,15.0,1,C0421,UPI,19
T104079,2026-07-25,S01,P302,6,80.75,5.0,1,C1049,UPI,19
T104080,2026-07-25,S01,P303,3,110.0,0.0,0,C0927,UPI,11
T104081,2026-07-25,S01,P303,6,110.0,0.0,0,C0448,Card,20
T104082,2026-07-25,S01,P304,8,25.0,0.0,0,C0765,UPI,17
T104083,2026-07-25,S01,P304,7,25.0,0.0,0,C0705,Card,20
T104084,2026-07-25,S01,P304,8,25.0,0.0,0,C0051,Card,19
T104085,2026-07-25,S01,P304,5,25.0,0.0,0,C0266,UPI,10
T104086,2026-07-25,S01,P401,9,35.0,0.0,0,C0374,Card,17
T104087,2026-07-25,S01,P401,16,35.0,0.0,0,C0121,UPI,9
T104088,2026-07-25,S01,P401,11,35.0,0.0,0,C0043,Card,19
T104089,2026-07-25,S01,P401,8,35.0,0.0,0,C0072,Card,20
T104090,2026-07-25,S01,P402,15,30.0,0.0,0,C0023,UPI,21
T104091,2026-07-25,S01,P402,13,30.0,0.0,0,C0704,Card,9
T104092,2026-07-25,S01,P402,12,30.0,0.0,0,C0482,UPI,13
T104093,2026-07-25,S01,P402,11,30.0,0.0,0,C0651,UPI,20
T104094,2026-07-25,S01,P403,8,55.0,0.0,0,C0072,Card,19
T104095,2026-07-25,S01,P501,8,210.0,0.0,0,C0721,UPI,17
T104096,2026-07-25,S01,P502,8,145.0,0.0,0,C0497,Card,8
T104097,2026-07-25,S01,P503,10,95.0,0.0,0,C0626,Cash,18
T104098,2026-07-25,S01,P503,6,95.0,0.0,0,C0752,Card,20
T104099,2026-07-25,S01,P601,6,80.0,0.0,0,C1143,Card,18
T104100,2026-07-25,S01,P601,6,80.0,0.0,0,C1195,Card,18
T104101,2026-07-25,S01,P601,9,80.0,0.0,0,C0357,Card,11
T104102,2026-07-25,S02,P101,7,60.0,0.0,0,C1093,UPI,16
T104103,2026-07-25,S02,P101,12,60.0,0.0,0,C0443,Cash,20
T104104,2026-07-25,S02,P101,13,60.0,0.0,0,C1116,Card,20
T104105,2026-07-25,S02,P101,8,60.0,0.0,0,C0656,UPI,11
T104106,2026-07-25,S02,P102,8,45.0,0.0,0,C0853,UPI,18
T104107,2026-07-25,S02,P102,8,45.0,0.0,0,C0031,UPI,18
T104108,2026-07-25,S02,P103,7,95.0,0.0,0,C1015,UPI,10
T104109,2026-07-25,S02,P103,6,95.0,0.0,0,C0926,Card,20
T104110,2026-07-25,S02,P104,4,145.0,0.0,0,C0816,UPI,11
T104111,2026-07-25,S02,P201,9,120.0,0.0,0,C0007,UPI,18
T104112,2026-07-25,S02,P201,4,120.0,0.0,0,C0695,UPI,10
T104113,2026-07-25,S02,P202,7,42.0,0.0,0,C0287,Card,18
T104114,2026-07-25,S02,P202,10,42.0,0.0,0,C0240,Cash,19
T104115,2026-07-25,S02,P202,8,42.0,0.0,0,C1066,Card,20
T104116,2026-07-25,S02,P202,5,42.0,0.0,0,C0035,Cash,21
T104117,2026-07-25,S02,P203,8,90.25,5.0,1,C0205,UPI,21
T104118,2026-07-25,S02,P203,8,80.75,15.0,1,C0609,UPI,16
T104119,2026-07-25,S02,P204,7,165.0,0.0,0,C0667,UPI,10
T104120,2026-07-25,S02,P301,6,50.0,0.0,1,C0770,UPI,18
T104121,2026-07-25,S02,P301,12,50.0,0.0,1,C0850,Card,19
T104122,2026-07-25,S02,P301,9,50.0,0.0,1,C0653,UPI,12
T104123,2026-07-25,S02,P301,8,47.5,5.0,1,C1173,Cash,12
T104124,2026-07-25,S02,P302,7,85.0,0.0,0,C1073,Card,20
T104125,2026-07-25,S02,P302,8,85.0,0.0,0,C0364,UPI,21
T104126,2026-07-25,S02,P302,6,85.0,0.0,0,C0312,UPI,19
T104127,2026-07-25,S02,P302,5,85.0,0.0,0,C0343,UPI,21
T104128,2026-07-25,S02,P303,6,110.0,0.0,1,C1122,UPI,19
T104129,2026-07-25,S02,P303,7,110.0,0.0,1,C0430,UPI,9
T104130,2026-07-25,S02,P304,14,25.0,0.0,0,C0214,Cash,10
T104131,2026-07-25,S02,P304,7,25.0,0.0,0,C0948,Card,17
T104132,2026-07-25,S02,P304,15,25.0,0.0,0,C0342,UPI,13
T104133,2026-07-25,S02,P304,12,25.0,0.0,0,C0677,UPI,11
T104134,2026-07-25,S02,P401,9,35.0,0.0,0,C0644,UPI,13
T104135,2026-07-25,S02,P401,7,35.0,0.0,0,C0042,Cash,20
T104136,2026-07-25,S02,P401,11,35.0,0.0,0,C0728,Card,10
T104137,2026-07-25,S02,P401,8,35.0,0.0,0,C0940,Card,16
T104138,2026-07-25,S02,P402,14,30.0,0.0,0,C0038,UPI,13
T104139,2026-07-25,S02,P402,14,30.0,0.0,0,C0257,UPI,11
T104140,2026-07-25,S02,P402,15,30.0,0.0,0,C0856,Card,12
T104141,2026-07-25,S02,P402,11,30.0,0.0,0,C0845,Cash,8
T104142,2026-07-25,S02,P403,8,55.0,0.0,0,C0975,UPI,19
T104143,2026-07-25,S02,P403,3,55.0,0.0,0,C0987,Card,18
T104144,2026-07-25,S02,P403,8,55.0,0.0,0,C0902,Card,8
T104145,2026-07-25,S02,P501,5,210.0,0.0,0,C0777,Card,17
T104146,2026-07-25,S02,P501,7,210.0,0.0,0,C0456,Cash,20
T104147,2026-07-25,S02,P501,7,210.0,0.0,0,C0144,UPI,19
T104148,2026-07-25,S02,P502,7,145.0,0.0,0,C0207,UPI,10
T104149,2026-07-25,S02,P502,5,145.0,0.0,0,C0259,UPI,17
T104150,2026-07-25,S02,P503,4,95.0,0.0,0,C0111,Cash,20
T104151,2026-07-25,S02,P503,8,95.0,0.0,0,C0497,Card,17
T104152,2026-07-25,S02,P601,5,80.0,0.0,0,C1147,UPI,18
T104153,2026-07-25,S02,P601,6,80.0,0.0,0,C0007,UPI,21
T104154,2026-07-25,S02,P601,9,80.0,0.0,0,C1122,Card,10
T104155,2026-07-25,S02,P601,5,80.0,0.0,0,C0697,UPI,16
T104156,2026-07-25,S03,P101,8,60.0,0.0,0,C0990,UPI,8
T104157,2026-07-25,S03,P101,7,60.0,0.0,0,C0546,UPI,12
T104158,2026-07-25,S03,P102,7,45.0,0.0,0,C0828,UPI,19
T104159,2026-07-25,S03,P103,4,95.0,0.0,0,C1094,Card,19
T104160,2026-07-25,S03,P104,5,145.0,0.0,0,C0853,Card,12
T104161,2026-07-25,S03,P201,4,120.0,0.0,0,C1056,Card,12
T104162,2026-07-25,S03,P202,6,42.0,0.0,0,C0690,Cash,11
T104163,2026-07-25,S03,P202,10,42.0,0.0,0,C0120,Cash,8
T104164,2026-07-25,S03,P202,5,42.0,0.0,0,C0064,Cash,18
T104165,2026-07-25,S03,P203,1,95.0,0.0,0,C0736,UPI,19
T104166,2026-07-25,S03,P204,6,165.0,0.0,0,C0395,Cash,9
T104167,2026-07-25,S03,P301,7,47.5,5.0,1,C0386,UPI,21
T104168,2026-07-25,S03,P301,7,50.0,0.0,1,C0340,Card,9
T104169,2026-07-25,S03,P301,8,50.0,0.0,1,C0437,Cash,18
T104170,2026-07-25,S03,P302,4,85.0,0.0,0,C0999,Card,11
T104171,2026-07-25,S03,P302,5,85.0,0.0,0,C1008,Card,10
T104172,2026-07-25,S03,P303,8,110.0,0.0,0,C0547,Card,11
T104173,2026-07-25,S03,P304,4,25.0,0.0,0,C0853,Cash,13
T104174,2026-07-25,S03,P304,9,25.0,0.0,0,C1052,Card,19
T104175,2026-07-25,S03,P304,7,25.0,0.0,0,C0421,Card,20
T104176,2026-07-25,S03,P401,8,35.0,0.0,1,C1114,UPI,20
T104177,2026-07-25,S03,P401,5,33.25,5.0,1,C0140,Card,16
T104178,2026-07-25,S03,P401,6,35.0,0.0,1,C0058,UPI,9
T104179,2026-07-25,S03,P402,8,30.0,0.0,0,C0584,UPI,20
T104180,2026-07-25,S03,P402,6,30.0,0.0,0,C1012,Card,21
T104181,2026-07-25,S03,P402,7,30.0,0.0,0,C0921,UPI,12
T104182,2026-07-25,S03,P402,8,30.0,0.0,0,C0872,Cash,20
T104183,2026-07-25,S03,P403,7,55.0,0.0,0,C0622,UPI,13
T104184,2026-07-25,S03,P403,6,55.0,0.0,0,C0995,UPI,11
T104185,2026-07-25,S03,P501,5,210.0,0.0,0,C0659,UPI,10
T104186,2026-07-25,S03,P501,4,210.0,0.0,0,C0461,Card,8
T104187,2026-07-25,S03,P501,8,210.0,0.0,0,C0512,Cash,19
T104188,2026-07-25,S03,P502,6,137.75,5.0,1,C1178,UPI,17
T104189,2026-07-25,S03,P503,9,95.0,0.0,0,C1048,Cash,17
T104190,2026-07-25,S03,P503,6,95.0,0.0,0,C0853,Card,16
T104191,2026-07-25,S03,P601,6,80.0,0.0,0,C0122,Card,16
T104192,2026-07-25,S03,P601,5,80.0,0.0,0,C0307,Cash,17
T104193,2026-07-25,S04,P101,8,60.0,0.0,0,C0781,Cash,10
T104194,2026-07-25,S04,P101,8,60.0,0.0,0,C0297,UPI,21
T104195,2026-07-25,S04,P101,6,60.0,0.0,0,C0443,Card,17
T104196,2026-07-25,S04,P102,6,45.0,0.0,0,C0120,Card,8
T104197,2026-07-25,S04,P102,7,45.0,0.0,0,C0433,UPI,13
T104198,2026-07-25,S04,P102,6,45.0,0.0,0,C1142,Card,16
T104199,2026-07-25,S04,P103,5,95.0,0.0,0,C0830,Cash,11
T104200,2026-07-25,S04,P104,7,145.0,0.0,0,C0454,UPI,21
T104201,2026-07-25,S04,P201,6,120.0,0.0,0,C0135,Card,12
T104202,2026-07-25,S04,P202,8,42.0,0.0,0,C0940,Cash,11
T104203,2026-07-25,S04,P202,7,42.0,0.0,0,C1104,UPI,19
T104204,2026-07-25,S04,P202,5,42.0,0.0,0,C1185,UPI,11
T104205,2026-07-25,S04,P203,5,95.0,0.0,0,C1083,UPI,8
T104206,2026-07-25,S04,P203,7,95.0,0.0,0,C0058,UPI,17
T104207,2026-07-25,S04,P204,5,165.0,0.0,0,C0129,UPI,11
T104208,2026-07-25,S04,P301,8,50.0,0.0,1,C0586,UPI,12
T104209,2026-07-25,S04,P301,8,50.0,0.0,1,C0458,Cash,13
T104210,2026-07-25,S04,P301,3,47.5,5.0,1,C0846,Card,18
T104211,2026-07-25,S04,P301,7,50.0,0.0,1,C0011,UPI,16
T104212,2026-07-25,S04,P302,6,85.0,0.0,0,C0458,UPI,20
T104213,2026-07-25,S04,P303,6,110.0,0.0,0,C0794,UPI,11
T104214,2026-07-25,S04,P303,4,110.0,0.0,0,C0389,Card,12
T104215,2026-07-25,S04,P304,8,25.0,0.0,0,C0498,UPI,11
T104216,2026-07-25,S04,P304,10,25.0,0.0,0,C0936,Card,8
T104217,2026-07-25,S04,P304,11,25.0,0.0,0,C0511,UPI,8
T104218,2026-07-25,S04,P304,6,25.0,0.0,0,C0377,UPI,11
T104219,2026-07-25,S04,P401,9,35.0,0.0,0,C0031,UPI,19
T104220,2026-07-25,S04,P401,9,35.0,0.0,0,C1006,UPI,11
T104221,2026-07-25,S04,P401,5,35.0,0.0,0,C0291,UPI,17
T104222,2026-07-25,S04,P402,4,30.0,0.0,0,C0039,Card,9
T104223,2026-07-25,S04,P402,7,30.0,0.0,0,C0838,UPI,21
T104224,2026-07-25,S04,P402,6,30.0,0.0,0,C0296,Card,17
T104225,2026-07-25,S04,P402,12,30.0,0.0,0,C0523,UPI,11
T104226,2026-07-25,S04,P403,3,52.25,5.0,1,C0983,UPI,16
T104227,2026-07-25,S04,P403,7,55.0,0.0,1,C0487,UPI,20
T104228,2026-07-25,S04,P501,7,199.5,5.0,1,C0984,Cash,21
T104229,2026-07-25,S04,P501,6,210.0,0.0,1,C0138,Card,13
T104230,2026-07-25,S04,P501,6,199.5,5.0,1,C0570,UPI,8
T104231,2026-07-25,S04,P502,8,145.0,0.0,0,C0184,Card,12
T104232,2026-07-25,S04,P503,10,95.0,0.0,0,C0316,Cash,19
T104233,2026-07-25,S04,P503,5,95.0,0.0,0,C0854,UPI,17
T104234,2026-07-25,S04,P601,9,80.0,0.0,0,C0768,UPI,12
T104235,2026-07-25,S04,P601,7,80.0,0.0,0,C0974,Card,13
T104236,2026-07-26,S01,P101,10,60.0,0.0,0,C0746,Card,11
T104237,2026-07-26,S01,P101,5,60.0,0.0,0,C1119,UPI,20
T104238,2026-07-26,S01,P101,9,60.0,0.0,0,C0775,UPI,12
T104239,2026-07-26,S01,P102,6,45.0,0.0,0,C0122,Card,13
T104240,2026-07-26,S01,P102,7,45.0,0.0,0,C0176,Card,20
T104241,2026-07-26,S01,P103,6,95.0,0.0,0,C0491,Card,8
T104242,2026-07-26,S01,P104,5,145.0,0.0,0,C0703,UPI,12
T104243,2026-07-26,S01,P201,3,120.0,0.0,0,C0079,UPI,17
T104244,2026-07-26,S01,P201,6,120.0,0.0,0,C0197,UPI,20
T104245,2026-07-26,S01,P202,8,42.0,0.0,0,C0919,UPI,10
T104246,2026-07-26,S01,P202,8,42.0,0.0,0,C0202,UPI,12
T104247,2026-07-26,S01,P203,3,95.0,0.0,0,C1017,Card,8
T104248,2026-07-26,S01,P203,7,95.0,0.0,0,C0771,Cash,13
T104249,2026-07-26,S01,P204,4,165.0,0.0,0,C0701,UPI,20
T104250,2026-07-26,S01,P301,6,50.0,0.0,0,C0540,UPI,10
T104251,2026-07-26,S01,P301,9,50.0,0.0,0,C1159,UPI,20
T104252,2026-07-26,S01,P301,6,50.0,0.0,0,C0126,UPI,16
T104253,2026-07-26,S01,P301,6,50.0,0.0,0,C0983,Card,18
T104254,2026-07-26,S01,P302,6,85.0,0.0,0,C0316,UPI,16
T104255,2026-07-26,S01,P302,10,85.0,0.0,0,C1148,UPI,21
T104256,2026-07-26,S01,P303,7,110.0,0.0,0,C0461,Card,17
T104257,2026-07-26,S01,P304,13,23.75,5.0,1,C0078,Card,9
T104258,2026-07-26,S01,P304,6,25.0,0.0,1,C1086,UPI,12
T104259,2026-07-26,S01,P304,9,25.0,0.0,1,C0087,UPI,16
T104260,2026-07-26,S01,P304,8,23.75,5.0,1,C0948,Card,9
T104261,2026-07-26,S01,P401,7,35.0,0.0,0,C1101,Cash,8
T104262,2026-07-26,S01,P401,9,35.0,0.0,0,C1101,UPI,10
T104263,2026-07-26,S01,P401,8,35.0,0.0,0,C0314,Cash,18
T104264,2026-07-26,S01,P401,4,35.0,0.0,0,C0049,Cash,21
T104265,2026-07-26,S01,P402,8,30.0,0.0,0,C0602,Card,12
T104266,2026-07-26,S01,P402,12,30.0,0.0,0,C0639,UPI,18
T104267,2026-07-26,S01,P402,5,30.0,0.0,0,C0475,Card,11
T104268,2026-07-26,S01,P402,9,30.0,0.0,0,C0536,UPI,16
T104269,2026-07-26,S01,P403,8,55.0,0.0,0,C0114,UPI,21
T104270,2026-07-26,S01,P403,6,55.0,0.0,0,C0732,UPI,16
T104271,2026-07-26,S01,P403,5,55.0,0.0,0,C1142,UPI,20
T104272,2026-07-26,S01,P501,6,210.0,0.0,0,C1177,Card,13
T104273,2026-07-26,S01,P501,4,210.0,0.0,0,C0578,UPI,20
T104274,2026-07-26,S01,P502,8,145.0,0.0,0,C1007,UPI,18
T104275,2026-07-26,S01,P503,8,95.0,0.0,0,C0796,UPI,20
T104276,2026-07-26,S01,P503,5,95.0,0.0,0,C0087,UPI,9
T104277,2026-07-26,S01,P601,9,80.0,0.0,0,C1114,UPI,16
T104278,2026-07-26,S01,P601,4,80.0,0.0,0,C0603,UPI,17
T104279,2026-07-26,S01,P601,6,80.0,0.0,0,C0658,UPI,11
T104280,2026-07-26,S02,P101,9,60.0,0.0,0,C1081,UPI,20
T104281,2026-07-26,S02,P101,7,60.0,0.0,0,C0518,Cash,16
T104282,2026-07-26,S02,P101,7,60.0,0.0,0,C0140,UPI,11
T104283,2026-07-26,S02,P101,11,60.0,0.0,0,C0987,Card,19
T104284,2026-07-26,S02,P102,4,45.0,0.0,0,C1062,UPI,8
T104285,2026-07-26,S02,P102,9,45.0,0.0,0,C0750,UPI,12
T104286,2026-07-26,S02,P102,6,45.0,0.0,0,C0855,UPI,13
T104287,2026-07-26,S02,P102,9,45.0,0.0,0,C0256,UPI,21
T104288,2026-07-26,S02,P103,6,95.0,0.0,0,C0488,Card,11
T104289,2026-07-26,S02,P103,5,95.0,0.0,0,C0102,Card,9
T104290,2026-07-26,S02,P104,6,145.0,0.0,0,C0380,UPI,20
T104291,2026-07-26,S02,P104,3,145.0,0.0,0,C0781,UPI,13
T104292,2026-07-26,S02,P201,4,120.0,0.0,0,C0966,Card,11
T104293,2026-07-26,S02,P201,5,120.0,0.0,0,C1170,UPI,12
T104294,2026-07-26,S02,P202,7,42.0,0.0,0,C0920,Card,17
T104295,2026-07-26,S02,P202,5,42.0,0.0,0,C0871,Card,18
T104296,2026-07-26,S02,P202,8,42.0,0.0,0,C0161,Card,8
T104297,2026-07-26,S02,P202,6,42.0,0.0,0,C0545,Cash,17
T104298,2026-07-26,S02,P203,7,95.0,0.0,0,C0134,UPI,17
T104299,2026-07-26,S02,P203,4,95.0,0.0,0,C0749,Card,11
T104300,2026-07-26,S02,P204,4,165.0,0.0,0,C0876,UPI,13
T104301,2026-07-26,S02,P301,7,50.0,0.0,0,C0640,UPI,12
T104302,2026-07-26,S02,P301,4,50.0,0.0,0,C0724,Card,17
T104303,2026-07-26,S02,P301,7,50.0,0.0,0,C0330,UPI,21
T104304,2026-07-26,S02,P302,4,85.0,0.0,0,C0119,UPI,10
T104305,2026-07-26,S02,P302,5,85.0,0.0,0,C0828,Card,10
T104306,2026-07-26,S02,P302,6,85.0,0.0,0,C0914,UPI,10
T104307,2026-07-26,S02,P302,10,85.0,0.0,0,C0955,UPI,18
T104308,2026-07-26,S02,P303,5,110.0,0.0,1,C0759,Card,21
T104309,2026-07-26,S02,P303,7,104.5,5.0,1,C0923,UPI,8
T104310,2026-07-26,S02,P304,13,25.0,0.0,1,C0612,UPI,8
T104311,2026-07-26,S02,P304,10,22.5,10.0,1,C0502,Card,10
T104312,2026-07-26,S02,P304,15,25.0,0.0,1,C0049,UPI,20
T104313,2026-07-26,S02,P304,7,22.5,10.0,1,C0047,UPI,12
T104314,2026-07-26,S02,P401,10,35.0,0.0,0,C1038,Card,21
T104315,2026-07-26,S02,P401,8,35.0,0.0,0,C0333,UPI,20
T104316,2026-07-26,S02,P401,8,35.0,0.0,0,C0457,Card,21
T104317,2026-07-26,S02,P401,8,35.0,0.0,0,C0216,UPI,16
T104318,2026-07-26,S02,P402,17,30.0,0.0,1,C0385,Card,10
T104319,2026-07-26,S02,P402,12,28.5,5.0,1,C1042,UPI,8
T104320,2026-07-26,S02,P402,18,28.5,5.0,1,C0517,UPI,12
T104321,2026-07-26,S02,P402,9,30.0,0.0,1,C0306,UPI,11
T104322,2026-07-26,S02,P403,8,55.0,0.0,0,C0507,UPI,19
T104323,2026-07-26,S02,P403,6,55.0,0.0,0,C0704,UPI,19
T104324,2026-07-26,S02,P403,5,55.0,0.0,0,C0250,UPI,11
T104325,2026-07-26,S02,P403,7,55.0,0.0,0,C0511,Card,21
T104326,2026-07-26,S02,P501,6,210.0,0.0,0,C0809,Card,19
T104327,2026-07-26,S02,P501,6,210.0,0.0,0,C0079,UPI,21
T104328,2026-07-26,S02,P502,6,145.0,0.0,0,C1044,Card,18
T104329,2026-07-26,S02,P502,3,145.0,0.0,0,C0606,Cash,11
T104330,2026-07-26,S02,P503,8,95.0,0.0,0,C0680,Card,17
T104331,2026-07-26,S02,P503,8,95.0,0.0,0,C0595,Cash,12
T104332,2026-07-26,S02,P503,6,95.0,0.0,0,C0458,UPI,10
T104333,2026-07-26,S02,P601,9,80.0,0.0,0,C1184,Cash,12
T104334,2026-07-26,S02,P601,3,80.0,0.0,0,C0398,UPI,17
T104335,2026-07-26,S02,P601,10,80.0,0.0,0,C0867,Cash,19
T104336,2026-07-26,S02,P601,4,80.0,0.0,0,C0296,UPI,16
T104337,2026-07-26,S03,P101,6,60.0,0.0,0,C1023,Card,20
T104338,2026-07-26,S03,P101,10,60.0,0.0,0,C0523,Cash,13
T104339,2026-07-26,S03,P102,7,45.0,0.0,0,C0500,Card,8
T104340,2026-07-26,S03,P102,5,45.0,0.0,0,C0753,Card,10
T104341,2026-07-26,S03,P103,6,95.0,0.0,0,C1117,UPI,21
T104342,2026-07-26,S03,P104,3,145.0,0.0,0,C0193,UPI,17
T104343,2026-07-26,S03,P201,4,120.0,0.0,0,C0913,UPI,18
T104344,2026-07-26,S03,P202,5,42.0,0.0,0,C0497,Card,11
T104345,2026-07-26,S03,P202,4,42.0,0.0,0,C0032,UPI,17
T104346,2026-07-26,S03,P202,8,42.0,0.0,0,C0686,Cash,18
T104347,2026-07-26,S03,P203,7,95.0,0.0,0,C0737,UPI,12
T104348,2026-07-26,S03,P204,5,156.75,5.0,1,C1029,UPI,13
T104349,2026-07-26,S03,P301,7,50.0,0.0,0,C0082,UPI,17
T104350,2026-07-26,S03,P301,5,50.0,0.0,0,C0146,UPI,20
T104351,2026-07-26,S03,P301,7,50.0,0.0,0,C0093,UPI,20
T104352,2026-07-26,S03,P302,6,85.0,0.0,0,C0258,UPI,18
T104353,2026-07-26,S03,P302,5,85.0,0.0,0,C0743,UPI,20
T104354,2026-07-26,S03,P303,7,110.0,0.0,0,C0597,UPI,17
T104355,2026-07-26,S03,P304,7,21.25,15.0,1,C0103,Card,11
T104356,2026-07-26,S03,P304,5,23.75,5.0,1,C0440,Cash,13
T104357,2026-07-26,S03,P304,8,25.0,0.0,1,C0246,UPI,20
T104358,2026-07-26,S03,P401,6,35.0,0.0,0,C0573,UPI,21
T104359,2026-07-26,S03,P401,8,35.0,0.0,0,C1119,UPI,21
T104360,2026-07-26,S03,P401,6,35.0,0.0,0,C0601,Card,20
T104361,2026-07-26,S03,P401,5,35.0,0.0,0,C0467,Cash,17
T104362,2026-07-26,S03,P402,6,30.0,0.0,0,C0661,UPI,20
T104363,2026-07-26,S03,P402,5,30.0,0.0,0,C0853,Card,16
T104364,2026-07-26,S03,P402,7,30.0,0.0,0,C0874,Card,21
T104365,2026-07-26,S03,P402,11,30.0,0.0,0,C0578,UPI,12
T104366,2026-07-26,S03,P403,4,55.0,0.0,0,C0299,UPI,8
T104367,2026-07-26,S03,P403,4,55.0,0.0,0,C0757,UPI,21
T104368,2026-07-26,S03,P403,9,55.0,0.0,0,C0052,UPI,19
T104369,2026-07-26,S03,P501,8,210.0,0.0,0,C0148,Cash,16
T104370,2026-07-26,S03,P502,8,145.0,0.0,0,C0541,Card,17
T104371,2026-07-26,S03,P503,8,95.0,0.0,0,C0357,Cash,20
T104372,2026-07-26,S03,P503,5,95.0,0.0,0,C0231,UPI,9
T104373,2026-07-26,S03,P601,5,80.0,0.0,0,C0483,Cash,18
T104374,2026-07-26,S03,P601,9,80.0,0.0,0,C0883,Cash,16
T104375,2026-07-26,S04,P101,11,60.0,0.0,0,C0555,Card,12
T104376,2026-07-26,S04,P101,9,60.0,0.0,0,C0618,Card,17
T104377,2026-07-26,S04,P101,6,60.0,0.0,0,C0795,UPI,20
T104378,2026-07-26,S04,P101,10,60.0,0.0,0,C0639,UPI,19
T104379,2026-07-26,S04,P102,5,45.0,0.0,0,C0302,UPI,17
T104380,2026-07-26,S04,P102,9,45.0,0.0,0,C0172,UPI,16
T104381,2026-07-26,S04,P103,6,95.0,0.0,0,C0175,UPI,12
T104382,2026-07-26,S04,P104,5,145.0,0.0,0,C0310,Cash,16
T104383,2026-07-26,S04,P201,5,120.0,0.0,0,C0876,Cash,10
T104384,2026-07-26,S04,P202,8,42.0,0.0,0,C0782,Card,13
T104385,2026-07-26,S04,P202,4,42.0,0.0,0,C1192,Card,19
T104386,2026-07-26,S04,P202,6,42.0,0.0,0,C0042,Card,10
T104387,2026-07-26,S04,P202,7,42.0,0.0,0,C0399,UPI,16
T104388,2026-07-26,S04,P203,5,95.0,0.0,0,C0636,Card,11
T104389,2026-07-26,S04,P203,6,95.0,0.0,0,C0474,Cash,8
T104390,2026-07-26,S04,P204,6,165.0,0.0,1,C0280,Card,19
T104391,2026-07-26,S04,P301,9,50.0,0.0,0,C1077,UPI,11
T104392,2026-07-26,S04,P301,7,50.0,0.0,0,C0240,Card,21
T104393,2026-07-26,S04,P301,6,50.0,0.0,0,C0734,UPI,18
T104394,2026-07-26,S04,P302,7,85.0,0.0,0,C0073,UPI,16
T104395,2026-07-26,S04,P302,8,85.0,0.0,0,C1194,Card,16
T104396,2026-07-26,S04,P303,4,110.0,0.0,0,C0662,UPI,10
T104397,2026-07-26,S04,P304,7,25.0,0.0,0,C0401,Card,20
T104398,2026-07-26,S04,P304,6,25.0,0.0,0,C0714,Cash,21
T104399,2026-07-26,S04,P304,16,25.0,0.0,0,C0475,Card,19
T104400,2026-07-26,S04,P304,8,25.0,0.0,0,C0358,UPI,11
T104401,2026-07-26,S04,P401,5,35.0,0.0,0,C0640,UPI,18
T104402,2026-07-26,S04,P401,11,35.0,0.0,0,C0186,UPI,8
T104403,2026-07-26,S04,P401,7,35.0,0.0,0,C0972,Cash,21
T104404,2026-07-26,S04,P401,7,35.0,0.0,0,C0309,Cash,10
T104405,2026-07-26,S04,P402,5,27.0,10.0,1,C0700,UPI,11
T104406,2026-07-26,S04,P402,7,25.5,15.0,1,C1053,Card,18
T104407,2026-07-26,S04,P402,5,27.0,10.0,1,C1026,Cash,11
T104408,2026-07-26,S04,P402,9,25.5,15.0,1,C0315,Card,13
T104409,2026-07-26,S04,P403,5,55.0,0.0,0,C0935,UPI,13
T104410,2026-07-26,S04,P403,5,55.0,0.0,0,C0527,UPI,19
T104411,2026-07-26,S04,P501,5,210.0,0.0,0,C1129,UPI,9
T104412,2026-07-26,S04,P501,5,210.0,0.0,0,C1089,UPI,19
T104413,2026-07-26,S04,P502,5,145.0,0.0,0,C0325,Card,16
T104414,2026-07-26,S04,P503,3,95.0,0.0,0,C0597,Cash,12
T104415,2026-07-26,S04,P503,6,95.0,0.0,0,C0950,Card,10
T104416,2026-07-26,S04,P601,7,80.0,0.0,0,C0374,Card,17
T104417,2026-07-26,S04,P601,7,80.0,0.0,0,C0387,Card,18
T104418,2026-07-27,S01,P101,8,60.0,0.0,0,C0508,Card,21
T104419,2026-07-27,S01,P101,7,60.0,0.0,0,C0128,UPI,17
T104420,2026-07-27,S01,P101,5,60.0,0.0,0,C0499,UPI,9
T104421,2026-07-27,S01,P102,7,45.0,0.0,0,C0229,UPI,11
T104422,2026-07-27,S01,P102,6,45.0,0.0,0,C0433,UPI,21
T104423,2026-07-27,S01,P102,8,45.0,0.0,0,C0587,UPI,11
T104424,2026-07-27,S01,P103,7,90.25,5.0,1,C0418,Cash,20
T104425,2026-07-27,S01,P104,2,145.0,0.0,0,C0069,UPI,13
T104426,2026-07-27,S01,P201,4,120.0,0.0,0,C0459,Cash,8
T104427,2026-07-27,S01,P202,7,42.0,0.0,0,C0992,UPI,10
T104428,2026-07-27,S01,P202,7,42.0,0.0,0,C0991,Card,11
T104429,2026-07-27,S01,P202,5,42.0,0.0,0,C0435,UPI,17
T104430,2026-07-27,S01,P203,7,90.25,5.0,1,C0820,UPI,13
T104431,2026-07-27,S01,P204,4,165.0,0.0,0,C0868,UPI,20
T104432,2026-07-27,S01,P204,5,165.0,0.0,0,C0505,Card,19
T104433,2026-07-27,S01,P301,6,50.0,0.0,0,C0220,Card,19
T104434,2026-07-27,S01,P301,6,50.0,0.0,0,C1164,UPI,20
T104435,2026-07-27,S01,P301,8,50.0,0.0,0,C0817,UPI,8
T104436,2026-07-27,S01,P302,5,85.0,0.0,0,C0673,UPI,18
T104437,2026-07-27,S01,P302,7,85.0,0.0,0,C0985,Card,12
T104438,2026-07-27,S01,P303,5,110.0,0.0,0,C0728,Card,19
T104439,2026-07-27,S01,P304,5,23.75,5.0,1,C0964,UPI,11
T104440,2026-07-27,S01,P304,8,25.0,0.0,1,C1181,Cash,8
T104441,2026-07-27,S01,P304,7,25.0,0.0,1,C0666,Card,10
T104442,2026-07-27,S01,P304,9,25.0,0.0,1,C0930,UPI,12
T104443,2026-07-27,S01,P401,7,35.0,0.0,0,C0476,UPI,17
T104444,2026-07-27,S01,P401,7,35.0,0.0,0,C0997,UPI,16
T104445,2026-07-27,S01,P401,6,35.0,0.0,0,C0901,UPI,20
T104446,2026-07-27,S01,P401,9,35.0,0.0,0,C0491,Cash,9
T104447,2026-07-27,S01,P402,5,30.0,0.0,0,C0198,Card,13
T104448,2026-07-27,S01,P402,9,30.0,0.0,0,C0688,Card,9
T104449,2026-07-27,S01,P402,9,30.0,0.0,0,C1015,UPI,20
T104450,2026-07-27,S01,P402,5,30.0,0.0,0,C0733,Cash,20
T104451,2026-07-27,S01,P403,8,55.0,0.0,1,C0749,UPI,13
T104452,2026-07-27,S01,P403,5,49.5,10.0,1,C0625,Card,16
T104453,2026-07-27,S01,P403,5,52.25,5.0,1,C1027,Card,8
T104454,2026-07-27,S01,P501,5,210.0,0.0,0,C0982,Card,16
T104455,2026-07-27,S01,P502,5,145.0,0.0,0,C0351,Card,9
T104456,2026-07-27,S01,P502,5,145.0,0.0,0,C0414,UPI,20
T104457,2026-07-27,S01,P503,5,95.0,0.0,0,C0207,UPI,21
T104458,2026-07-27,S01,P503,7,95.0,0.0,0,C0424,UPI,10
T104459,2026-07-27,S01,P601,5,80.0,0.0,0,C0132,UPI,10
T104460,2026-07-27,S01,P601,6,80.0,0.0,0,C0952,Card,17
T104461,2026-07-27,S02,P101,7,60.0,0.0,0,C0231,Card,13
T104462,2026-07-27,S02,P101,10,60.0,0.0,0,C1073,Cash,20
T104463,2026-07-27,S02,P101,10,60.0,0.0,0,C0011,Card,21
T104464,2026-07-27,S02,P101,8,60.0,0.0,0,C0378,Cash,20
T104465,2026-07-27,S02,P102,10,45.0,0.0,0,C1199,Card,13
T104466,2026-07-27,S02,P102,8,45.0,0.0,0,C0608,UPI,21
T104467,2026-07-27,S02,P102,5,45.0,0.0,0,C0082,UPI,8
T104468,2026-07-27,S02,P103,5,95.0,0.0,1,C0826,UPI,21
T104469,2026-07-27,S02,P103,8,95.0,0.0,1,C0367,Card,19
T104470,2026-07-27,S02,P103,5,90.25,5.0,1,C0987,UPI,19
T104471,2026-07-27,S02,P104,6,145.0,0.0,0,C1014,UPI,11
T104472,2026-07-27,S02,P104,3,145.0,0.0,0,C1187,Card,21
T104473,2026-07-27,S02,P201,4,120.0,0.0,0,C1196,UPI,8
T104474,2026-07-27,S02,P201,5,120.0,0.0,0,C0525,UPI,9
T104475,2026-07-27,S02,P202,8,42.0,0.0,0,C1179,Card,9
T104476,2026-07-27,S02,P202,6,42.0,0.0,0,C0838,Card,17
T104477,2026-07-27,S02,P202,8,42.0,0.0,0,C0886,Card,12
T104478,2026-07-27,S02,P202,5,42.0,0.0,0,C0151,Card,20
T104479,2026-07-27,S02,P203,9,95.0,0.0,0,C1164,UPI,20
T104480,2026-07-27,S02,P203,4,95.0,0.0,0,C0256,Card,9
T104481,2026-07-27,S02,P204,8,165.0,0.0,0,C0798,Card,8
T104482,2026-07-27,S02,P301,8,50.0,0.0,0,C0619,Card,12
T104483,2026-07-27,S02,P301,7,50.0,0.0,0,C0166,UPI,10
T104484,2026-07-27,S02,P301,9,50.0,0.0,0,C1198,Cash,18
T104485,2026-07-27,S02,P301,6,50.0,0.0,0,C1162,UPI,20
T104486,2026-07-27,S02,P302,5,85.0,0.0,0,C0620,Cash,16
T104487,2026-07-27,S02,P302,6,85.0,0.0,0,C1150,Card,9
T104488,2026-07-27,S02,P302,8,85.0,0.0,0,C0220,Card,16
T104489,2026-07-27,S02,P303,7,110.0,0.0,0,C1117,Card,10
T104490,2026-07-27,S02,P303,5,110.0,0.0,0,C0959,Card,12
T104491,2026-07-27,S02,P304,9,25.0,0.0,0,C0961,Card,21
T104492,2026-07-27,S02,P304,12,25.0,0.0,0,C0060,Cash,13
T104493,2026-07-27,S02,P304,8,25.0,0.0,0,C0476,Card,11
T104494,2026-07-27,S02,P304,9,25.0,0.0,0,C0638,UPI,21
T104495,2026-07-27,S02,P401,12,35.0,0.0,0,C0711,UPI,18
T104496,2026-07-27,S02,P401,11,35.0,0.0,0,C0675,UPI,21
T104497,2026-07-27,S02,P401,8,35.0,0.0,0,C0936,UPI,12
T104498,2026-07-27,S02,P401,8,35.0,0.0,0,C0738,Card,17
T104499,2026-07-27,S02,P402,11,30.0,0.0,0,C0432,Card,13
T104500,2026-07-27,S02,P402,8,30.0,0.0,0,C0666,Card,21
T104501,2026-07-27,S02,P402,11,30.0,0.0,0,C0642,UPI,21
T104502,2026-07-27,S02,P402,18,30.0,0.0,0,C0575,Card,20
T104503,2026-07-27,S02,P403,7,55.0,0.0,0,C1131,UPI,10
T104504,2026-07-27,S02,P403,9,55.0,0.0,0,C0082,UPI,20
T104505,2026-07-27,S02,P501,5,199.5,5.0,1,C0178,Card,8
T104506,2026-07-27,S02,P501,11,199.5,5.0,1,C0411,Card,8
T104507,2026-07-27,S02,P502,3,145.0,0.0,0,C0943,UPI,9
T104508,2026-07-27,S02,P502,7,145.0,0.0,0,C0445,Card,20
T104509,2026-07-27,S02,P503,8,95.0,0.0,0,C0902,Card,9
T104510,2026-07-27,S02,P503,5,95.0,0.0,0,C0247,UPI,19
T104511,2026-07-27,S02,P503,5,95.0,0.0,0,C0072,UPI,12
T104512,2026-07-27,S02,P601,10,80.0,0.0,0,C0398,UPI,16
T104513,2026-07-27,S02,P601,6,80.0,0.0,0,C0022,UPI,17
T104514,2026-07-27,S03,P101,6,60.0,0.0,0,C0160,Card,20
T104515,2026-07-27,S03,P101,7,60.0,0.0,0,C0180,Card,18
T104516,2026-07-27,S03,P101,4,60.0,0.0,0,C0213,Cash,12
T104517,2026-07-27,S03,P102,7,45.0,0.0,0,C0649,Card,12
T104518,2026-07-27,S03,P103,4,95.0,0.0,0,C0916,Card,12
T104519,2026-07-27,S03,P104,2,145.0,0.0,0,C1151,UPI,12
T104520,2026-07-27,S03,P201,7,120.0,0.0,0,C0338,UPI,16
T104521,2026-07-27,S03,P202,5,42.0,0.0,0,C1038,UPI,13
T104522,2026-07-27,S03,P202,4,42.0,0.0,0,C0542,Card,17
T104523,2026-07-27,S03,P203,6,95.0,0.0,0,C0422,Cash,13
T104524,2026-07-27,S03,P204,4,165.0,0.0,0,C0913,UPI,11
T104525,2026-07-27,S03,P301,9,50.0,0.0,0,C0946,Card,11
T104526,2026-07-27,S03,P301,7,50.0,0.0,0,C0682,Card,16
T104527,2026-07-27,S03,P302,5,85.0,0.0,0,C0710,UPI,18
T104528,2026-07-27,S03,P303,4,110.0,0.0,0,C0531,UPI,16
T104529,2026-07-27,S03,P304,10,23.75,5.0,1,C0884,UPI,16
T104530,2026-07-27,S03,P304,6,22.5,10.0,1,C0749,Card,9
T104531,2026-07-27,S03,P401,5,35.0,0.0,1,C0348,UPI,13
T104532,2026-07-27,S03,P401,11,33.25,5.0,1,C0389,Card,18
T104533,2026-07-27,S03,P401,6,31.5,10.0,1,C0282,UPI,12
T104534,2026-07-27,S03,P402,7,30.0,0.0,0,C0030,UPI,11
T104535,2026-07-27,S03,P402,4,30.0,0.0,0,C0022,Cash,20
T104536,2026-07-27,S03,P402,5,30.0,0.0,0,C1073,UPI,11
T104537,2026-07-27,S03,P402,10,30.0,0.0,0,C0181,UPI,19
T104538,2026-07-27,S03,P403,6,55.0,0.0,0,C0894,Card,9
T104539,2026-07-27,S03,P403,8,55.0,0.0,0,C1086,Card,9
T104540,2026-07-27,S03,P501,8,210.0,0.0,0,C0604,UPI,10
T104541,2026-07-27,S03,P502,6,145.0,0.0,0,C0900,UPI,11
T104542,2026-07-27,S03,P503,6,95.0,0.0,1,C1040,Cash,13
T104543,2026-07-27,S03,P503,4,90.25,5.0,1,C0978,UPI,16
T104544,2026-07-27,S03,P601,8,80.0,0.0,0,C1096,Card,20
T104545,2026-07-27,S04,P101,9,60.0,0.0,0,C0945,Card,11
T104546,2026-07-27,S04,P101,10,60.0,0.0,0,C0621,Card,17
T104547,2026-07-27,S04,P101,4,60.0,0.0,0,C0273,UPI,20
T104548,2026-07-27,S04,P102,6,45.0,0.0,0,C0387,Card,10
T104549,2026-07-27,S04,P102,9,45.0,0.0,0,C0363,Card,18
T104550,2026-07-27,S04,P103,4,95.0,0.0,0,C0733,UPI,13
T104551,2026-07-27,S04,P103,6,95.0,0.0,0,C0099,Card,13
T104552,2026-07-27,S04,P104,2,145.0,0.0,0,C0833,Card,10
T104553,2026-07-27,S04,P201,6,108.0,10.0,1,C0087,UPI,20
T104554,2026-07-27,S04,P202,4,42.0,0.0,0,C0182,Card,16
T104555,2026-07-27,S04,P202,5,42.0,0.0,0,C0174,UPI,16
T104556,2026-07-27,S04,P203,10,95.0,0.0,0,C1181,UPI,13
T104557,2026-07-27,S04,P203,6,95.0,0.0,0,C0902,UPI,17
T104558,2026-07-27,S04,P204,4,165.0,0.0,0,C0394,Card,8
T104559,2026-07-27,S04,P301,7,50.0,0.0,0,C1059,UPI,13
T104560,2026-07-27,S04,P301,8,50.0,0.0,0,C0057,Card,17
T104561,2026-07-27,S04,P301,5,50.0,0.0,0,C0361,Card,8
T104562,2026-07-27,S04,P301,6,50.0,0.0,0,C0327,Card,17
T104563,2026-07-27,S04,P302,5,85.0,0.0,0,C0382,Card,12
T104564,2026-07-27,S04,P303,4,110.0,0.0,0,C0629,UPI,12
T104565,2026-07-27,S04,P304,8,25.0,0.0,0,C0865,Card,16
T104566,2026-07-27,S04,P304,5,25.0,0.0,0,C0051,Card,19
T104567,2026-07-27,S04,P304,10,25.0,0.0,0,C0419,Card,8
T104568,2026-07-27,S04,P304,5,25.0,0.0,0,C0311,Card,12
T104569,2026-07-27,S04,P401,7,33.25,5.0,1,C0562,UPI,18
T104570,2026-07-27,S04,P401,11,35.0,0.0,1,C0728,UPI,17
T104571,2026-07-27,S04,P401,5,35.0,0.0,1,C0788,UPI,12
T104572,2026-07-27,S04,P402,9,30.0,0.0,0,C1082,UPI,9
T104573,2026-07-27,S04,P402,8,30.0,0.0,0,C0638,UPI,18
T104574,2026-07-27,S04,P402,4,30.0,0.0,0,C0202,Card,8
T104575,2026-07-27,S04,P403,7,55.0,0.0,1,C1090,UPI,19
T104576,2026-07-27,S04,P403,6,55.0,0.0,1,C0847,UPI,18
T104577,2026-07-27,S04,P403,5,49.5,10.0,1,C0115,Cash,11
T104578,2026-07-27,S04,P501,4,210.0,0.0,1,C1113,UPI,21
T104579,2026-07-27,S04,P501,8,210.0,0.0,1,C1178,Card,21
T104580,2026-07-27,S04,P501,6,199.5,5.0,1,C0889,UPI,12
T104581,2026-07-27,S04,P502,7,145.0,0.0,0,C0791,UPI,9
T104582,2026-07-27,S04,P503,8,95.0,0.0,0,C1038,Card,13
T104583,2026-07-27,S04,P503,6,95.0,0.0,0,C0325,Card,21
T104584,2026-07-27,S04,P601,3,80.0,0.0,0,C0145,Card,9
T104585,2026-07-27,S04,P601,6,80.0,0.0,0,C0980,UPI,9
T104586,2026-07-28,S01,P101,8,60.0,0.0,0,C0343,UPI,20
T104587,2026-07-28,S01,P101,9,60.0,0.0,0,C0624,Card,9
T104588,2026-07-28,S01,P101,7,60.0,0.0,0,C0578,Card,16
T104589,2026-07-28,S01,P101,6,60.0,0.0,0,C0001,Card,9
T104590,2026-07-28,S01,P102,4,45.0,0.0,0,C0371,UPI,10
T104591,2026-07-28,S01,P102,9,45.0,0.0,0,C0007,Card,8
T104592,2026-07-28,S01,P103,3,95.0,0.0,0,C0187,UPI,20
T104593,2026-07-28,S01,P103,6,95.0,0.0,0,C0497,UPI,9
T104594,2026-07-28,S01,P104,6,145.0,0.0,0,C0729,UPI,11
T104595,2026-07-28,S01,P201,4,120.0,0.0,0,C0168,UPI,21
T104596,2026-07-28,S01,P202,5,42.0,0.0,1,C0110,Card,12
T104597,2026-07-28,S01,P202,5,42.0,0.0,1,C0361,UPI,8
T104598,2026-07-28,S01,P202,11,37.8,10.0,1,C1114,Card,11
T104599,2026-07-28,S01,P203,7,95.0,0.0,0,C1080,UPI,20
T104600,2026-07-28,S01,P203,5,95.0,0.0,0,C0226,UPI,12
T104601,2026-07-28,S01,P204,5,165.0,0.0,0,C0338,UPI,12
T104602,2026-07-28,S01,P301,10,50.0,0.0,0,C0943,UPI,21
T104603,2026-07-28,S01,P301,6,50.0,0.0,0,C0467,Card,12
T104604,2026-07-28,S01,P301,6,50.0,0.0,0,C0850,Cash,21
T104605,2026-07-28,S01,P302,4,85.0,0.0,0,C0569,UPI,11
T104606,2026-07-28,S01,P302,8,85.0,0.0,0,C0309,Card,17
T104607,2026-07-28,S01,P302,6,85.0,0.0,0,C1182,Card,18
T104608,2026-07-28,S01,P303,5,110.0,0.0,0,C1160,UPI,8
T104609,2026-07-28,S01,P303,7,110.0,0.0,0,C0410,UPI,19
T104610,2026-07-28,S01,P304,11,21.25,15.0,1,C0685,UPI,21
T104611,2026-07-28,S01,P304,6,25.0,0.0,1,C0390,UPI,8
T104612,2026-07-28,S01,P304,5,22.5,10.0,1,C0024,UPI,16
T104613,2026-07-28,S01,P304,11,25.0,0.0,1,C0441,UPI,8
T104614,2026-07-28,S01,P401,8,35.0,0.0,0,C1091,Card,12
T104615,2026-07-28,S01,P401,8,35.0,0.0,0,C0678,UPI,19
T104616,2026-07-28,S01,P401,8,35.0,0.0,0,C0371,Card,18
T104617,2026-07-28,S01,P402,5,30.0,0.0,0,C0084,UPI,17
T104618,2026-07-28,S01,P402,6,30.0,0.0,0,C1030,Cash,12
T104619,2026-07-28,S01,P402,12,30.0,0.0,0,C1111,UPI,12
T104620,2026-07-28,S01,P403,8,55.0,0.0,0,C0971,UPI,21
T104621,2026-07-28,S01,P403,4,55.0,0.0,0,C0166,UPI,20
T104622,2026-07-28,S01,P403,7,55.0,0.0,0,C1056,Cash,21
T104623,2026-07-28,S01,P501,5,210.0,0.0,0,C0299,Cash,9
T104624,2026-07-28,S01,P501,10,210.0,0.0,0,C0275,UPI,17
T104625,2026-07-28,S01,P502,7,145.0,0.0,0,C0390,UPI,20
T104626,2026-07-28,S01,P502,3,145.0,0.0,0,C0848,UPI,9
T104627,2026-07-28,S01,P503,5,95.0,0.0,0,C0518,Card,18
T104628,2026-07-28,S01,P503,11,95.0,0.0,0,C0309,UPI,12
T104629,2026-07-28,S01,P601,10,80.0,0.0,0,C0445,UPI,10
T104630,2026-07-28,S01,P601,5,80.0,0.0,0,C0263,Cash,20
T104631,2026-07-28,S02,P101,6,60.0,0.0,0,C0627,UPI,18
T104632,2026-07-28,S02,P101,12,60.0,0.0,0,C0686,Cash,20
T104633,2026-07-28,S02,P101,11,60.0,0.0,0,C0816,UPI,19
T104634,2026-07-28,S02,P101,5,60.0,0.0,0,C0734,Card,21
T104635,2026-07-28,S02,P102,4,45.0,0.0,0,C0666,UPI,17
T104636,2026-07-28,S02,P102,10,45.0,0.0,0,C0615,Cash,21
T104637,2026-07-28,S02,P102,7,45.0,0.0,0,C0109,UPI,16
T104638,2026-07-28,S02,P102,5,45.0,0.0,0,C0705,UPI,21
T104639,2026-07-28,S02,P103,5,95.0,0.0,0,C0859,UPI,9
T104640,2026-07-28,S02,P103,8,95.0,0.0,0,C0492,Card,21
T104641,2026-07-28,S02,P104,8,130.5,10.0,1,C1194,Card,17
T104642,2026-07-28,S02,P201,3,120.0,0.0,0,C0638,UPI,21
T104643,2026-07-28,S02,P201,6,120.0,0.0,0,C0209,Card,18
T104644,2026-07-28,S02,P202,7,42.0,0.0,0,C0875,Cash,19
T104645,2026-07-28,S02,P202,5,42.0,0.0,0,C1063,Card,9
T104646,2026-07-28,S02,P202,9,42.0,0.0,0,C0989,UPI,8
T104647,2026-07-28,S02,P202,4,42.0,0.0,0,C0514,Cash,8
T104648,2026-07-28,S02,P203,7,95.0,0.0,0,C0243,UPI,16
T104649,2026-07-28,S02,P203,6,95.0,0.0,0,C0633,UPI,20
T104650,2026-07-28,S02,P204,4,165.0,0.0,0,C0960,UPI,19
T104651,2026-07-28,S02,P204,6,165.0,0.0,0,C1039,UPI,16
T104652,2026-07-28,S02,P301,8,50.0,0.0,1,C1118,UPI,11
T104653,2026-07-28,S02,P301,7,45.0,10.0,1,C0496,Card,18
T104654,2026-07-28,S02,P301,7,45.0,10.0,1,C0380,UPI,18
T104655,2026-07-28,S02,P301,9,45.0,10.0,1,C0302,Card,17
T104656,2026-07-28,S02,P302,5,85.0,0.0,1,C0404,UPI,21
T104657,2026-07-28,S02,P302,10,76.5,10.0,1,C0559,UPI,20
T104658,2026-07-28,S02,P303,9,110.0,0.0,0,C0791,UPI,18
T104659,2026-07-28,S02,P303,7,110.0,0.0,0,C0175,Cash,21
T104660,2026-07-28,S02,P304,8,25.0,0.0,0,C0461,UPI,20
T104661,2026-07-28,S02,P304,8,25.0,0.0,0,C0338,Card,12
T104662,2026-07-28,S02,P304,12,25.0,0.0,0,C0555,UPI,11
T104663,2026-07-28,S02,P304,16,25.0,0.0,0,C0621,Card,20
T104664,2026-07-28,S02,P401,5,35.0,0.0,0,C0941,Card,12
T104665,2026-07-28,S02,P401,8,35.0,0.0,0,C1009,UPI,11
T104666,2026-07-28,S02,P401,8,35.0,0.0,0,C0909,Card,18
T104667,2026-07-28,S02,P401,6,35.0,0.0,0,C0809,UPI,13
T104668,2026-07-28,S02,P402,12,30.0,0.0,0,C0266,UPI,8
T104669,2026-07-28,S02,P402,8,30.0,0.0,0,C0543,UPI,10
T104670,2026-07-28,S02,P402,9,30.0,0.0,0,C0884,UPI,9
T104671,2026-07-28,S02,P402,11,30.0,0.0,0,C0944,Card,17
T104672,2026-07-28,S02,P403,4,55.0,0.0,1,C0406,Card,18
T104673,2026-07-28,S02,P403,12,52.25,5.0,1,C0850,UPI,12
T104674,2026-07-28,S02,P403,5,52.25,5.0,1,C0027,Cash,21
T104675,2026-07-28,S02,P501,6,210.0,0.0,0,C0616,Card,18
T104676,2026-07-28,S02,P501,7,210.0,0.0,0,C1018,Card,10
T104677,2026-07-28,S02,P502,6,145.0,0.0,0,C1156,Card,10
T104678,2026-07-28,S02,P503,8,95.0,0.0,0,C0029,Cash,17
T104679,2026-07-28,S02,P503,6,95.0,0.0,0,C1052,UPI,21
T104680,2026-07-28,S02,P503,5,95.0,0.0,0,C0019,Cash,13
T104681,2026-07-28,S02,P601,5,80.0,0.0,0,C1147,UPI,17
T104682,2026-07-28,S02,P601,7,80.0,0.0,0,C0515,Card,8
T104683,2026-07-28,S02,P601,5,80.0,0.0,0,C1172,Card,9
T104684,2026-07-28,S03,P101,8,60.0,0.0,0,C0232,UPI,16
T104685,2026-07-28,S03,P101,4,60.0,0.0,0,C1183,Card,8
T104686,2026-07-28,S03,P102,5,45.0,0.0,0,C0667,Card,20
T104687,2026-07-28,S03,P102,10,45.0,0.0,0,C0395,UPI,13
T104688,2026-07-28,S03,P103,4,95.0,0.0,0,C0056,UPI,12
T104689,2026-07-28,S03,P103,7,95.0,0.0,0,C1076,UPI,12
T104690,2026-07-28,S03,P104,4,145.0,0.0,0,C0724,UPI,13
T104691,2026-07-28,S03,P201,3,120.0,0.0,0,C1125,Card,20
T104692,2026-07-28,S03,P202,3,42.0,0.0,0,C1171,UPI,12
T104693,2026-07-28,S03,P202,6,42.0,0.0,0,C0232,UPI,18
T104694,2026-07-28,S03,P203,4,95.0,0.0,1,C0961,UPI,21
T104695,2026-07-28,S03,P203,6,95.0,0.0,1,C1088,UPI,13
T104696,2026-07-28,S03,P204,4,165.0,0.0,0,C1048,UPI,16
T104697,2026-07-28,S03,P301,6,50.0,0.0,0,C0414,UPI,21
T104698,2026-07-28,S03,P302,4,85.0,0.0,0,C0129,Card,12
T104699,2026-07-28,S03,P302,6,85.0,0.0,0,C0499,UPI,20
T104700,2026-07-28,S03,P303,4,110.0,0.0,0,C0336,UPI,18
T104701,2026-07-28,S03,P304,7,25.0,0.0,0,C0966,UPI,20
T104702,2026-07-28,S03,P304,9,25.0,0.0,0,C1057,Card,8
T104703,2026-07-28,S03,P304,4,25.0,0.0,0,C0681,UPI,17
T104704,2026-07-28,S03,P401,8,35.0,0.0,0,C0327,Card,8
T104705,2026-07-28,S03,P401,6,35.0,0.0,0,C1007,UPI,11
T104706,2026-07-28,S03,P401,8,35.0,0.0,0,C0277,Cash,9
T104707,2026-07-28,S03,P402,8,30.0,0.0,0,C0121,UPI,12
T104708,2026-07-28,S03,P402,5,30.0,0.0,0,C0721,Cash,21
T104709,2026-07-28,S03,P402,5,30.0,0.0,0,C0888,UPI,18
T104710,2026-07-28,S03,P403,10,55.0,0.0,0,C1180,Card,18
T104711,2026-07-28,S03,P403,5,55.0,0.0,0,C0533,Card,20
T104712,2026-07-28,S03,P501,8,210.0,0.0,0,C0958,UPI,21
T104713,2026-07-28,S03,P502,5,145.0,0.0,0,C1180,Card,9
T104714,2026-07-28,S03,P503,6,95.0,0.0,0,C0807,Card,9
T104715,2026-07-28,S03,P601,8,80.0,0.0,0,C0835,Cash,8
T104716,2026-07-28,S03,P601,5,80.0,0.0,0,C0556,Card,11
T104717,2026-07-28,S04,P101,7,60.0,0.0,1,C0807,UPI,17
T104718,2026-07-28,S04,P101,7,57.0,5.0,1,C0241,UPI,19
T104719,2026-07-28,S04,P102,5,45.0,0.0,0,C0955,UPI,18
T104720,2026-07-28,S04,P102,9,45.0,0.0,0,C0146,UPI,8
T104721,2026-07-28,S04,P103,7,95.0,0.0,1,C0378,UPI,12
T104722,2026-07-28,S04,P104,5,145.0,0.0,0,C1003,UPI,19
T104723,2026-07-28,S04,P201,5,120.0,0.0,0,C0562,Cash,18
T104724,2026-07-28,S04,P202,4,42.0,0.0,0,C0967,Card,18
T104725,2026-07-28,S04,P203,6,95.0,0.0,0,C0365,UPI,19
T104726,2026-07-28,S04,P204,6,165.0,0.0,0,C1051,Card,17
T104727,2026-07-28,S04,P204,5,165.0,0.0,0,C0558,UPI,11
T104728,2026-07-28,S04,P301,6,50.0,0.0,0,C1051,UPI,19
T104729,2026-07-28,S04,P301,7,50.0,0.0,0,C0846,UPI,21
T104730,2026-07-28,S04,P301,9,50.0,0.0,0,C1053,UPI,8
T104731,2026-07-28,S04,P302,7,85.0,0.0,0,C0371,UPI,21
T104732,2026-07-28,S04,P302,3,85.0,0.0,0,C0506,UPI,8
T104733,2026-07-28,S04,P303,6,110.0,0.0,0,C0518,UPI,18
T104734,2026-07-28,S04,P304,6,25.0,0.0,0,C0473,UPI,11
T104735,2026-07-28,S04,P304,8,25.0,0.0,0,C0344,UPI,8
T104736,2026-07-28,S04,P304,5,25.0,0.0,0,C0246,UPI,16
T104737,2026-07-28,S04,P304,6,25.0,0.0,0,C0846,UPI,16
T104738,2026-07-28,S04,P401,11,35.0,0.0,0,C1158,Card,8
T104739,2026-07-28,S04,P401,8,35.0,0.0,0,C0161,UPI,10
T104740,2026-07-28,S04,P401,5,35.0,0.0,0,C0988,UPI,10
T104741,2026-07-28,S04,P402,6,30.0,0.0,0,C0711,Card,11
T104742,2026-07-28,S04,P402,12,30.0,0.0,0,C0378,Cash,17
T104743,2026-07-28,S04,P402,10,30.0,0.0,0,C0151,UPI,19
T104744,2026-07-28,S04,P402,7,30.0,0.0,0,C0720,Card,19
T104745,2026-07-28,S04,P403,6,55.0,0.0,0,C0133,UPI,9
T104746,2026-07-28,S04,P403,9,55.0,0.0,0,C0005,UPI,18
T104747,2026-07-28,S04,P501,4,210.0,0.0,0,C0003,UPI,8
T104748,2026-07-28,S04,P501,7,210.0,0.0,0,C1094,UPI,17
T104749,2026-07-28,S04,P502,5,145.0,0.0,0,C0829,Cash,19
T104750,2026-07-28,S04,P503,7,95.0,0.0,0,C0346,Card,13
T104751,2026-07-28,S04,P503,6,95.0,0.0,0,C0878,UPI,19
T104752,2026-07-28,S04,P601,5,80.0,0.0,0,C1189,Card,9
T104753,2026-07-28,S04,P601,10,80.0,0.0,0,C0981,UPI,13
T104754,2026-07-29,S01,P101,9,60.0,0.0,0,C0521,UPI,17
T104755,2026-07-29,S01,P101,4,60.0,0.0,0,C0574,Card,8
T104756,2026-07-29,S01,P101,8,60.0,0.0,0,C1196,UPI,20
T104757,2026-07-29,S01,P102,4,45.0,0.0,0,C1165,UPI,12
T104758,2026-07-29,S01,P102,8,45.0,0.0,0,C0555,Card,17
T104759,2026-07-29,S01,P103,7,90.25,5.0,1,C0771,Cash,19
T104760,2026-07-29,S01,P104,2,145.0,0.0,0,C0201,Card,17
T104761,2026-07-29,S01,P201,8,120.0,0.0,0,C0594,UPI,10
T104762,2026-07-29,S01,P202,6,42.0,0.0,0,C0948,UPI,10
T104763,2026-07-29,S01,P202,8,42.0,0.0,0,C0547,UPI,17
T104764,2026-07-29,S01,P203,3,95.0,0.0,0,C0742,UPI,8
T104765,2026-07-29,S01,P203,7,95.0,0.0,0,C0841,UPI,17
T104766,2026-07-29,S01,P204,6,165.0,0.0,0,C0608,UPI,13
T104767,2026-07-29,S01,P301,4,50.0,0.0,0,C0993,Card,20
T104768,2026-07-29,S01,P301,7,50.0,0.0,0,C0925,UPI,21
T104769,2026-07-29,S01,P301,8,50.0,0.0,0,C0286,Card,11
T104770,2026-07-29,S01,P302,6,85.0,0.0,0,C0573,UPI,13
T104771,2026-07-29,S01,P302,3,85.0,0.0,0,C0878,UPI,8
T104772,2026-07-29,S01,P303,8,110.0,0.0,0,C0218,Card,12
T104773,2026-07-29,S01,P304,12,25.0,0.0,0,C0359,Card,10
T104774,2026-07-29,S01,P304,6,25.0,0.0,0,C1178,UPI,10
T104775,2026-07-29,S01,P304,7,25.0,0.0,0,C0623,UPI,16
T104776,2026-07-29,S01,P304,12,25.0,0.0,0,C0819,UPI,21
T104777,2026-07-29,S01,P401,10,35.0,0.0,1,C1069,UPI,17
T104778,2026-07-29,S01,P401,8,35.0,0.0,1,C0499,Card,21
T104779,2026-07-29,S01,P401,7,29.75,15.0,1,C0556,UPI,13
T104780,2026-07-29,S01,P401,4,35.0,0.0,1,C0534,Cash,20
T104781,2026-07-29,S01,P402,5,30.0,0.0,0,C1095,Cash,20
T104782,2026-07-29,S01,P402,13,30.0,0.0,0,C1049,Cash,20
T104783,2026-07-29,S01,P402,5,30.0,0.0,0,C1005,Cash,9
T104784,2026-07-29,S01,P402,12,30.0,0.0,0,C0479,Cash,13
T104785,2026-07-29,S01,P403,11,55.0,0.0,0,C1187,Card,21
T104786,2026-07-29,S01,P403,5,55.0,0.0,0,C1079,UPI,17
T104787,2026-07-29,S01,P501,7,189.0,10.0,1,C0572,UPI,8
T104788,2026-07-29,S01,P502,6,145.0,0.0,0,C0568,Card,16
T104789,2026-07-29,S01,P503,6,95.0,0.0,0,C0444,UPI,13
T104790,2026-07-29,S01,P503,6,95.0,0.0,0,C0926,Cash,19
T104791,2026-07-29,S01,P601,8,80.0,0.0,0,C1148,UPI,16
T104792,2026-07-29,S01,P601,7,80.0,0.0,0,C0068,UPI,21
T104793,2026-07-29,S02,P101,10,60.0,0.0,0,C0624,Card,8
T104794,2026-07-29,S02,P101,5,60.0,0.0,0,C1009,Cash,20
T104795,2026-07-29,S02,P101,8,60.0,0.0,0,C0762,UPI,16
T104796,2026-07-29,S02,P102,5,45.0,0.0,0,C0877,UPI,17
T104797,2026-07-29,S02,P102,6,45.0,0.0,0,C0162,Card,19
T104798,2026-07-29,S02,P102,9,45.0,0.0,0,C0883,Cash,12
T104799,2026-07-29,S02,P103,8,95.0,0.0,0,C0036,Card,19
T104800,2026-07-29,S02,P103,4,95.0,0.0,0,C0702,UPI,13
T104801,2026-07-29,S02,P104,3,145.0,0.0,0,C0867,Card,10
T104802,2026-07-29,S02,P201,4,120.0,0.0,0,C0570,Cash,8
T104803,2026-07-29,S02,P201,7,120.0,0.0,0,C0853,UPI,19
T104804,2026-07-29,S02,P202,8,42.0,0.0,0,C0119,UPI,10
T104805,2026-07-29,S02,P202,9,42.0,0.0,0,C0539,UPI,17
T104806,2026-07-29,S02,P202,6,42.0,0.0,0,C0530,UPI,20
T104807,2026-07-29,S02,P203,6,95.0,0.0,0,C1197,UPI,18
T104808,2026-07-29,S02,P203,4,95.0,0.0,0,C0671,Cash,17
T104809,2026-07-29,S02,P203,7,95.0,0.0,0,C0141,Cash,16
T104810,2026-07-29,S02,P204,5,165.0,0.0,0,C0531,Card,18
T104811,2026-07-29,S02,P204,4,165.0,0.0,0,C0004,Cash,16
T104812,2026-07-29,S02,P301,6,50.0,0.0,0,C0724,Cash,21
T104813,2026-07-29,S02,P301,8,50.0,0.0,0,C0633,UPI,20
T104814,2026-07-29,S02,P301,9,50.0,0.0,0,C1088,UPI,18
T104815,2026-07-29,S02,P302,5,85.0,0.0,1,C0570,UPI,8
T104816,2026-07-29,S02,P302,6,85.0,0.0,1,C1113,UPI,13
T104817,2026-07-29,S02,P303,4,110.0,0.0,0,C0246,UPI,9
T104818,2026-07-29,S02,P303,6,110.0,0.0,0,C0572,UPI,9
T104819,2026-07-29,S02,P304,11,25.0,0.0,0,C1107,Card,20
T104820,2026-07-29,S02,P304,7,25.0,0.0,0,C0835,Card,19
T104821,2026-07-29,S02,P304,5,25.0,0.0,0,C0266,Cash,8
T104822,2026-07-29,S02,P304,13,25.0,0.0,0,C1073,Card,13
T104823,2026-07-29,S02,P401,9,35.0,0.0,0,C0157,Card,21
T104824,2026-07-29,S02,P401,8,35.0,0.0,0,C1059,UPI,20
T104825,2026-07-29,S02,P401,8,35.0,0.0,0,C1052,Cash,12
T104826,2026-07-29,S02,P401,10,35.0,0.0,0,C0475,Card,19
T104827,2026-07-29,S02,P402,17,30.0,0.0,0,C0988,Card,11
T104828,2026-07-29,S02,P402,11,30.0,0.0,0,C0028,Card,13
T104829,2026-07-29,S02,P402,17,30.0,0.0,0,C0194,UPI,16
T104830,2026-07-29,S02,P402,19,30.0,0.0,0,C1060,UPI,9
T104831,2026-07-29,S02,P403,8,55.0,0.0,0,C1121,Card,20
T104832,2026-07-29,S02,P403,5,55.0,0.0,0,C0189,Card,21
T104833,2026-07-29,S02,P403,5,55.0,0.0,0,C0967,Card,9
T104834,2026-07-29,S02,P403,8,55.0,0.0,0,C0329,Card,9
T104835,2026-07-29,S02,P501,8,210.0,0.0,0,C0941,UPI,11
T104836,2026-07-29,S02,P501,4,210.0,0.0,0,C0382,Card,17
T104837,2026-07-29,S02,P502,6,137.75,5.0,1,C0072,Card,11
T104838,2026-07-29,S02,P502,7,137.75,5.0,1,C1010,Cash,9
T104839,2026-07-29,S02,P503,7,95.0,0.0,0,C0971,UPI,16
T104840,2026-07-29,S02,P503,7,95.0,0.0,0,C0475,Card,8
T104841,2026-07-29,S02,P503,7,95.0,0.0,0,C1196,Card,12
T104842,2026-07-29,S02,P601,7,80.0,0.0,0,C0537,UPI,19
T104843,2026-07-29,S02,P601,11,80.0,0.0,0,C0206,UPI,18
T104844,2026-07-29,S02,P601,5,80.0,0.0,0,C0408,Cash,18
T104845,2026-07-29,S03,P101,8,60.0,0.0,1,C0548,Card,16
T104846,2026-07-29,S03,P101,6,60.0,0.0,1,C0019,Card,11
T104847,2026-07-29,S03,P102,8,45.0,0.0,0,C1126,Card,11
T104848,2026-07-29,S03,P103,7,95.0,0.0,1,C0761,UPI,17
T104849,2026-07-29,S03,P104,8,145.0,0.0,0,C0050,UPI,13
T104850,2026-07-29,S03,P201,7,120.0,0.0,0,C0184,UPI,10
T104851,2026-07-29,S03,P202,6,42.0,0.0,0,C0216,Card,21
T104852,2026-07-29,S03,P202,8,42.0,0.0,0,C0233,UPI,19
T104853,2026-07-29,S03,P203,7,95.0,0.0,0,C0407,UPI,12
T104854,2026-07-29,S03,P204,5,165.0,0.0,0,C1048,UPI,16
T104855,2026-07-29,S03,P301,7,50.0,0.0,0,C1126,UPI,17
T104856,2026-07-29,S03,P301,6,50.0,0.0,0,C0770,UPI,11
T104857,2026-07-29,S03,P302,5,85.0,0.0,0,C0992,Cash,21
T104858,2026-07-29,S03,P302,6,85.0,0.0,0,C0541,Cash,19
T104859,2026-07-29,S03,P303,3,110.0,0.0,0,C0881,UPI,8
T104860,2026-07-29,S03,P304,6,25.0,0.0,0,C0065,Card,17
T104861,2026-07-29,S03,P304,8,25.0,0.0,0,C0237,Cash,17
T104862,2026-07-29,S03,P304,4,25.0,0.0,0,C0388,UPI,13
T104863,2026-07-29,S03,P304,7,25.0,0.0,0,C0761,Cash,19
T104864,2026-07-29,S03,P401,7,35.0,0.0,1,C0171,Card,18
T104865,2026-07-29,S03,P401,8,35.0,0.0,1,C0372,Card,19
T104866,2026-07-29,S03,P402,5,28.5,5.0,1,C0106,Card,12
T104867,2026-07-29,S03,P402,9,30.0,0.0,1,C0612,UPI,19
T104868,2026-07-29,S03,P402,6,30.0,0.0,1,C0429,Card,13
T104869,2026-07-29,S03,P403,5,55.0,0.0,0,C0368,Cash,19
T104870,2026-07-29,S03,P403,5,55.0,0.0,0,C0551,UPI,17
T104871,2026-07-29,S03,P501,3,210.0,0.0,0,C0054,Cash,11
T104872,2026-07-29,S03,P501,6,210.0,0.0,0,C0612,UPI,18
T104873,2026-07-29,S03,P502,7,145.0,0.0,0,C1102,UPI,9
T104874,2026-07-29,S03,P503,3,95.0,0.0,0,C0368,Cash,12
T104875,2026-07-29,S03,P503,8,95.0,0.0,0,C0515,Cash,11
T104876,2026-07-29,S03,P601,3,80.0,0.0,0,C0305,UPI,13
T104877,2026-07-29,S03,P601,6,80.0,0.0,0,C0030,UPI,12
T104878,2026-07-29,S04,P101,5,60.0,0.0,0,C0943,UPI,16
T104879,2026-07-29,S04,P101,8,60.0,0.0,0,C0685,Card,16
T104880,2026-07-29,S04,P101,6,60.0,0.0,0,C0180,Card,9
T104881,2026-07-29,S04,P102,8,45.0,0.0,1,C0212,Card,17
T104882,2026-07-29,S04,P102,4,45.0,0.0,1,C0889,Card,20
T104883,2026-07-29,S04,P103,7,95.0,0.0,0,C0887,Card,10
T104884,2026-07-29,S04,P104,5,145.0,0.0,1,C0268,Card,11
T104885,2026-07-29,S04,P201,8,120.0,0.0,0,C0673,Cash,17
T104886,2026-07-29,S04,P202,5,42.0,0.0,0,C0592,Card,18
T104887,2026-07-29,S04,P202,8,42.0,0.0,0,C0317,UPI,8
T104888,2026-07-29,S04,P202,5,42.0,0.0,0,C0252,UPI,8
T104889,2026-07-29,S04,P203,6,95.0,0.0,0,C0400,UPI,10
T104890,2026-07-29,S04,P204,7,165.0,0.0,1,C0464,UPI,21
T104891,2026-07-29,S04,P301,7,50.0,0.0,0,C0368,Card,21
T104892,2026-07-29,S04,P301,6,50.0,0.0,0,C0936,Card,9
T104893,2026-07-29,S04,P302,7,85.0,0.0,0,C0590,UPI,17
T104894,2026-07-29,S04,P302,7,85.0,0.0,0,C0317,UPI,21
T104895,2026-07-29,S04,P303,5,110.0,0.0,0,C1082,Card,10
T104896,2026-07-29,S04,P304,8,25.0,0.0,0,C0283,Card,11
T104897,2026-07-29,S04,P304,6,25.0,0.0,0,C0686,Cash,16
T104898,2026-07-29,S04,P304,5,25.0,0.0,0,C1191,Card,17
T104899,2026-07-29,S04,P401,5,35.0,0.0,0,C0895,UPI,18
T104900,2026-07-29,S04,P401,8,35.0,0.0,0,C0633,Card,9
T104901,2026-07-29,S04,P401,7,35.0,0.0,0,C0946,Cash,12
T104902,2026-07-29,S04,P401,6,35.0,0.0,0,C0481,Card,19
T104903,2026-07-29,S04,P402,10,30.0,0.0,0,C0111,Card,9
T104904,2026-07-29,S04,P402,4,30.0,0.0,0,C0996,UPI,20
T104905,2026-07-29,S04,P402,8,30.0,0.0,0,C0666,Card,16
T104906,2026-07-29,S04,P402,10,30.0,0.0,0,C0681,UPI,9
T104907,2026-07-29,S04,P403,7,55.0,0.0,0,C1047,UPI,17
T104908,2026-07-29,S04,P403,6,55.0,0.0,0,C0924,UPI,9
T104909,2026-07-29,S04,P501,4,210.0,0.0,0,C0774,Cash,21
T104910,2026-07-29,S04,P501,5,210.0,0.0,0,C0651,UPI,9
T104911,2026-07-29,S04,P502,6,145.0,0.0,0,C0761,Card,19
T104912,2026-07-29,S04,P503,8,95.0,0.0,0,C0882,Card,8
T104913,2026-07-29,S04,P503,5,95.0,0.0,0,C0112,Card,13
T104914,2026-07-29,S04,P601,6,80.0,0.0,0,C0222,UPI,21
T104915,2026-07-29,S04,P601,5,80.0,0.0,0,C0689,Card,18
T104916,2026-07-30,S01,P101,6,60.0,0.0,0,C1102,Cash,21
T104917,2026-07-30,S01,P101,6,60.0,0.0,0,C0950,UPI,11
T104918,2026-07-30,S01,P101,12,60.0,0.0,0,C0705,Card,13
T104919,2026-07-30,S01,P102,9,45.0,0.0,0,C0954,Card,13
T104920,2026-07-30,S01,P102,5,45.0,0.0,0,C1190,Card,11
T104921,2026-07-30,S01,P103,4,95.0,0.0,0,C0097,UPI,9
T104922,2026-07-30,S01,P103,6,95.0,0.0,0,C0205,UPI,21
T104923,2026-07-30,S01,P104,3,145.0,0.0,0,C1193,Cash,9
T104924,2026-07-30,S01,P201,3,120.0,0.0,0,C0508,Card,11
T104925,2026-07-30,S01,P202,7,42.0,0.0,0,C0496,Card,17
T104926,2026-07-30,S01,P202,6,42.0,0.0,0,C1063,UPI,19
T104927,2026-07-30,S01,P202,5,42.0,0.0,0,C0873,UPI,20
T104928,2026-07-30,S01,P203,8,95.0,0.0,1,C0973,UPI,19
T104929,2026-07-30,S01,P203,6,90.25,5.0,1,C0809,Card,19
T104930,2026-07-30,S01,P204,2,165.0,0.0,0,C0124,UPI,20
T104931,2026-07-30,S01,P301,7,50.0,0.0,0,C1170,UPI,20
T104932,2026-07-30,S01,P301,7,50.0,0.0,0,C0380,Cash,16
T104933,2026-07-30,S01,P301,6,50.0,0.0,0,C0764,Cash,13
T104934,2026-07-30,S01,P302,8,85.0,0.0,0,C0665,UPI,20
T104935,2026-07-30,S01,P303,5,110.0,0.0,0,C1008,UPI,20
T104936,2026-07-30,S01,P304,6,25.0,0.0,0,C0265,Card,21
T104937,2026-07-30,S01,P304,8,25.0,0.0,0,C0173,Cash,10
T104938,2026-07-30,S01,P304,10,25.0,0.0,0,C0174,UPI,20
T104939,2026-07-30,S01,P401,7,35.0,0.0,0,C0750,UPI,8
T104940,2026-07-30,S01,P401,9,35.0,0.0,0,C0566,Card,11
T104941,2026-07-30,S01,P401,4,35.0,0.0,0,C0815,UPI,11
T104942,2026-07-30,S01,P402,10,28.5,5.0,1,C0243,Card,18
T104943,2026-07-30,S01,P402,8,30.0,0.0,1,C1080,UPI,11
T104944,2026-07-30,S01,P402,9,30.0,0.0,1,C0829,Card,8
T104945,2026-07-30,S01,P402,4,28.5,5.0,1,C0260,Card,21
T104946,2026-07-30,S01,P403,5,55.0,0.0,0,C0222,Card,12
T104947,2026-07-30,S01,P403,9,55.0,0.0,0,C0031,Card,16
T104948,2026-07-30,S01,P501,7,210.0,0.0,1,C0409,UPI,12
T104949,2026-07-30,S01,P502,5,145.0,0.0,0,C1194,Card,10
T104950,2026-07-30,S01,P503,7,95.0,0.0,0,C0132,Card,13
T104951,2026-07-30,S01,P601,8,80.0,0.0,0,C1112,UPI,16
T104952,2026-07-30,S01,P601,4,80.0,0.0,0,C1188,Card,10
T104953,2026-07-30,S01,P601,6,80.0,0.0,0,C1144,UPI,8
T104954,2026-07-30,S02,P101,8,60.0,0.0,1,C1087,Card,18
T104955,2026-07-30,S02,P101,5,60.0,0.0,1,C0908,UPI,11
T104956,2026-07-30,S02,P101,9,57.0,5.0,1,C0592,UPI,21
T104957,2026-07-30,S02,P102,8,45.0,0.0,0,C0947,UPI,18
T104958,2026-07-30,S02,P102,7,45.0,0.0,0,C0954,UPI,16
T104959,2026-07-30,S02,P102,6,45.0,0.0,0,C0476,Cash,12
T104960,2026-07-30,S02,P103,7,95.0,0.0,0,C0799,Cash,20
T104961,2026-07-30,S02,P103,6,95.0,0.0,0,C0952,UPI,21
T104962,2026-07-30,S02,P104,5,145.0,0.0,0,C0840,UPI,18
T104963,2026-07-30,S02,P201,6,120.0,0.0,0,C0331,UPI,13
T104964,2026-07-30,S02,P201,5,120.0,0.0,0,C1025,Card,21
T104965,2026-07-30,S02,P202,5,42.0,0.0,0,C0069,Cash,10
T104966,2026-07-30,S02,P202,6,42.0,0.0,0,C0918,UPI,16
T104967,2026-07-30,S02,P202,6,42.0,0.0,0,C0939,Cash,16
T104968,2026-07-30,S02,P203,5,95.0,0.0,0,C0132,UPI,13
T104969,2026-07-30,S02,P203,7,95.0,0.0,0,C1042,Card,17
T104970,2026-07-30,S02,P203,8,95.0,0.0,0,C0560,Card,12
T104971,2026-07-30,S02,P204,7,165.0,0.0,0,C0833,UPI,17
T104972,2026-07-30,S02,P301,6,47.5,5.0,1,C0298,UPI,11
T104973,2026-07-30,S02,P301,9,50.0,0.0,1,C0470,UPI,13
T104974,2026-07-30,S02,P301,12,47.5,5.0,1,C0942,UPI,9
T104975,2026-07-30,S02,P301,6,50.0,0.0,1,C0099,UPI,18
T104976,2026-07-30,S02,P302,6,76.5,10.0,1,C0232,UPI,12
T104977,2026-07-30,S02,P302,10,80.75,5.0,1,C0872,UPI,17
T104978,2026-07-30,S02,P302,6,76.5,10.0,1,C0250,Cash,9
T104979,2026-07-30,S02,P303,3,110.0,0.0,0,C0273,UPI,11
T104980,2026-07-30,S02,P303,6,110.0,0.0,0,C0538,UPI,18
T104981,2026-07-30,S02,P304,8,25.0,0.0,0,C1034,Card,18
T104982,2026-07-30,S02,P304,10,25.0,0.0,0,C0310,UPI,20
T104983,2026-07-30,S02,P304,8,25.0,0.0,0,C1089,Cash,19
T104984,2026-07-30,S02,P304,8,25.0,0.0,0,C0040,UPI,18
T104985,2026-07-30,S02,P401,10,35.0,0.0,1,C0978,UPI,20
T104986,2026-07-30,S02,P401,5,35.0,0.0,1,C0478,Card,13
T104987,2026-07-30,S02,P401,6,33.25,5.0,1,C0173,Card,16
T104988,2026-07-30,S02,P401,11,35.0,0.0,1,C0397,UPI,10
T104989,2026-07-30,S02,P402,15,30.0,0.0,0,C0988,Cash,18
T104990,2026-07-30,S02,P402,9,30.0,0.0,0,C0010,UPI,20
T104991,2026-07-30,S02,P402,12,30.0,0.0,0,C0437,UPI,9
T104992,2026-07-30,S02,P402,12,30.0,0.0,0,C0058,UPI,19
T104993,2026-07-30,S02,P403,7,55.0,0.0,0,C0518,UPI,18
T104994,2026-07-30,S02,P403,10,55.0,0.0,0,C0850,Card,19
T104995,2026-07-30,S02,P403,5,55.0,0.0,0,C0119,Card,20
T104996,2026-07-30,S02,P501,4,210.0,0.0,0,C0084,Card,8
T104997,2026-07-30,S02,P501,9,210.0,0.0,0,C0458,Card,18
T104998,2026-07-30,S02,P502,6,145.0,0.0,0,C0895,Card,9
T104999,2026-07-30,S02,P502,6,145.0,0.0,0,C0894,Card,11
T105000,2026-07-30,S02,P503,5,95.0,0.0,0,C0121,UPI,21
T105001,2026-07-30,S02,P503,10,95.0,0.0,0,C0881,Cash,11
T105002,2026-07-30,S02,P601,10,80.0,0.0,1,C0041,UPI,16
T105003,2026-07-30,S02,P601,6,80.0,0.0,1,C0296,Card,11
T105004,2026-07-30,S02,P601,10,76.0,5.0,1,C0183,Cash,11
T105005,2026-07-30,S02,P601,7,80.0,0.0,1,C0438,UPI,11
T105006,2026-07-30,S03,P101,5,60.0,0.0,0,C0724,Cash,10
T105007,2026-07-30,S03,P101,4,60.0,0.0,0,C0350,UPI,16
T105008,2026-07-30,S03,P101,9,60.0,0.0,0,C0015,UPI,8
T105009,2026-07-30,S03,P102,9,45.0,0.0,0,C0641,UPI,10
T105010,2026-07-30,S03,P102,5,45.0,0.0,0,C0589,UPI,20
T105011,2026-07-30,S03,P103,6,95.0,0.0,0,C0371,Card,12
T105012,2026-07-30,S03,P104,2,145.0,0.0,0,C1080,Card,19
T105013,2026-07-30,S03,P201,6,120.0,0.0,1,C0096,Cash,9
T105014,2026-07-30,S03,P202,7,42.0,0.0,0,C0358,UPI,9
T105015,2026-07-30,S03,P202,8,42.0,0.0,0,C0885,Cash,21
T105016,2026-07-30,S03,P203,8,95.0,0.0,0,C0504,Card,19
T105017,2026-07-30,S03,P204,4,165.0,0.0,0,C0998,Card,20
T105018,2026-07-30,S03,P301,7,50.0,0.0,0,C0796,UPI,17
T105019,2026-07-30,S03,P301,7,50.0,0.0,0,C0259,Card,12
T105020,2026-07-30,S03,P302,6,76.5,10.0,1,C0412,UPI,17
T105021,2026-07-30,S03,P302,3,80.75,5.0,1,C0805,UPI,13
T105022,2026-07-30,S03,P303,6,110.0,0.0,0,C1052,Card,17
T105023,2026-07-30,S03,P304,9,25.0,0.0,1,C1106,UPI,13
T105024,2026-07-30,S03,P304,5,25.0,0.0,1,C0377,Card,13
T105025,2026-07-30,S03,P304,6,23.75,5.0,1,C0044,Card,20
T105026,2026-07-30,S03,P401,11,35.0,0.0,1,C0608,Cash,12
T105027,2026-07-30,S03,P401,5,35.0,0.0,1,C0524,UPI,19
T105028,2026-07-30,S03,P402,8,30.0,0.0,0,C1123,Card,10
T105029,2026-07-30,S03,P402,6,30.0,0.0,0,C1178,UPI,13
T105030,2026-07-30,S03,P402,4,30.0,0.0,0,C0834,UPI,16
T105031,2026-07-30,S03,P402,8,30.0,0.0,0,C0602,UPI,17
T105032,2026-07-30,S03,P403,6,55.0,0.0,0,C1018,Card,8
T105033,2026-07-30,S03,P403,6,55.0,0.0,0,C0304,UPI,16
T105034,2026-07-30,S03,P501,3,189.0,10.0,1,C0759,Card,11
T105035,2026-07-30,S03,P501,6,199.5,5.0,1,C0843,UPI,9
T105036,2026-07-30,S03,P502,7,145.0,0.0,0,C0991,UPI,16
T105037,2026-07-30,S03,P503,4,95.0,0.0,0,C0037,UPI,19
T105038,2026-07-30,S03,P503,7,95.0,0.0,0,C0572,Card,10
T105039,2026-07-30,S03,P601,6,80.0,0.0,0,C0932,Card,18
T105040,2026-07-30,S03,P601,3,80.0,0.0,0,C1060,Cash,16
T105041,2026-07-30,S04,P101,6,60.0,0.0,0,C0747,Card,8
T105042,2026-07-30,S04,P101,9,60.0,0.0,0,C0819,UPI,17
T105043,2026-07-30,S04,P101,8,60.0,0.0,0,C0381,Cash,17
T105044,2026-07-30,S04,P102,6,45.0,0.0,0,C0122,UPI,8
T105045,2026-07-30,S04,P102,9,45.0,0.0,0,C0121,UPI,21
T105046,2026-07-30,S04,P103,7,95.0,0.0,0,C0111,UPI,20
T105047,2026-07-30,S04,P104,4,145.0,0.0,0,C0725,UPI,10
T105048,2026-07-30,S04,P201,4,120.0,0.0,0,C1159,Card,20
T105049,2026-07-30,S04,P202,4,42.0,0.0,0,C0255,UPI,16
T105050,2026-07-30,S04,P202,9,42.0,0.0,0,C0425,Cash,18
T105051,2026-07-30,S04,P203,6,95.0,0.0,0,C1044,Card,18
T105052,2026-07-30,S04,P203,5,95.0,0.0,0,C1042,Card,8
T105053,2026-07-30,S04,P204,4,165.0,0.0,0,C1050,UPI,9
T105054,2026-07-30,S04,P301,5,50.0,0.0,0,C1151,Card,10
T105055,2026-07-30,S04,P301,9,50.0,0.0,0,C0051,UPI,20
T105056,2026-07-30,S04,P302,6,85.0,0.0,0,C0860,Card,11
T105057,2026-07-30,S04,P302,5,85.0,0.0,0,C0996,UPI,17
T105058,2026-07-30,S04,P303,7,110.0,0.0,0,C0208,UPI,18
T105059,2026-07-30,S04,P303,4,110.0,0.0,0,C0891,UPI,12
T105060,2026-07-30,S04,P304,6,25.0,0.0,0,C0715,UPI,19
T105061,2026-07-30,S04,P304,10,25.0,0.0,0,C0166,Cash,21
T105062,2026-07-30,S04,P304,6,25.0,0.0,0,C0655,Card,21
T105063,2026-07-30,S04,P401,7,35.0,0.0,0,C0819,Card,13
T105064,2026-07-30,S04,P401,8,35.0,0.0,0,C0438,UPI,18
T105065,2026-07-30,S04,P401,7,35.0,0.0,0,C1131,Cash,17
T105066,2026-07-30,S04,P401,4,35.0,0.0,0,C0935,UPI,18
T105067,2026-07-30,S04,P402,5,30.0,0.0,0,C0958,Card,17
T105068,2026-07-30,S04,P402,7,30.0,0.0,0,C0335,Card,13
T105069,2026-07-30,S04,P402,4,30.0,0.0,0,C0349,Card,20
T105070,2026-07-30,S04,P402,9,30.0,0.0,0,C0554,Card,18
T105071,2026-07-30,S04,P403,4,55.0,0.0,0,C0139,Card,20
T105072,2026-07-30,S04,P403,5,55.0,0.0,0,C0542,Card,13
T105073,2026-07-30,S04,P501,5,189.0,10.0,1,C0824,Card,8
T105074,2026-07-30,S04,P501,5,199.5,5.0,1,C0077,Card,13
T105075,2026-07-30,S04,P502,5,145.0,0.0,0,C1130,Card,8
T105076,2026-07-30,S04,P503,7,95.0,0.0,0,C0203,Card,21
T105077,2026-07-30,S04,P503,6,95.0,0.0,0,C0634,Card,18
T105078,2026-07-30,S04,P601,5,80.0,0.0,0,C0724,Card,17
T105079,2026-07-30,S04,P601,9,80.0,0.0,0,C0446,UPI,17
T105080,2026-07-30,S04,P601,6,80.0,0.0,0,C1046,Cash,9
T105081,2026-07-31,S01,P101,4,60.0,0.0,0,C0437,UPI,17
T105082,2026-07-31,S01,P101,7,60.0,0.0,0,C0581,Card,20
T105083,2026-07-31,S01,P102,6,45.0,0.0,0,C0078,Card,12
T105084,2026-07-31,S01,P102,6,45.0,0.0,0,C0671,UPI,16
T105085,2026-07-31,S01,P102,5,45.0,0.0,0,C1118,Card,20
T105086,2026-07-31,S01,P103,6,95.0,0.0,0,C0603,Card,21
T105087,2026-07-31,S01,P104,4,145.0,0.0,0,C0310,UPI,18
T105088,2026-07-31,S01,P201,6,114.0,5.0,1,C0616,Card,19
T105089,2026-07-31,S01,P202,10,42.0,0.0,0,C0603,Cash,16
T105090,2026-07-31,S01,P202,6,42.0,0.0,0,C0168,Card,16
T105091,2026-07-31,S01,P203,5,80.75,15.0,1,C0242,UPI,8
T105092,2026-07-31,S01,P204,5,165.0,0.0,0,C1188,UPI,21
T105093,2026-07-31,S01,P301,9,50.0,0.0,0,C1187,Cash,11
T105094,2026-07-31,S01,P301,7,50.0,0.0,0,C0854,UPI,12
T105095,2026-07-31,S01,P301,3,50.0,0.0,0,C0951,UPI,13
T105096,2026-07-31,S01,P302,5,76.5,10.0,1,C0700,UPI,16
T105097,2026-07-31,S01,P302,5,85.0,0.0,1,C0224,UPI,8
T105098,2026-07-31,S01,P302,7,85.0,0.0,1,C0729,Card,20
T105099,2026-07-31,S01,P303,6,110.0,0.0,0,C0585,UPI,13
T105100,2026-07-31,S01,P304,7,23.75,5.0,1,C0649,Cash,12
T105101,2026-07-31,S01,P304,10,22.5,10.0,1,C0631,Card,19
T105102,2026-07-31,S01,P304,10,25.0,0.0,1,C0597,UPI,9
T105103,2026-07-31,S01,P304,4,25.0,0.0,1,C0481,UPI,13
T105104,2026-07-31,S01,P401,7,35.0,0.0,0,C1118,Card,8
T105105,2026-07-31,S01,P401,6,35.0,0.0,0,C0742,Cash,8
T105106,2026-07-31,S01,P401,7,35.0,0.0,0,C0874,UPI,19
T105107,2026-07-31,S01,P402,12,30.0,0.0,0,C0719,Card,16
T105108,2026-07-31,S01,P402,11,30.0,0.0,0,C0846,Cash,17
T105109,2026-07-31,S01,P402,14,30.0,0.0,0,C0431,Card,18
T105110,2026-07-31,S01,P402,8,30.0,0.0,0,C0284,UPI,8
T105111,2026-07-31,S01,P403,6,55.0,0.0,0,C1058,UPI,17
T105112,2026-07-31,S01,P403,7,55.0,0.0,0,C0513,UPI,12
T105113,2026-07-31,S01,P501,7,210.0,0.0,0,C0587,UPI,13
T105114,2026-07-31,S01,P502,6,145.0,0.0,0,C1091,Card,20
T105115,2026-07-31,S01,P503,9,95.0,0.0,0,C0797,Card,20
T105116,2026-07-31,S01,P503,5,95.0,0.0,0,C0733,UPI,17
T105117,2026-07-31,S01,P601,6,80.0,0.0,0,C1046,UPI,8
T105118,2026-07-31,S01,P601,9,80.0,0.0,0,C1172,Card,21
T105119,2026-07-31,S02,P101,9,60.0,0.0,0,C0873,UPI,20
T105120,2026-07-31,S02,P101,6,60.0,0.0,0,C0006,Card,20
T105121,2026-07-31,S02,P101,7,60.0,0.0,0,C0248,UPI,17
T105122,2026-07-31,S02,P101,8,60.0,0.0,0,C0838,UPI,8
T105123,2026-07-31,S02,P102,5,45.0,0.0,0,C0748,UPI,21
T105124,2026-07-31,S02,P102,7,45.0,0.0,0,C0205,Cash,12
T105125,2026-07-31,S02,P102,9,45.0,0.0,0,C0166,Card,20
T105126,2026-07-31,S02,P102,5,45.0,0.0,0,C1124,Card,11
T105127,2026-07-31,S02,P103,5,95.0,0.0,0,C0471,Card,20
T105128,2026-07-31,S02,P103,6,95.0,0.0,0,C0512,UPI,13
T105129,2026-07-31,S02,P104,8,145.0,0.0,0,C0848,Card,9
T105130,2026-07-31,S02,P201,5,108.0,10.0,1,C0322,UPI,13
T105131,2026-07-31,S02,P202,8,42.0,0.0,0,C0196,UPI,12
T105132,2026-07-31,S02,P202,9,42.0,0.0,0,C0632,Card,12
T105133,2026-07-31,S02,P202,7,42.0,0.0,0,C0177,UPI,19
T105134,2026-07-31,S02,P202,7,42.0,0.0,0,C0727,UPI,9
T105135,2026-07-31,S02,P203,4,95.0,0.0,0,C0326,Card,12
T105136,2026-07-31,S02,P203,4,95.0,0.0,0,C0886,Card,20
T105137,2026-07-31,S02,P203,9,95.0,0.0,0,C0883,Card,16
T105138,2026-07-31,S02,P204,8,165.0,0.0,0,C0350,Card,9
T105139,2026-07-31,S02,P301,11,50.0,0.0,1,C0030,Card,21
T105140,2026-07-31,S02,P301,6,47.5,5.0,1,C0639,Card,18
T105141,2026-07-31,S02,P301,11,47.5,5.0,1,C0184,UPI,10
T105142,2026-07-31,S02,P301,5,50.0,0.0,1,C0264,Card,12
T105143,2026-07-31,S02,P302,8,85.0,0.0,0,C1009,Card,12
T105144,2026-07-31,S02,P302,6,85.0,0.0,0,C0139,UPI,21
T105145,2026-07-31,S02,P302,9,85.0,0.0,0,C0221,UPI,21
T105146,2026-07-31,S02,P303,8,110.0,0.0,0,C0560,Card,17
T105147,2026-07-31,S02,P304,8,25.0,0.0,0,C0661,UPI,12
T105148,2026-07-31,S02,P304,17,25.0,0.0,0,C0354,Cash,9
T105149,2026-07-31,S02,P304,15,25.0,0.0,0,C0352,Cash,12
T105150,2026-07-31,S02,P304,7,25.0,0.0,0,C0634,UPI,12
T105151,2026-07-31,S02,P401,15,35.0,0.0,0,C0132,Cash,11
T105152,2026-07-31,S02,P401,8,35.0,0.0,0,C0441,UPI,13
T105153,2026-07-31,S02,P401,8,35.0,0.0,0,C0023,Card,12
T105154,2026-07-31,S02,P401,12,35.0,0.0,0,C0175,Cash,18
T105155,2026-07-31,S02,P402,11,30.0,0.0,0,C0499,Cash,13
T105156,2026-07-31,S02,P402,13,30.0,0.0,0,C0175,UPI,12
T105157,2026-07-31,S02,P402,12,30.0,0.0,0,C0532,Card,10
T105158,2026-07-31,S02,P402,15,30.0,0.0,0,C0446,UPI,18
T105159,2026-07-31,S02,P403,4,55.0,0.0,1,C0945,Card,16
T105160,2026-07-31,S02,P403,8,55.0,0.0,1,C0886,Card,9
T105161,2026-07-31,S02,P403,6,55.0,0.0,1,C0230,Cash,8
T105162,2026-07-31,S02,P501,7,210.0,0.0,0,C0078,UPI,17
T105163,2026-07-31,S02,P501,8,210.0,0.0,0,C1048,Cash,19
T105164,2026-07-31,S02,P502,5,137.75,5.0,1,C0468,UPI,17
T105165,2026-07-31,S02,P502,8,145.0,0.0,1,C1152,Card,17
T105166,2026-07-31,S02,P503,7,95.0,0.0,0,C0347,UPI,12
T105167,2026-07-31,S02,P503,6,95.0,0.0,0,C0715,UPI,18
T105168,2026-07-31,S02,P503,9,95.0,0.0,0,C0901,Card,12
T105169,2026-07-31,S02,P601,5,80.0,0.0,0,C0002,Card,16
T105170,2026-07-31,S02,P601,5,80.0,0.0,0,C0306,UPI,17
T105171,2026-07-31,S02,P601,5,80.0,0.0,0,C0807,Cash,20
T105172,2026-07-31,S02,P601,12,80.0,0.0,0,C1181,Cash,8
T105173,2026-07-31,S03,P101,5,60.0,0.0,0,C0367,UPI,20
T105174,2026-07-31,S03,P101,10,60.0,0.0,0,C0538,Cash,17
T105175,2026-07-31,S03,P101,7,60.0,0.0,0,C0791,UPI,18
T105176,2026-07-31,S03,P102,6,45.0,0.0,0,C0438,Cash,19
T105177,2026-07-31,S03,P102,8,45.0,0.0,0,C0504,Card,18
T105178,2026-07-31,S03,P103,5,95.0,0.0,0,C0795,UPI,21
T105179,2026-07-31,S03,P104,3,145.0,0.0,0,C0726,UPI,9
T105180,2026-07-31,S03,P201,3,120.0,0.0,0,C0369,UPI,11
T105181,2026-07-31,S03,P202,6,42.0,0.0,0,C0075,Card,8
T105182,2026-07-31,S03,P202,6,42.0,0.0,0,C1081,UPI,17
T105183,2026-07-31,S03,P203,8,95.0,0.0,0,C0741,Card,8
T105184,2026-07-31,S03,P204,2,165.0,0.0,0,C1030,Card,12
T105185,2026-07-31,S03,P301,8,50.0,0.0,0,C0514,UPI,17
T105186,2026-07-31,S03,P301,7,50.0,0.0,0,C1118,Card,17
T105187,2026-07-31,S03,P301,3,50.0,0.0,0,C0191,UPI,17
T105188,2026-07-31,S03,P302,8,85.0,0.0,0,C1007,Card,8
T105189,2026-07-31,S03,P303,5,99.0,10.0,1,C0438,UPI,11
T105190,2026-07-31,S03,P304,5,25.0,0.0,0,C0877,Card,11
T105191,2026-07-31,S03,P304,6,25.0,0.0,0,C0148,Card,21
T105192,2026-07-31,S03,P401,6,35.0,0.0,0,C0557,UPI,19
T105193,2026-07-31,S03,P401,7,35.0,0.0,0,C0429,Cash,8
T105194,2026-07-31,S03,P401,5,35.0,0.0,0,C0499,UPI,8
T105195,2026-07-31,S03,P402,8,30.0,0.0,0,C0774,Card,12
T105196,2026-07-31,S03,P402,7,30.0,0.0,0,C1182,UPI,18
T105197,2026-07-31,S03,P402,6,30.0,0.0,0,C0718,Card,16
T105198,2026-07-31,S03,P402,4,30.0,0.0,0,C0367,UPI,19
T105199,2026-07-31,S03,P403,6,55.0,0.0,0,C1057,Card,20
T105200,2026-07-31,S03,P501,5,210.0,0.0,0,C0032,Card,12
T105201,2026-07-31,S03,P502,8,145.0,0.0,0,C0336,Card,20
T105202,2026-07-31,S03,P503,6,95.0,0.0,0,C0652,Card,12
T105203,2026-07-31,S03,P601,8,68.0,15.0,1,C0014,UPI,16
T105204,2026-07-31,S04,P101,9,60.0,0.0,1,C0936,UPI,19
T105205,2026-07-31,S04,P101,5,54.0,10.0,1,C1130,Card,17
T105206,2026-07-31,S04,P101,7,57.0,5.0,1,C0258,UPI,13
T105207,2026-07-31,S04,P102,5,45.0,0.0,1,C0051,Card,20
T105208,2026-07-31,S04,P102,9,45.0,0.0,1,C0222,Card,11
T105209,2026-07-31,S04,P103,2,95.0,0.0,0,C0987,Card,18
T105210,2026-07-31,S04,P104,6,145.0,0.0,0,C0198,Cash,17
T105211,2026-07-31,S04,P201,4,120.0,0.0,0,C0227,UPI,16
T105212,2026-07-31,S04,P201,5,120.0,0.0,0,C0811,Card,11
T105213,2026-07-31,S04,P202,5,42.0,0.0,0,C0113,Card,8
T105214,2026-07-31,S04,P202,8,42.0,0.0,0,C1129,Card,10
T105215,2026-07-31,S04,P203,1,95.0,0.0,0,C0742,Card,18
T105216,2026-07-31,S04,P204,5,165.0,0.0,0,C0979,Cash,17
T105217,2026-07-31,S04,P301,8,50.0,0.0,0,C0636,Card,10
T105218,2026-07-31,S04,P302,10,80.75,5.0,1,C0828,Card,9
T105219,2026-07-31,S04,P302,6,72.25,15.0,1,C0322,UPI,11
T105220,2026-07-31,S04,P303,6,110.0,0.0,0,C0017,UPI,19
T105221,2026-07-31,S04,P304,7,25.0,0.0,0,C1070,Card,8
T105222,2026-07-31,S04,P304,5,25.0,0.0,0,C0118,Card,20
T105223,2026-07-31,S04,P304,6,25.0,0.0,0,C0251,Card,11
T105224,2026-07-31,S04,P401,6,31.5,10.0,1,C1083,UPI,8
T105225,2026-07-31,S04,P401,6,35.0,0.0,1,C0265,Cash,19
T105226,2026-07-31,S04,P401,7,31.5,10.0,1,C0396,Card,16
T105227,2026-07-31,S04,P402,6,30.0,0.0,0,C0769,UPI,11
T105228,2026-07-31,S04,P402,11,30.0,0.0,0,C0036,UPI,9
T105229,2026-07-31,S04,P402,8,30.0,0.0,0,C0603,Cash,17
T105230,2026-07-31,S04,P402,7,30.0,0.0,0,C0172,UPI,21
T105231,2026-07-31,S04,P403,10,52.25,5.0,1,C1127,Card,16
T105232,2026-07-31,S04,P403,6,55.0,0.0,1,C0715,Card,10
T105233,2026-07-31,S04,P501,7,210.0,0.0,1,C0401,Card,17
T105234,2026-07-31,S04,P501,9,199.5,5.0,1,C0273,UPI,11
T105235,2026-07-31,S04,P502,6,145.0,0.0,0,C0441,UPI,13
T105236,2026-07-31,S04,P503,5,95.0,0.0,0,C0509,UPI,21
T105237,2026-07-31,S04,P503,4,95.0,0.0,0,C0461,UPI,18
T105238,2026-07-31,S04,P601,4,80.0,0.0,0,C0607,UPI,10
T105239,2026-07-31,S04,P601,7,80.0,0.0,0,C0488,UPI,10
T105240,2026-07-31,S04,P601,7,80.0,0.0,0,C1094,Card,12
T105241,2026-08-01,S01,P101,5,60.0,0.0,0,C0697,UPI,12
T105242,2026-08-01,S01,P101,10,60.0,0.0,0,C0462,Card,9
T105243,2026-08-01,S01,P101,8,60.0,0.0,0,C0201,Card,21
T105244,2026-08-01,S01,P102,8,45.0,0.0,0,C1184,UPI,11
T105245,2026-08-01,S01,P102,8,45.0,0.0,0,C0394,Card,19
T105246,2026-08-01,S01,P103,6,95.0,0.0,1,C0120,Card,17
T105247,2026-08-01,S01,P103,3,95.0,0.0,1,C0330,Card,8
T105248,2026-08-01,S01,P104,3,145.0,0.0,0,C1058,UPI,12
T105249,2026-08-01,S01,P201,8,120.0,0.0,1,C0005,Card,16
T105250,2026-08-01,S01,P202,8,42.0,0.0,0,C1062,UPI,21
T105251,2026-08-01,S01,P202,3,42.0,0.0,0,C0285,Card,13
T105252,2026-08-01,S01,P202,6,42.0,0.0,0,C0366,Card,20
T105253,2026-08-01,S01,P203,4,95.0,0.0,0,C0731,UPI,20
T105254,2026-08-01,S01,P203,8,95.0,0.0,0,C0712,Card,9
T105255,2026-08-01,S01,P204,6,156.75,5.0,1,C1198,UPI,13
T105256,2026-08-01,S01,P301,9,50.0,0.0,0,C0276,Cash,8
T105257,2026-08-01,S01,P301,5,50.0,0.0,0,C0685,Cash,8
T105258,2026-08-01,S01,P301,10,50.0,0.0,0,C0352,UPI,10
T105259,2026-08-01,S01,P302,6,85.0,0.0,0,C1170,UPI,8
T105260,2026-08-01,S01,P302,9,85.0,0.0,0,C0681,Card,10
T105261,2026-08-01,S01,P302,7,85.0,0.0,0,C0707,UPI,12
T105262,2026-08-01,S01,P303,8,110.0,0.0,1,C0103,UPI,19
T105263,2026-08-01,S01,P304,7,25.0,0.0,0,C0155,Card,17
T105264,2026-08-01,S01,P304,7,25.0,0.0,0,C1041,UPI,19
T105265,2026-08-01,S01,P304,14,25.0,0.0,0,C0016,Cash,19
T105266,2026-08-01,S01,P304,8,25.0,0.0,0,C0361,Card,11
T105267,2026-08-01,S01,P401,6,33.25,5.0,1,C1186,Card,16
T105268,2026-08-01,S01,P401,6,31.5,10.0,1,C0242,Cash,19
T105269,2026-08-01,S01,P401,9,33.25,5.0,1,C0220,Cash,8
T105270,2026-08-01,S01,P401,13,35.0,0.0,1,C1139,UPI,17
T105271,2026-08-01,S01,P402,8,30.0,0.0,0,C0743,UPI,17
T105272,2026-08-01,S01,P402,5,30.0,0.0,0,C1022,UPI,19
T105273,2026-08-01,S01,P402,7,30.0,0.0,0,C0556,UPI,16
T105274,2026-08-01,S01,P402,14,30.0,0.0,0,C0283,UPI,10
T105275,2026-08-01,S01,P403,6,55.0,0.0,0,C1049,Card,13
T105276,2026-08-01,S01,P403,7,55.0,0.0,0,C0936,UPI,8
T105277,2026-08-01,S01,P501,8,210.0,0.0,0,C0923,UPI,11
T105278,2026-08-01,S01,P501,4,210.0,0.0,0,C0070,UPI,21
T105279,2026-08-01,S01,P502,4,145.0,0.0,0,C0254,UPI,17
T105280,2026-08-01,S01,P502,7,145.0,0.0,0,C0100,UPI,8
T105281,2026-08-01,S01,P503,9,95.0,0.0,0,C0351,UPI,16
T105282,2026-08-01,S01,P503,6,95.0,0.0,0,C0708,UPI,19
T105283,2026-08-01,S01,P601,5,80.0,0.0,0,C0604,Card,10
T105284,2026-08-01,S01,P601,9,80.0,0.0,0,C1071,UPI,11
T105285,2026-08-01,S01,P601,5,80.0,0.0,0,C0865,UPI,10
T105286,2026-08-01,S02,P101,10,60.0,0.0,0,C0471,Card,20
T105287,2026-08-01,S02,P101,10,60.0,0.0,0,C0330,Card,19
T105288,2026-08-01,S02,P101,4,60.0,0.0,0,C0826,UPI,20
T105289,2026-08-01,S02,P101,9,60.0,0.0,0,C0465,UPI,16
T105290,2026-08-01,S02,P102,9,45.0,0.0,0,C0081,Card,13
T105291,2026-08-01,S02,P102,8,45.0,0.0,0,C0922,Cash,18
T105292,2026-08-01,S02,P102,7,45.0,0.0,0,C1018,UPI,18
T105293,2026-08-01,S02,P103,6,95.0,0.0,0,C0676,Card,17
T105294,2026-08-01,S02,P103,6,95.0,0.0,0,C0121,Card,21
T105295,2026-08-01,S02,P103,6,95.0,0.0,0,C0044,Card,16
T105296,2026-08-01,S02,P104,5,145.0,0.0,0,C1078,UPI,16
T105297,2026-08-01,S02,P201,3,120.0,0.0,0,C0667,Card,13
T105298,2026-08-01,S02,P201,6,120.0,0.0,0,C0398,Cash,12
T105299,2026-08-01,S02,P202,5,37.8,10.0,1,C0869,UPI,17
T105300,2026-08-01,S02,P202,8,42.0,0.0,1,C1119,Card,16
T105301,2026-08-01,S02,P202,10,42.0,0.0,1,C0730,Card,17
T105302,2026-08-01,S02,P202,11,39.9,5.0,1,C1041,UPI,19
T105303,2026-08-01,S02,P203,8,80.75,15.0,1,C0304,UPI,20
T105304,2026-08-01,S02,P203,8,95.0,0.0,1,C0380,Card,21
T105305,2026-08-01,S02,P204,8,165.0,0.0,0,C0410,UPI,18
T105306,2026-08-01,S02,P204,3,165.0,0.0,0,C0213,UPI,10
T105307,2026-08-01,S02,P301,7,50.0,0.0,0,C0221,UPI,16
T105308,2026-08-01,S02,P301,10,50.0,0.0,0,C0535,Card,20
T105309,2026-08-01,S02,P301,7,50.0,0.0,0,C0324,UPI,20
T105310,2026-08-01,S02,P301,10,50.0,0.0,0,C0887,UPI,12
T105311,2026-08-01,S02,P302,5,85.0,0.0,0,C0812,UPI,10
T105312,2026-08-01,S02,P302,7,85.0,0.0,0,C0008,Card,21
T105313,2026-08-01,S02,P302,6,85.0,0.0,0,C0990,Card,12
T105314,2026-08-01,S02,P303,4,110.0,0.0,0,C0282,UPI,20
T105315,2026-08-01,S02,P303,7,110.0,0.0,0,C0841,Card,12
T105316,2026-08-01,S02,P303,6,110.0,0.0,0,C0337,UPI,16
T105317,2026-08-01,S02,P304,11,25.0,0.0,0,C1065,UPI,19
T105318,2026-08-01,S02,P304,11,25.0,0.0,0,C0028,UPI,16
T105319,2026-08-01,S02,P304,16,25.0,0.0,0,C0674,UPI,8
T105320,2026-08-01,S02,P304,9,25.0,0.0,0,C0498,UPI,19
T105321,2026-08-01,S02,P401,10,35.0,0.0,0,C0918,Card,9
T105322,2026-08-01,S02,P401,10,35.0,0.0,0,C0535,Cash,17
T105323,2026-08-01,S02,P401,8,35.0,0.0,0,C0271,Card,11
T105324,2026-08-01,S02,P401,17,35.0,0.0,0,C0770,Card,20
T105325,2026-08-01,S02,P402,21,30.0,0.0,0,C0393,Card,13
T105326,2026-08-01,S02,P402,12,30.0,0.0,0,C0041,Card,8
T105327,2026-08-01,S02,P402,9,30.0,0.0,0,C0095,Cash,9
T105328,2026-08-01,S02,P402,19,30.0,0.0,0,C0854,Card,20
T105329,2026-08-01,S02,P403,9,49.5,10.0,1,C1051,Card,21
T105330,2026-08-01,S02,P403,6,55.0,0.0,1,C1119,UPI,21
T105331,2026-08-01,S02,P403,8,55.0,0.0,1,C0320,Cash,21
T105332,2026-08-01,S02,P403,4,55.0,0.0,1,C0041,Card,13
T105333,2026-08-01,S02,P501,9,210.0,0.0,1,C0127,Card,21
T105334,2026-08-01,S02,P501,6,210.0,0.0,1,C0146,UPI,11
T105335,2026-08-01,S02,P502,6,145.0,0.0,0,C0522,UPI,19
T105336,2026-08-01,S02,P502,10,145.0,0.0,0,C0506,Card,18
T105337,2026-08-01,S02,P503,7,95.0,0.0,0,C0064,Card,8
T105338,2026-08-01,S02,P503,6,95.0,0.0,0,C0964,Cash,16
T105339,2026-08-01,S02,P503,9,95.0,0.0,0,C0057,Cash,13
T105340,2026-08-01,S02,P601,11,80.0,0.0,0,C1146,UPI,20
T105341,2026-08-01,S02,P601,8,80.0,0.0,0,C0133,UPI,8
T105342,2026-08-01,S02,P601,9,80.0,0.0,0,C0711,UPI,8
T105343,2026-08-01,S02,P601,6,80.0,0.0,0,C0633,Card,19
T105344,2026-08-01,S03,P101,8,60.0,0.0,0,C0030,UPI,8
T105345,2026-08-01,S03,P101,8,60.0,0.0,0,C0695,UPI,8
T105346,2026-08-01,S03,P102,8,45.0,0.0,0,C0142,UPI,16
T105347,2026-08-01,S03,P103,4,95.0,0.0,0,C0131,UPI,9
T105348,2026-08-01,S03,P104,2,145.0,0.0,0,C0809,Card,12
T105349,2026-08-01,S03,P201,4,120.0,0.0,0,C0490,Card,9
T105350,2026-08-01,S03,P202,8,42.0,0.0,0,C0684,Card,13
T105351,2026-08-01,S03,P202,4,42.0,0.0,0,C0423,UPI,8
T105352,2026-08-01,S03,P202,5,42.0,0.0,0,C0079,UPI,16
T105353,2026-08-01,S03,P203,8,95.0,0.0,0,C1081,UPI,13
T105354,2026-08-01,S03,P204,6,165.0,0.0,0,C0319,UPI,13
T105355,2026-08-01,S03,P301,7,50.0,0.0,0,C0367,UPI,19
T105356,2026-08-01,S03,P301,6,50.0,0.0,0,C0588,UPI,18
T105357,2026-08-01,S03,P301,4,50.0,0.0,0,C0489,Card,11
T105358,2026-08-01,S03,P302,7,85.0,0.0,0,C0736,UPI,9
T105359,2026-08-01,S03,P303,5,110.0,0.0,1,C0253,Cash,19
T105360,2026-08-01,S03,P304,7,25.0,0.0,0,C0961,Cash,19
T105361,2026-08-01,S03,P304,6,25.0,0.0,0,C0142,UPI,21
T105362,2026-08-01,S03,P304,9,25.0,0.0,0,C0582,Card,8
T105363,2026-08-01,S03,P401,5,35.0,0.0,1,C0928,UPI,18
T105364,2026-08-01,S03,P401,8,35.0,0.0,1,C0944,UPI,8
T105365,2026-08-01,S03,P401,5,35.0,0.0,1,C0870,Cash,8
T105366,2026-08-01,S03,P402,5,30.0,0.0,0,C0134,Card,21
T105367,2026-08-01,S03,P402,8,30.0,0.0,0,C0572,Cash,18
T105368,2026-08-01,S03,P402,8,30.0,0.0,0,C0578,UPI,17
T105369,2026-08-01,S03,P403,4,55.0,0.0,1,C0318,Cash,20
T105370,2026-08-01,S03,P403,9,55.0,0.0,1,C1185,Card,20
T105371,2026-08-01,S03,P501,7,210.0,0.0,0,C1032,Card,8
T105372,2026-08-01,S03,P502,7,145.0,0.0,0,C1071,UPI,21
T105373,2026-08-01,S03,P502,5,145.0,0.0,0,C0465,UPI,10
T105374,2026-08-01,S03,P503,8,95.0,0.0,0,C0082,Cash,8
T105375,2026-08-01,S03,P601,8,80.0,0.0,0,C0610,UPI,10
T105376,2026-08-01,S04,P101,5,60.0,0.0,0,C0699,Card,19
T105377,2026-08-01,S04,P101,9,60.0,0.0,0,C0515,UPI,21
T105378,2026-08-01,S04,P101,4,60.0,0.0,0,C0627,UPI,8
T105379,2026-08-01,S04,P102,5,45.0,0.0,0,C0831,Cash,19
T105380,2026-08-01,S04,P102,10,45.0,0.0,0,C0496,UPI,8
T105381,2026-08-01,S04,P102,6,45.0,0.0,0,C1062,UPI,11
T105382,2026-08-01,S04,P103,6,95.0,0.0,0,C0735,UPI,9
T105383,2026-08-01,S04,P104,6,145.0,0.0,0,C1128,Cash,19
T105384,2026-08-01,S04,P201,1,120.0,0.0,0,C0896,Card,20
T105385,2026-08-01,S04,P202,6,42.0,0.0,0,C0302,UPI,12
T105386,2026-08-01,S04,P202,7,42.0,0.0,0,C0568,Card,18
T105387,2026-08-01,S04,P203,8,95.0,0.0,0,C1085,UPI,21
T105388,2026-08-01,S04,P203,7,95.0,0.0,0,C1169,UPI,8
T105389,2026-08-01,S04,P204,2,165.0,0.0,0,C0211,UPI,13
T105390,2026-08-01,S04,P301,5,50.0,0.0,0,C0052,UPI,9
T105391,2026-08-01,S04,P301,12,50.0,0.0,0,C0506,Card,8
T105392,2026-08-01,S04,P301,5,50.0,0.0,0,C1042,Card,18
T105393,2026-08-01,S04,P302,7,85.0,0.0,0,C0208,UPI,11
T105394,2026-08-01,S04,P303,3,110.0,0.0,0,C0646,UPI,20
T105395,2026-08-01,S04,P303,6,110.0,0.0,0,C0492,Card,20
T105396,2026-08-01,S04,P304,8,25.0,0.0,0,C0350,UPI,10
T105397,2026-08-01,S04,P304,9,25.0,0.0,0,C0972,UPI,21
T105398,2026-08-01,S04,P304,5,25.0,0.0,0,C1153,UPI,10
T105399,2026-08-01,S04,P401,8,35.0,0.0,0,C1166,UPI,9
T105400,2026-08-01,S04,P401,7,35.0,0.0,0,C0258,Card,19
T105401,2026-08-01,S04,P401,6,35.0,0.0,0,C0886,Cash,16
T105402,2026-08-01,S04,P401,4,35.0,0.0,0,C0990,Card,18
T105403,2026-08-01,S04,P402,9,30.0,0.0,0,C0028,Card,18
T105404,2026-08-01,S04,P402,6,30.0,0.0,0,C0582,UPI,13
T105405,2026-08-01,S04,P402,10,30.0,0.0,0,C0003,Cash,19
T105406,2026-08-01,S04,P402,6,30.0,0.0,0,C0775,Card,10
T105407,2026-08-01,S04,P403,8,46.75,15.0,1,C0881,UPI,12
T105408,2026-08-01,S04,P501,7,210.0,0.0,0,C0837,Card,17
T105409,2026-08-01,S04,P502,8,145.0,0.0,0,C0695,Cash,12
T105410,2026-08-01,S04,P503,8,95.0,0.0,0,C0870,Card,20
T105411,2026-08-01,S04,P601,6,80.0,0.0,1,C0922,Cash,21
T105412,2026-08-01,S04,P601,9,80.0,0.0,1,C0922,Card,12
T105413,2026-08-02,S01,P101,8,60.0,0.0,0,C0078,Card,13
T105414,2026-08-02,S01,P101,4,60.0,0.0,0,C0790,UPI,11
T105415,2026-08-02,S01,P101,7,60.0,0.0,0,C0543,Cash,20
T105416,2026-08-02,S01,P102,8,45.0,0.0,0,C0322,UPI,13
T105417,2026-08-02,S01,P102,6,45.0,0.0,0,C0681,Cash,17
T105418,2026-08-02,S01,P102,3,45.0,0.0,0,C0618,Card,17
T105419,2026-08-02,S01,P103,4,95.0,0.0,0,C1032,UPI,12
T105420,2026-08-02,S01,P104,5,145.0,0.0,0,C0918,Card,12
T105421,2026-08-02,S01,P201,4,120.0,0.0,0,C0326,UPI,16
T105422,2026-08-02,S01,P202,8,42.0,0.0,0,C0657,Card,11
T105423,2026-08-02,S01,P202,6,42.0,0.0,0,C0625,UPI,17
T105424,2026-08-02,S01,P202,4,42.0,0.0,0,C0059,Card,21
T105425,2026-08-02,S01,P202,7,42.0,0.0,0,C0515,Cash,21
T105426,2026-08-02,S01,P203,7,95.0,0.0,0,C0437,UPI,20
T105427,2026-08-02,S01,P204,5,165.0,0.0,0,C0265,UPI,10
T105428,2026-08-02,S01,P301,5,50.0,0.0,0,C0487,UPI,10
T105429,2026-08-02,S01,P301,9,50.0,0.0,0,C0950,Card,12
T105430,2026-08-02,S01,P301,4,50.0,0.0,0,C0644,Card,8
T105431,2026-08-02,S01,P301,9,50.0,0.0,0,C0276,UPI,21
T105432,2026-08-02,S01,P302,6,85.0,0.0,0,C0658,UPI,18
T105433,2026-08-02,S01,P302,9,85.0,0.0,0,C0247,Card,11
T105434,2026-08-02,S01,P303,8,110.0,0.0,0,C0691,UPI,20
T105435,2026-08-02,S01,P303,5,110.0,0.0,0,C0431,Card,16
T105436,2026-08-02,S01,P304,10,25.0,0.0,0,C0079,Card,12
T105437,2026-08-02,S01,P304,7,25.0,0.0,0,C0472,UPI,18
T105438,2026-08-02,S01,P304,4,25.0,0.0,0,C1007,Card,9
T105439,2026-08-02,S01,P304,9,25.0,0.0,0,C0422,UPI,19
T105440,2026-08-02,S01,P401,8,35.0,0.0,1,C1044,Card,9
T105441,2026-08-02,S01,P401,13,33.25,5.0,1,C0438,UPI,12
T105442,2026-08-02,S01,P401,11,33.25,5.0,1,C0136,Card,10
T105443,2026-08-02,S01,P401,6,35.0,0.0,1,C0485,UPI,18
T105444,2026-08-02,S01,P402,11,27.0,10.0,1,C0621,UPI,13
T105445,2026-08-02,S01,P402,7,30.0,0.0,1,C0732,Card,11
T105446,2026-08-02,S01,P402,5,28.5,5.0,1,C0835,Cash,20
T105447,2026-08-02,S01,P403,5,52.25,5.0,1,C1005,Cash,11
T105448,2026-08-02,S01,P403,10,55.0,0.0,1,C0682,UPI,18
T105449,2026-08-02,S01,P403,4,55.0,0.0,1,C0432,UPI,19
T105450,2026-08-02,S01,P501,4,210.0,0.0,0,C0778,UPI,12
T105451,2026-08-02,S01,P501,6,210.0,0.0,0,C0620,Card,18
T105452,2026-08-02,S01,P502,6,145.0,0.0,0,C0805,UPI,18
T105453,2026-08-02,S01,P503,4,95.0,0.0,0,C0254,UPI,18
T105454,2026-08-02,S01,P503,5,95.0,0.0,0,C0580,UPI,10
T105455,2026-08-02,S01,P503,10,95.0,0.0,0,C0560,Card,20
T105456,2026-08-02,S01,P601,7,80.0,0.0,0,C0547,Card,8
T105457,2026-08-02,S01,P601,7,80.0,0.0,0,C1177,Card,20
T105458,2026-08-02,S01,P601,5,80.0,0.0,0,C0803,UPI,17
T105459,2026-08-02,S02,P101,6,60.0,0.0,1,C0299,UPI,8
T105460,2026-08-02,S02,P101,9,60.0,0.0,1,C0820,Card,8
T105461,2026-08-02,S02,P101,8,60.0,0.0,1,C0106,UPI,8
T105462,2026-08-02,S02,P101,13,54.0,10.0,1,C0382,Card,12
T105463,2026-08-02,S02,P102,4,45.0,0.0,0,C0441,UPI,11
T105464,2026-08-02,S02,P102,9,45.0,0.0,0,C0939,UPI,13
T105465,2026-08-02,S02,P103,4,95.0,0.0,0,C0215,UPI,20
T105466,2026-08-02,S02,P103,5,95.0,0.0,0,C0123,Card,21
T105467,2026-08-02,S02,P104,6,137.75,5.0,1,C0454,UPI,18
T105468,2026-08-02,S02,P104,6,145.0,0.0,1,C0060,Cash,9
T105469,2026-08-02,S02,P201,6,120.0,0.0,0,C0244,Card,16
T105470,2026-08-02,S02,P201,7,120.0,0.0,0,C1000,UPI,18
T105471,2026-08-02,S02,P202,6,42.0,0.0,0,C0631,UPI,12
T105472,2026-08-02,S02,P202,9,42.0,0.0,0,C1076,Card,21
T105473,2026-08-02,S02,P202,7,42.0,0.0,0,C0155,UPI,9
T105474,2026-08-02,S02,P202,14,42.0,0.0,0,C0201,Card,10
T105475,2026-08-02,S02,P203,4,95.0,0.0,0,C0158,UPI,20
T105476,2026-08-02,S02,P203,4,95.0,0.0,0,C0619,UPI,20
T105477,2026-08-02,S02,P203,9,95.0,0.0,0,C0796,UPI,19
T105478,2026-08-02,S02,P204,6,165.0,0.0,0,C0115,UPI,17
T105479,2026-08-02,S02,P204,4,165.0,0.0,0,C0804,Card,11
T105480,2026-08-02,S02,P301,12,50.0,0.0,0,C0814,Card,8
T105481,2026-08-02,S02,P301,10,50.0,0.0,0,C0003,Card,11
T105482,2026-08-02,S02,P301,6,50.0,0.0,0,C0605,Card,16
T105483,2026-08-02,S02,P301,14,50.0,0.0,0,C1075,Card,16
T105484,2026-08-02,S02,P302,5,85.0,0.0,0,C0207,Card,8
T105485,2026-08-02,S02,P302,9,85.0,0.0,0,C0787,UPI,21
T105486,2026-08-02,S02,P302,7,85.0,0.0,0,C0747,UPI,17
T105487,2026-08-02,S02,P302,6,85.0,0.0,0,C0809,UPI,13
T105488,2026-08-02,S02,P303,4,110.0,0.0,0,C1182,Card,20
T105489,2026-08-02,S02,P303,7,110.0,0.0,0,C0143,Card,19
T105490,2026-08-02,S02,P304,14,25.0,0.0,0,C0096,Card,8
T105491,2026-08-02,S02,P304,14,25.0,0.0,0,C0757,Card,11
T105492,2026-08-02,S02,P304,8,25.0,0.0,0,C0212,UPI,18
T105493,2026-08-02,S02,P304,13,25.0,0.0,0,C0778,Card,8
T105494,2026-08-02,S02,P401,5,29.75,15.0,1,C1120,Card,11
T105495,2026-08-02,S02,P401,5,35.0,0.0,1,C1168,UPI,16
T105496,2026-08-02,S02,P401,6,35.0,0.0,1,C0617,UPI,19
T105497,2026-08-02,S02,P401,12,35.0,0.0,1,C0508,UPI,21
T105498,2026-08-02,S02,P402,19,30.0,0.0,0,C1118,Card,20
T105499,2026-08-02,S02,P402,10,30.0,0.0,0,C0556,UPI,17
T105500,2026-08-02,S02,P402,20,30.0,0.0,0,C1117,UPI,16
T105501,2026-08-02,S02,P402,10,30.0,0.0,0,C0039,Cash,20
T105502,2026-08-02,S02,P403,6,55.0,0.0,0,C0209,Card,20
T105503,2026-08-02,S02,P403,6,55.0,0.0,0,C0284,UPI,10
T105504,2026-08-02,S02,P403,7,55.0,0.0,0,C0561,UPI,16
T105505,2026-08-02,S02,P403,11,55.0,0.0,0,C0501,UPI,18
T105506,2026-08-02,S02,P501,8,210.0,0.0,0,C0666,UPI,11
T105507,2026-08-02,S02,P501,8,210.0,0.0,0,C0799,UPI,13
T105508,2026-08-02,S02,P502,6,145.0,0.0,0,C0098,Card,18
T105509,2026-08-02,S02,P502,5,145.0,0.0,0,C0135,Card,8
T105510,2026-08-02,S02,P502,11,145.0,0.0,0,C0151,UPI,12
T105511,2026-08-02,S02,P503,6,95.0,0.0,0,C1071,UPI,11
T105512,2026-08-02,S02,P503,7,95.0,0.0,0,C0692,UPI,11
T105513,2026-08-02,S02,P503,9,95.0,0.0,0,C0702,Card,17
T105514,2026-08-02,S02,P601,8,80.0,0.0,0,C0766,Card,10
T105515,2026-08-02,S02,P601,6,80.0,0.0,0,C1041,UPI,18
T105516,2026-08-02,S02,P601,10,80.0,0.0,0,C0563,Cash,17
T105517,2026-08-02,S02,P601,5,80.0,0.0,0,C1137,UPI,19
T105518,2026-08-02,S03,P101,4,60.0,0.0,0,C0481,UPI,12
T105519,2026-08-02,S03,P101,8,60.0,0.0,0,C0126,UPI,18
T105520,2026-08-02,S03,P101,6,60.0,0.0,0,C0542,UPI,17
T105521,2026-08-02,S03,P101,7,60.0,0.0,0,C0748,UPI,16
T105522,2026-08-02,S03,P102,6,45.0,0.0,0,C0057,Card,19
T105523,2026-08-02,S03,P102,9,45.0,0.0,0,C0721,Card,20
T105524,2026-08-02,S03,P103,6,95.0,0.0,0,C0459,UPI,18
T105525,2026-08-02,S03,P104,3,145.0,0.0,0,C0444,Card,8
T105526,2026-08-02,S03,P201,8,120.0,0.0,0,C0396,UPI,12
T105527,2026-08-02,S03,P202,5,42.0,0.0,0,C1065,UPI,18
T105528,2026-08-02,S03,P202,10,42.0,0.0,0,C0277,Card,16
T105529,2026-08-02,S03,P203,7,95.0,0.0,0,C1083,UPI,10
T105530,2026-08-02,S03,P204,3,165.0,0.0,0,C0501,Card,16
T105531,2026-08-02,S03,P301,7,50.0,0.0,0,C0497,Card,18
T105532,2026-08-02,S03,P301,5,50.0,0.0,0,C0470,UPI,8
T105533,2026-08-02,S03,P301,5,50.0,0.0,0,C0149,UPI,9
T105534,2026-08-02,S03,P302,5,85.0,0.0,1,C0395,UPI,19
T105535,2026-08-02,S03,P302,8,80.75,5.0,1,C0871,Cash,21
T105536,2026-08-02,S03,P303,8,99.0,10.0,1,C0905,Card,12
T105537,2026-08-02,S03,P304,6,25.0,0.0,0,C0972,UPI,9
T105538,2026-08-02,S03,P304,10,25.0,0.0,0,C1063,Card,20
T105539,2026-08-02,S03,P401,8,35.0,0.0,0,C0819,Card,13
T105540,2026-08-02,S03,P401,6,35.0,0.0,0,C0448,Card,9
T105541,2026-08-02,S03,P401,6,35.0,0.0,0,C0065,Cash,13
T105542,2026-08-02,S03,P401,8,35.0,0.0,0,C0635,Card,12
T105543,2026-08-02,S03,P402,9,30.0,0.0,1,C0689,Cash,16
T105544,2026-08-02,S03,P402,6,30.0,0.0,1,C1104,UPI,13
T105545,2026-08-02,S03,P402,8,28.5,5.0,1,C0552,UPI,8
T105546,2026-08-02,S03,P402,8,27.0,10.0,1,C0151,Cash,12
T105547,2026-08-02,S03,P403,10,52.25,5.0,1,C0465,Cash,9
T105548,2026-08-02,S03,P403,5,52.25,5.0,1,C0858,Card,16
T105549,2026-08-02,S03,P501,4,210.0,0.0,0,C0657,Card,8
T105550,2026-08-02,S03,P502,4,145.0,0.0,0,C0211,Cash,19
T105551,2026-08-02,S03,P503,6,95.0,0.0,0,C1030,Card,21
T105552,2026-08-02,S03,P503,4,95.0,0.0,0,C0152,UPI,9
T105553,2026-08-02,S03,P503,7,95.0,0.0,0,C0057,Card,16
T105554,2026-08-02,S03,P601,4,80.0,0.0,0,C0137,UPI,12
T105555,2026-08-02,S03,P601,5,80.0,0.0,0,C0255,UPI,20
T105556,2026-08-02,S04,P101,7,60.0,0.0,0,C0073,UPI,17
T105557,2026-08-02,S04,P101,4,60.0,0.0,0,C0795,Cash,16
T105558,2026-08-02,S04,P101,5,60.0,0.0,0,C0618,Card,12
T105559,2026-08-02,S04,P101,9,60.0,0.0,0,C0082,UPI,17
T105560,2026-08-02,S04,P102,5,45.0,0.0,0,C0300,UPI,11
T105561,2026-08-02,S04,P102,5,45.0,0.0,0,C0584,UPI,19
T105562,2026-08-02,S04,P102,8,45.0,0.0,0,C0234,UPI,11
T105563,2026-08-02,S04,P103,5,95.0,0.0,0,C0225,Card,21
T105564,2026-08-02,S04,P104,5,145.0,0.0,0,C0128,Cash,10
T105565,2026-08-02,S04,P201,6,120.0,0.0,0,C1061,Card,20
T105566,2026-08-02,S04,P202,4,42.0,0.0,0,C0036,UPI,20
T105567,2026-08-02,S04,P202,6,42.0,0.0,0,C0055,UPI,18
T105568,2026-08-02,S04,P202,8,42.0,0.0,0,C0891,UPI,13
T105569,2026-08-02,S04,P203,6,95.0,0.0,0,C0805,Cash,17
T105570,2026-08-02,S04,P204,5,165.0,0.0,0,C0046,Cash,17
T105571,2026-08-02,S04,P301,5,50.0,0.0,0,C0616,Cash,10
T105572,2026-08-02,S04,P301,9,50.0,0.0,0,C0201,Card,21
T105573,2026-08-02,S04,P301,9,50.0,0.0,0,C0981,Card,13
T105574,2026-08-02,S04,P302,7,85.0,0.0,0,C0208,UPI,12
T105575,2026-08-02,S04,P302,5,85.0,0.0,0,C0917,UPI,20
T105576,2026-08-02,S04,P303,6,110.0,0.0,1,C0095,Card,16
T105577,2026-08-02,S04,P304,9,25.0,0.0,0,C0081,Cash,11
T105578,2026-08-02,S04,P304,9,25.0,0.0,0,C0418,Card,21
T105579,2026-08-02,S04,P304,7,25.0,0.0,0,C0892,Card,21
T105580,2026-08-02,S04,P304,4,25.0,0.0,0,C0403,UPI,12
T105581,2026-08-02,S04,P401,7,31.5,10.0,1,C1157,UPI,20
T105582,2026-08-02,S04,P401,6,35.0,0.0,1,C0003,UPI,18
T105583,2026-08-02,S04,P401,9,35.0,0.0,1,C0784,Card,17
T105584,2026-08-02,S04,P401,7,35.0,0.0,1,C0088,Card,17
T105585,2026-08-02,S04,P402,11,30.0,0.0,0,C0126,UPI,10
T105586,2026-08-02,S04,P402,8,30.0,0.0,0,C0865,Cash,20
T105587,2026-08-02,S04,P402,5,30.0,0.0,0,C0924,Cash,21
T105588,2026-08-02,S04,P403,9,55.0,0.0,0,C1089,UPI,13
T105589,2026-08-02,S04,P403,7,55.0,0.0,0,C1120,Cash,9
T105590,2026-08-02,S04,P501,4,210.0,0.0,0,C1187,UPI,8
T105591,2026-08-02,S04,P501,7,210.0,0.0,0,C0587,Card,8
T105592,2026-08-02,S04,P502,3,145.0,0.0,0,C1004,Card,16
T105593,2026-08-02,S04,P502,6,145.0,0.0,0,C0730,UPI,10
T105594,2026-08-02,S04,P503,5,95.0,0.0,1,C0781,Card,8
T105595,2026-08-02,S04,P503,9,85.5,10.0,1,C0616,UPI,21
T105596,2026-08-02,S04,P601,7,80.0,0.0,0,C0079,UPI,16
T105597,2026-08-02,S04,P601,8,80.0,0.0,0,C0043,Card,21
T105598,2026-08-03,S01,P101,7,60.0,0.0,0,C0318,Card,13
T105599,2026-08-03,S01,P101,4,60.0,0.0,0,C0627,Card,12
T105600,2026-08-03,S01,P101,8,60.0,0.0,0,C0340,Cash,16
T105601,2026-08-03,S01,P102,5,45.0,0.0,0,C0771,Card,17
T105602,2026-08-03,S01,P102,6,45.0,0.0,0,C0092,UPI,21
T105603,2026-08-03,S01,P102,7,45.0,0.0,0,C0909,Card,12
T105604,2026-08-03,S01,P103,4,95.0,0.0,0,C0165,Card,12
T105605,2026-08-03,S01,P103,6,95.0,0.0,0,C0193,UPI,16
T105606,2026-08-03,S01,P104,4,145.0,0.0,0,C1048,UPI,8
T105607,2026-08-03,S01,P201,6,120.0,0.0,0,C0662,Card,21
T105608,2026-08-03,S01,P201,3,120.0,0.0,0,C0839,Cash,10
T105609,2026-08-03,S01,P202,8,42.0,0.0,0,C1195,Card,10
T105610,2026-08-03,S01,P202,8,42.0,0.0,0,C0948,Cash,12
T105611,2026-08-03,S01,P202,4,42.0,0.0,0,C0215,Cash,21
T105612,2026-08-03,S01,P203,8,95.0,0.0,0,C0097,Cash,19
T105613,2026-08-03,S01,P203,4,95.0,0.0,0,C0110,UPI,21
T105614,2026-08-03,S01,P204,7,165.0,0.0,0,C0074,Cash,11
T105615,2026-08-03,S01,P301,9,47.5,5.0,1,C0940,UPI,12
T105616,2026-08-03,S01,P301,5,45.0,10.0,1,C0036,UPI,21
T105617,2026-08-03,S01,P302,3,85.0,0.0,0,C0869,UPI,10
T105618,2026-08-03,S01,P302,7,85.0,0.0,0,C0833,UPI,17
T105619,2026-08-03,S01,P303,6,110.0,0.0,0,C0993,Cash,20
T105620,2026-08-03,S01,P304,7,25.0,0.0,0,C0769,Card,18
T105621,2026-08-03,S01,P304,8,25.0,0.0,0,C0761,Card,9
T105622,2026-08-03,S01,P401,8,35.0,0.0,0,C1104,Cash,8
T105623,2026-08-03,S01,P401,8,35.0,0.0,0,C0990,Card,13
T105624,2026-08-03,S01,P401,5,35.0,0.0,0,C0879,Card,19
T105625,2026-08-03,S01,P402,11,30.0,0.0,1,C0435,Card,20
T105626,2026-08-03,S01,P402,6,30.0,0.0,1,C0958,UPI,13
T105627,2026-08-03,S01,P402,7,27.0,10.0,1,C1033,Card,16
T105628,2026-08-03,S01,P402,8,30.0,0.0,1,C0349,Card,16
T105629,2026-08-03,S01,P403,6,55.0,0.0,0,C0587,UPI,9
T105630,2026-08-03,S01,P403,10,55.0,0.0,0,C0385,UPI,13
T105631,2026-08-03,S01,P501,4,210.0,0.0,0,C0600,UPI,18
T105632,2026-08-03,S01,P501,6,210.0,0.0,0,C0955,UPI,13
T105633,2026-08-03,S01,P502,5,145.0,0.0,0,C0516,UPI,10
T105634,2026-08-03,S01,P502,6,145.0,0.0,0,C0350,UPI,19
T105635,2026-08-03,S01,P503,7,95.0,0.0,0,C0369,UPI,11
T105636,2026-08-03,S01,P503,7,95.0,0.0,0,C0556,UPI,20
T105637,2026-08-03,S01,P601,7,80.0,0.0,0,C0106,UPI,16
T105638,2026-08-03,S01,P601,6,80.0,0.0,0,C1122,UPI,19
T105639,2026-08-03,S02,P101,6,60.0,0.0,0,C1117,UPI,10
T105640,2026-08-03,S02,P101,5,60.0,0.0,0,C0874,UPI,17
T105641,2026-08-03,S02,P101,10,60.0,0.0,0,C1125,Card,20
T105642,2026-08-03,S02,P102,8,45.0,0.0,0,C0120,UPI,19
T105643,2026-08-03,S02,P102,6,45.0,0.0,0,C0136,Cash,13
T105644,2026-08-03,S02,P102,9,45.0,0.0,0,C0936,UPI,19
T105645,2026-08-03,S02,P103,8,95.0,0.0,0,C0522,Cash,19
T105646,2026-08-03,S02,P103,4,95.0,0.0,0,C0196,Cash,9
T105647,2026-08-03,S02,P104,7,145.0,0.0,0,C0488,UPI,10
T105648,2026-08-03,S02,P104,4,145.0,0.0,0,C0931,Card,19
T105649,2026-08-03,S02,P201,5,120.0,0.0,0,C0203,UPI,18
T105650,2026-08-03,S02,P201,6,120.0,0.0,0,C1185,Card,20
T105651,2026-08-03,S02,P202,6,42.0,0.0,0,C0450,Card,11
T105652,2026-08-03,S02,P202,6,42.0,0.0,0,C0086,UPI,21
T105653,2026-08-03,S02,P202,10,42.0,0.0,0,C0739,UPI,16
T105654,2026-08-03,S02,P202,4,42.0,0.0,0,C0752,UPI,9
T105655,2026-08-03,S02,P203,7,95.0,0.0,0,C0914,UPI,21
T105656,2026-08-03,S02,P203,6,95.0,0.0,0,C0048,Card,13
T105657,2026-08-03,S02,P203,5,95.0,0.0,0,C0607,UPI,11
T105658,2026-08-03,S02,P204,5,165.0,0.0,0,C0569,UPI,13
T105659,2026-08-03,S02,P204,5,165.0,0.0,0,C0328,UPI,10
T105660,2026-08-03,S02,P301,6,50.0,0.0,0,C0249,Cash,8
T105661,2026-08-03,S02,P301,6,50.0,0.0,0,C0926,UPI,9
T105662,2026-08-03,S02,P301,11,50.0,0.0,0,C0668,UPI,19
T105663,2026-08-03,S02,P301,7,50.0,0.0,0,C0943,Card,9
T105664,2026-08-03,S02,P302,8,72.25,15.0,1,C0688,Cash,8
T105665,2026-08-03,S02,P302,5,76.5,10.0,1,C0297,UPI,10
T105666,2026-08-03,S02,P302,4,85.0,0.0,1,C0909,UPI,20
T105667,2026-08-03,S02,P303,4,110.0,0.0,1,C1198,Card,17
T105668,2026-08-03,S02,P303,6,99.0,10.0,1,C0940,Card,8
T105669,2026-08-03,S02,P304,15,25.0,0.0,0,C0195,UPI,8
T105670,2026-08-03,S02,P304,10,25.0,0.0,0,C0024,UPI,11
T105671,2026-08-03,S02,P304,6,25.0,0.0,0,C0631,UPI,16
T105672,2026-08-03,S02,P304,15,25.0,0.0,0,C0386,UPI,13
T105673,2026-08-03,S02,P401,8,29.75,15.0,1,C0684,UPI,9
T105674,2026-08-03,S02,P401,7,31.5,10.0,1,C0154,Cash,18
T105675,2026-08-03,S02,P401,9,35.0,0.0,1,C0171,Cash,8
T105676,2026-08-03,S02,P401,5,35.0,0.0,1,C0702,Cash,9
T105677,2026-08-03,S02,P402,10,30.0,0.0,0,C0345,Card,21
T105678,2026-08-03,S02,P402,12,30.0,0.0,0,C0514,Card,21
T105679,2026-08-03,S02,P402,11,30.0,0.0,0,C0604,Cash,10
T105680,2026-08-03,S02,P402,7,30.0,0.0,0,C0670,Card,11
T105681,2026-08-03,S02,P403,6,55.0,0.0,0,C0414,Card,16
T105682,2026-08-03,S02,P403,8,55.0,0.0,0,C0924,UPI,8
T105683,2026-08-03,S02,P403,5,55.0,0.0,0,C1091,Cash,8
T105684,2026-08-03,S02,P403,8,55.0,0.0,0,C0631,UPI,10
T105685,2026-08-03,S02,P501,10,210.0,0.0,0,C0813,Card,17
T105686,2026-08-03,S02,P501,5,210.0,0.0,0,C0952,Cash,19
T105687,2026-08-03,S02,P502,8,145.0,0.0,0,C1094,UPI,9
T105688,2026-08-03,S02,P503,5,95.0,0.0,0,C0901,UPI,17
T105689,2026-08-03,S02,P503,4,95.0,0.0,0,C0271,UPI,19
T105690,2026-08-03,S02,P601,5,80.0,0.0,0,C0456,Card,17
T105691,2026-08-03,S02,P601,8,80.0,0.0,0,C0868,UPI,12
T105692,2026-08-03,S03,P101,6,60.0,0.0,0,C0100,UPI,8
T105693,2026-08-03,S03,P101,8,60.0,0.0,0,C1179,Card,17
T105694,2026-08-03,S03,P102,7,45.0,0.0,0,C0720,UPI,20
T105695,2026-08-03,S03,P103,6,95.0,0.0,0,C0877,Card,13
T105696,2026-08-03,S03,P104,1,145.0,0.0,0,C0696,Card,13
T105697,2026-08-03,S03,P201,2,120.0,0.0,0,C0131,Card,20
T105698,2026-08-03,S03,P202,6,42.0,0.0,0,C0577,Card,19
T105699,2026-08-03,S03,P202,10,42.0,0.0,0,C0040,UPI,21
T105700,2026-08-03,S03,P203,4,95.0,0.0,0,C0995,UPI,8
T105701,2026-08-03,S03,P204,2,165.0,0.0,0,C0697,UPI,9
T105702,2026-08-03,S03,P301,6,50.0,0.0,0,C0249,UPI,9
T105703,2026-08-03,S03,P301,8,50.0,0.0,0,C0628,UPI,13
T105704,2026-08-03,S03,P301,4,50.0,0.0,0,C1151,Cash,8
T105705,2026-08-03,S03,P302,6,85.0,0.0,0,C0347,UPI,19
T105706,2026-08-03,S03,P302,4,85.0,0.0,0,C1117,Cash,20
T105707,2026-08-03,S03,P303,7,110.0,0.0,1,C0018,UPI,9
T105708,2026-08-03,S03,P304,9,25.0,0.0,0,C0980,UPI,11
T105709,2026-08-03,S03,P304,4,25.0,0.0,0,C0884,Card,12
T105710,2026-08-03,S03,P304,8,25.0,0.0,0,C0528,Card,21
T105711,2026-08-03,S03,P401,5,35.0,0.0,0,C0781,UPI,17
T105712,2026-08-03,S03,P401,8,35.0,0.0,0,C0457,Card,17
T105713,2026-08-03,S03,P401,10,35.0,0.0,0,C0204,Card,21
T105714,2026-08-03,S03,P402,5,30.0,0.0,0,C0005,Cash,21
T105715,2026-08-03,S03,P402,5,30.0,0.0,0,C0145,Card,21
T105716,2026-08-03,S03,P403,8,55.0,0.0,0,C0964,UPI,12
T105717,2026-08-03,S03,P403,5,55.0,0.0,0,C0108,Cash,19
T105718,2026-08-03,S03,P501,3,210.0,0.0,0,C0955,UPI,19
T105719,2026-08-03,S03,P502,5,145.0,0.0,0,C0388,UPI,11
T105720,2026-08-03,S03,P503,5,95.0,0.0,0,C0557,Card,20
T105721,2026-08-03,S03,P601,4,80.0,0.0,0,C0533,Card,17
T105722,2026-08-03,S03,P601,8,80.0,0.0,0,C0381,Card,17
T105723,2026-08-03,S04,P101,6,60.0,0.0,0,C0218,UPI,19
T105724,2026-08-03,S04,P101,11,60.0,0.0,0,C0768,UPI,9
T105725,2026-08-03,S04,P101,6,60.0,0.0,0,C0077,Card,11
T105726,2026-08-03,S04,P102,6,45.0,0.0,0,C0504,Card,13
T105727,2026-08-03,S04,P102,6,45.0,0.0,0,C0288,UPI,8
T105728,2026-08-03,S04,P103,5,95.0,0.0,0,C0010,UPI,8
T105729,2026-08-03,S04,P104,7,145.0,0.0,0,C0433,UPI,18
T105730,2026-08-03,S04,P201,8,120.0,0.0,0,C0538,Card,19
T105731,2026-08-03,S04,P202,4,42.0,0.0,0,C0657,Card,8
T105732,2026-08-03,S04,P202,7,42.0,0.0,0,C0374,Card,18
T105733,2026-08-03,S04,P202,6,42.0,0.0,0,C1011,Card,21
T105734,2026-08-03,S04,P203,5,95.0,0.0,0,C0143,Cash,21
T105735,2026-08-03,S04,P203,7,95.0,0.0,0,C0276,Card,12
T105736,2026-08-03,S04,P204,3,165.0,0.0,0,C0265,UPI,19
T105737,2026-08-03,S04,P301,4,50.0,0.0,0,C0164,UPI,20
T105738,2026-08-03,S04,P301,7,50.0,0.0,0,C0511,UPI,19
T105739,2026-08-03,S04,P302,6,85.0,0.0,0,C0259,UPI,13
T105740,2026-08-03,S04,P302,5,85.0,0.0,0,C0766,UPI,9
T105741,2026-08-03,S04,P303,6,110.0,0.0,1,C1173,Card,10
T105742,2026-08-03,S04,P304,9,25.0,0.0,0,C0896,Card,10
T105743,2026-08-03,S04,P304,7,25.0,0.0,0,C0782,UPI,19
T105744,2026-08-03,S04,P304,4,25.0,0.0,0,C0241,UPI,11
T105745,2026-08-03,S04,P304,8,25.0,0.0,0,C1160,UPI,18
T105746,2026-08-03,S04,P401,5,35.0,0.0,1,C0974,Card,20
T105747,2026-08-03,S04,P401,8,31.5,10.0,1,C0465,Card,17
T105748,2026-08-03,S04,P401,5,31.5,10.0,1,C0978,Card,17
T105749,2026-08-03,S04,P401,11,35.0,0.0,1,C0811,UPI,9
T105750,2026-08-03,S04,P402,5,30.0,0.0,0,C0569,Card,19
T105751,2026-08-03,S04,P402,5,30.0,0.0,0,C0711,UPI,18
T105752,2026-08-03,S04,P402,8,30.0,0.0,0,C0027,Card,17
T105753,2026-08-03,S04,P402,7,30.0,0.0,0,C0504,UPI,13
T105754,2026-08-03,S04,P403,5,55.0,0.0,0,C0850,Cash,11
T105755,2026-08-03,S04,P403,5,55.0,0.0,0,C0287,UPI,8
T105756,2026-08-03,S04,P501,6,210.0,0.0,0,C0657,UPI,20
T105757,2026-08-03,S04,P502,6,145.0,0.0,0,C0735,UPI,11
T105758,2026-08-03,S04,P503,4,95.0,0.0,0,C1069,Cash,18
T105759,2026-08-03,S04,P503,7,95.0,0.0,0,C1017,UPI,13
T105760,2026-08-03,S04,P601,4,80.0,0.0,0,C0379,UPI,19
T105761,2026-08-03,S04,P601,6,80.0,0.0,0,C0771,Card,18
T105762,2026-08-04,S01,P101,7,60.0,0.0,0,C1093,Cash,10
T105763,2026-08-04,S01,P101,6,60.0,0.0,0,C0603,UPI,10
T105764,2026-08-04,S01,P101,5,60.0,0.0,0,C0803,Card,8
T105765,2026-08-04,S01,P102,8,45.0,0.0,0,C0055,UPI,21
T105766,2026-08-04,S01,P102,5,45.0,0.0,0,C0997,Card,16
T105767,2026-08-04,S01,P103,7,95.0,0.0,0,C0208,Card,13
T105768,2026-08-04,S01,P104,6,145.0,0.0,0,C0716,Card,12
T105769,2026-08-04,S01,P201,1,120.0,0.0,0,C0774,Card,21
T105770,2026-08-04,S01,P202,10,42.0,0.0,0,C0157,UPI,12
T105771,2026-08-04,S01,P202,6,42.0,0.0,0,C0918,Cash,19
T105772,2026-08-04,S01,P203,7,95.0,0.0,0,C0862,Card,11
T105773,2026-08-04,S01,P204,3,165.0,0.0,0,C0108,Cash,11
T105774,2026-08-04,S01,P204,8,165.0,0.0,0,C0307,Card,13
T105775,2026-08-04,S01,P301,6,50.0,0.0,0,C0496,Card,16
T105776,2026-08-04,S01,P301,10,50.0,0.0,0,C0852,Card,11
T105777,2026-08-04,S01,P301,6,50.0,0.0,0,C0507,Card,16
T105778,2026-08-04,S01,P302,5,85.0,0.0,0,C0302,UPI,21
T105779,2026-08-04,S01,P302,10,85.0,0.0,0,C0908,UPI,10
T105780,2026-08-04,S01,P303,4,110.0,0.0,0,C0756,Card,9
T105781,2026-08-04,S01,P304,7,22.5,10.0,1,C0236,Card,11
T105782,2026-08-04,S01,P304,5,25.0,0.0,1,C0088,Cash,11
T105783,2026-08-04,S01,P304,7,25.0,0.0,1,C0427,UPI,16
T105784,2026-08-04,S01,P401,11,35.0,0.0,0,C0594,UPI,19
T105785,2026-08-04,S01,P401,9,35.0,0.0,0,C0802,UPI,16
T105786,2026-08-04,S01,P401,4,35.0,0.0,0,C0762,UPI,17
T105787,2026-08-04,S01,P402,5,30.0,0.0,1,C0479,Cash,11
T105788,2026-08-04,S01,P402,7,28.5,5.0,1,C0584,UPI,18
T105789,2026-08-04,S01,P402,9,28.5,5.0,1,C0039,UPI,12
T105790,2026-08-04,S01,P402,6,30.0,0.0,1,C0510,Card,13
T105791,2026-08-04,S01,P403,7,55.0,0.0,0,C0723,Card,19
T105792,2026-08-04,S01,P403,9,55.0,0.0,0,C1001,Cash,16
T105793,2026-08-04,S01,P501,4,210.0,0.0,0,C0025,Card,19
T105794,2026-08-04,S01,P501,9,210.0,0.0,0,C0497,UPI,17
T105795,2026-08-04,S01,P502,6,145.0,0.0,0,C0804,UPI,13
T105796,2026-08-04,S01,P503,7,95.0,0.0,0,C0028,Cash,9
T105797,2026-08-04,S01,P503,4,95.0,0.0,0,C0108,UPI,10
T105798,2026-08-04,S01,P601,5,80.0,0.0,0,C0607,Cash,12
T105799,2026-08-04,S02,P101,6,60.0,0.0,0,C0870,UPI,8
T105800,2026-08-04,S02,P101,8,60.0,0.0,0,C0177,Card,20
T105801,2026-08-04,S02,P101,9,60.0,0.0,0,C0511,UPI,16
T105802,2026-08-04,S02,P101,13,60.0,0.0,0,C0489,UPI,17
T105803,2026-08-04,S02,P102,4,45.0,0.0,0,C0688,UPI,13
T105804,2026-08-04,S02,P102,7,45.0,0.0,0,C0578,Card,18
T105805,2026-08-04,S02,P102,12,45.0,0.0,0,C1045,Cash,10
T105806,2026-08-04,S02,P102,5,45.0,0.0,0,C0559,Cash,9
T105807,2026-08-04,S02,P103,7,95.0,0.0,0,C0070,UPI,21
T105808,2026-08-04,S02,P104,6,145.0,0.0,0,C0108,Card,11
T105809,2026-08-04,S02,P201,7,120.0,0.0,0,C0562,Card,21
T105810,2026-08-04,S02,P202,9,42.0,0.0,0,C0330,UPI,13
T105811,2026-08-04,S02,P202,7,42.0,0.0,0,C0201,UPI,21
T105812,2026-08-04,S02,P203,6,90.25,5.0,1,C1040,Card,13
T105813,2026-08-04,S02,P203,8,90.25,5.0,1,C0258,UPI,13
T105814,2026-08-04,S02,P204,7,165.0,0.0,0,C0707,Card,20
T105815,2026-08-04,S02,P204,3,165.0,0.0,0,C0494,UPI,16
T105816,2026-08-04,S02,P301,7,50.0,0.0,0,C0010,Card,16
T105817,2026-08-04,S02,P301,8,50.0,0.0,0,C1039,Cash,16
T105818,2026-08-04,S02,P301,4,50.0,0.0,0,C0878,Card,19
T105819,2026-08-04,S02,P302,7,85.0,0.0,0,C0760,UPI,12
T105820,2026-08-04,S02,P302,9,85.0,0.0,0,C0070,UPI,10
T105821,2026-08-04,S02,P303,8,110.0,0.0,0,C0607,Cash,13
T105822,2026-08-04,S02,P304,9,25.0,0.0,0,C0080,Cash,21
T105823,2026-08-04,S02,P304,12,25.0,0.0,0,C0261,UPI,11
T105824,2026-08-04,S02,P304,11,25.0,0.0,0,C1071,UPI,21
T105825,2026-08-04,S02,P304,12,25.0,0.0,0,C0599,UPI,10
T105826,2026-08-04,S02,P401,7,35.0,0.0,0,C0064,UPI,16
T105827,2026-08-04,S02,P401,14,35.0,0.0,0,C0277,UPI,13
T105828,2026-08-04,S02,P401,9,35.0,0.0,0,C0098,UPI,19
T105829,2026-08-04,S02,P401,16,35.0,0.0,0,C0433,Card,21
T105830,2026-08-04,S02,P402,5,30.0,0.0,0,C0301,UPI,8
T105831,2026-08-04,S02,P402,8,30.0,0.0,0,C0188,UPI,11
T105832,2026-08-04,S02,P402,6,30.0,0.0,0,C1151,Card,20
T105833,2026-08-04,S02,P402,11,30.0,0.0,0,C0344,Cash,9
T105834,2026-08-04,S02,P403,6,52.25,5.0,1,C0110,Card,20
T105835,2026-08-04,S02,P403,10,55.0,0.0,1,C0265,Card,20
T105836,2026-08-04,S02,P501,11,210.0,0.0,0,C0691,Cash,18
T105837,2026-08-04,S02,P501,5,210.0,0.0,0,C1123,UPI,16
T105838,2026-08-04,S02,P502,7,145.0,0.0,0,C0270,UPI,20
T105839,2026-08-04,S02,P502,3,145.0,0.0,0,C0128,Card,11
T105840,2026-08-04,S02,P503,5,95.0,0.0,0,C0451,UPI,12
T105841,2026-08-04,S02,P503,7,95.0,0.0,0,C0994,Card,12
T105842,2026-08-04,S02,P601,8,80.0,0.0,0,C0343,UPI,10
T105843,2026-08-04,S02,P601,6,80.0,0.0,0,C0940,Cash,12
T105844,2026-08-04,S02,P601,9,80.0,0.0,0,C0162,Card,10
T105845,2026-08-04,S03,P101,8,60.0,0.0,0,C0309,Card,16
T105846,2026-08-04,S03,P101,5,60.0,0.0,0,C0569,Card,13
T105847,2026-08-04,S03,P101,7,60.0,0.0,0,C0973,UPI,10
T105848,2026-08-04,S03,P102,5,45.0,0.0,0,C0813,UPI,19
T105849,2026-08-04,S03,P103,5,95.0,0.0,0,C0274,Cash,9
T105850,2026-08-04,S03,P103,5,95.0,0.0,0,C1007,UPI,10
T105851,2026-08-04,S03,P104,3,145.0,0.0,0,C0164,UPI,16
T105852,2026-08-04,S03,P201,7,120.0,0.0,0,C0720,Cash,18
T105853,2026-08-04,S03,P202,8,42.0,0.0,0,C1173,Card,11
T105854,2026-08-04,S03,P202,5,42.0,0.0,0,C1143,Cash,19
T105855,2026-08-04,S03,P203,7,95.0,0.0,0,C0391,UPI,17
T105856,2026-08-04,S03,P204,5,165.0,0.0,0,C0413,Card,20
T105857,2026-08-04,S03,P301,6,50.0,0.0,0,C0762,UPI,8
T105858,2026-08-04,S03,P301,5,50.0,0.0,0,C0420,Card,9
T105859,2026-08-04,S03,P302,4,85.0,0.0,0,C0106,Card,8
T105860,2026-08-04,S03,P302,5,85.0,0.0,0,C1017,UPI,19
T105861,2026-08-04,S03,P303,5,110.0,0.0,0,C0132,UPI,8
T105862,2026-08-04,S03,P304,8,25.0,0.0,0,C0849,Card,10
T105863,2026-08-04,S03,P304,8,25.0,0.0,0,C0880,UPI,16
T105864,2026-08-04,S03,P401,9,35.0,0.0,0,C0292,Card,9
T105865,2026-08-04,S03,P401,6,35.0,0.0,0,C0953,Cash,12
T105866,2026-08-04,S03,P401,4,35.0,0.0,0,C0624,UPI,11
T105867,2026-08-04,S03,P401,7,35.0,0.0,0,C0442,Cash,19
T105868,2026-08-04,S03,P402,9,30.0,0.0,0,C0483,UPI,9
T105869,2026-08-04,S03,P402,5,30.0,0.0,0,C1019,UPI,8
T105870,2026-08-04,S03,P403,7,55.0,0.0,0,C0340,Cash,13
T105871,2026-08-04,S03,P403,8,55.0,0.0,0,C1099,Card,21
T105872,2026-08-04,S03,P403,4,55.0,0.0,0,C0733,UPI,12
T105873,2026-08-04,S03,P501,8,210.0,0.0,0,C0149,UPI,11
T105874,2026-08-04,S03,P502,5,145.0,0.0,0,C0159,Cash,19
T105875,2026-08-04,S03,P503,7,95.0,0.0,0,C0324,Cash,12
T105876,2026-08-04,S03,P601,8,80.0,0.0,0,C0393,UPI,20
T105877,2026-08-04,S04,P101,6,60.0,0.0,0,C0053,UPI,10
T105878,2026-08-04,S04,P101,5,60.0,0.0,0,C0437,Cash,13
T105879,2026-08-04,S04,P102,6,45.0,0.0,0,C0522,UPI,8
T105880,2026-08-04,S04,P102,3,45.0,0.0,0,C0878,UPI,16
T105881,2026-08-04,S04,P103,5,95.0,0.0,0,C0522,Card,8
T105882,2026-08-04,S04,P104,7,145.0,0.0,0,C0127,Card,8
T105883,2026-08-04,S04,P201,4,120.0,0.0,0,C0265,Card,13
T105884,2026-08-04,S04,P202,4,42.0,0.0,0,C0011,Card,19
T105885,2026-08-04,S04,P202,8,42.0,0.0,0,C1029,UPI,11
T105886,2026-08-04,S04,P203,5,95.0,0.0,0,C0095,Card,17
T105887,2026-08-04,S04,P203,4,95.0,0.0,0,C0930,UPI,10
T105888,2026-08-04,S04,P204,5,165.0,0.0,0,C1045,UPI,16
T105889,2026-08-04,S04,P301,4,50.0,0.0,0,C0510,UPI,18
T105890,2026-08-04,S04,P301,9,50.0,0.0,0,C0668,Card,19
T105891,2026-08-04,S04,P301,6,50.0,0.0,0,C0139,Card,17
T105892,2026-08-04,S04,P302,5,85.0,0.0,0,C0185,Card,19
T105893,2026-08-04,S04,P302,5,85.0,0.0,0,C0743,UPI,8
T105894,2026-08-04,S04,P303,6,104.5,5.0,1,C0513,UPI,19
T105895,2026-08-04,S04,P304,11,25.0,0.0,1,C0742,Card,21
T105896,2026-08-04,S04,P304,7,25.0,0.0,1,C0686,Cash,11
T105897,2026-08-04,S04,P304,4,25.0,0.0,1,C0599,Card,21
T105898,2026-08-04,S04,P304,9,21.25,15.0,1,C0772,UPI,16
T105899,2026-08-04,S04,P401,8,35.0,0.0,0,C1166,Card,17
T105900,2026-08-04,S04,P402,10,30.0,0.0,0,C0120,UPI,20
T105901,2026-08-04,S04,P402,9,30.0,0.0,0,C0124,Cash,10
T105902,2026-08-04,S04,P402,5,30.0,0.0,0,C0945,UPI,13
T105903,2026-08-04,S04,P402,6,30.0,0.0,0,C0147,Card,8
T105904,2026-08-04,S04,P403,5,55.0,0.0,0,C1173,UPI,11
T105905,2026-08-04,S04,P403,7,55.0,0.0,0,C1108,Cash,18
T105906,2026-08-04,S04,P501,3,210.0,0.0,0,C0024,UPI,18
T105907,2026-08-04,S04,P502,6,145.0,0.0,0,C0035,UPI,11
T105908,2026-08-04,S04,P503,7,95.0,0.0,0,C1128,Card,9
T105909,2026-08-04,S04,P601,3,76.0,5.0,1,C0376,Cash,8
T105910,2026-08-04,S04,P601,6,80.0,0.0,1,C0530,UPI,11
T105911,2026-08-05,S01,P101,9,60.0,0.0,0,C0896,UPI,20
T105912,2026-08-05,S01,P101,9,60.0,0.0,0,C0724,UPI,11
T105913,2026-08-05,S01,P101,6,60.0,0.0,0,C0604,UPI,17
T105914,2026-08-05,S01,P101,5,60.0,0.0,0,C0996,Card,19
T105915,2026-08-05,S01,P102,4,45.0,0.0,0,C0757,Card,10
T105916,2026-08-05,S01,P102,8,45.0,0.0,0,C0354,Card,19
T105917,2026-08-05,S01,P103,8,95.0,0.0,0,C0852,Card,13
T105918,2026-08-05,S01,P104,4,145.0,0.0,0,C0193,Card,19
T105919,2026-08-05,S01,P201,3,120.0,0.0,0,C0199,Card,21
T105920,2026-08-05,S01,P201,6,120.0,0.0,0,C0904,Cash,12
T105921,2026-08-05,S01,P202,10,42.0,0.0,0,C0883,UPI,16
T105922,2026-08-05,S01,P202,5,42.0,0.0,0,C0924,UPI,11
T105923,2026-08-05,S01,P202,8,42.0,0.0,0,C0924,UPI,11
T105924,2026-08-05,S01,P203,3,95.0,0.0,0,C1084,UPI,19
T105925,2026-08-05,S01,P203,7,95.0,0.0,0,C1163,UPI,11
T105926,2026-08-05,S01,P204,5,165.0,0.0,0,C0048,Card,10
T105927,2026-08-05,S01,P204,4,165.0,0.0,0,C0999,UPI,21
T105928,2026-08-05,S01,P301,8,50.0,0.0,0,C0387,UPI,17
T105929,2026-08-05,S01,P301,4,50.0,0.0,0,C0044,Cash,9
T105930,2026-08-05,S01,P301,4,50.0,0.0,0,C1007,UPI,9
T105931,2026-08-05,S01,P301,9,50.0,0.0,0,C0105,Cash,9
T105932,2026-08-05,S01,P302,9,85.0,0.0,0,C0057,Card,16
T105933,2026-08-05,S01,P302,7,85.0,0.0,0,C0617,Cash,20
T105934,2026-08-05,S01,P303,7,110.0,0.0,0,C0419,Card,19
T105935,2026-08-05,S01,P304,11,25.0,0.0,0,C0745,Card,17
T105936,2026-08-05,S01,P304,8,25.0,0.0,0,C0997,UPI,17
T105937,2026-08-05,S01,P304,9,25.0,0.0,0,C1036,Cash,11
T105938,2026-08-05,S01,P304,9,25.0,0.0,0,C0769,Card,17
T105939,2026-08-05,S01,P401,6,35.0,0.0,0,C1133,UPI,21
T105940,2026-08-05,S01,P401,5,35.0,0.0,0,C0149,Card,19
T105941,2026-08-05,S01,P401,10,35.0,0.0,0,C0394,Card,11
T105942,2026-08-05,S01,P401,4,35.0,0.0,0,C0520,UPI,20
T105943,2026-08-05,S01,P402,13,30.0,0.0,1,C0186,Card,19
T105944,2026-08-05,S01,P402,11,30.0,0.0,1,C0535,UPI,17
T105945,2026-08-05,S01,P402,10,30.0,0.0,1,C0293,Cash,16
T105946,2026-08-05,S01,P402,10,27.0,10.0,1,C0168,UPI,10
T105947,2026-08-05,S01,P403,7,55.0,0.0,1,C0083,Cash,12
T105948,2026-08-05,S01,P403,9,49.5,10.0,1,C0079,UPI,18
T105949,2026-08-05,S01,P403,4,55.0,0.0,1,C0756,Card,16
T105950,2026-08-05,S01,P501,4,210.0,0.0,0,C0525,Card,8
T105951,2026-08-05,S01,P501,6,210.0,0.0,0,C0934,Card,9
T105952,2026-08-05,S01,P502,7,145.0,0.0,0,C0252,Card,17
T105953,2026-08-05,S01,P502,3,145.0,0.0,0,C0203,UPI,17
T105954,2026-08-05,S01,P503,9,95.0,0.0,0,C0340,UPI,17
T105955,2026-08-05,S01,P503,7,95.0,0.0,0,C0813,Card,13
T105956,2026-08-05,S01,P601,4,80.0,0.0,0,C0175,UPI,11
T105957,2026-08-05,S01,P601,8,80.0,0.0,0,C0442,Card,21
T105958,2026-08-05,S01,P601,6,80.0,0.0,0,C0981,Card,12
T105959,2026-08-05,S02,P101,7,60.0,0.0,0,C0815,Card,16
T105960,2026-08-05,S02,P101,7,60.0,0.0,0,C0439,Card,18
T105961,2026-08-05,S02,P101,10,60.0,0.0,0,C0611,UPI,16
T105962,2026-08-05,S02,P101,14,60.0,0.0,0,C0340,Cash,13
T105963,2026-08-05,S02,P102,5,45.0,0.0,0,C0779,Cash,21
T105964,2026-08-05,S02,P102,7,45.0,0.0,0,C0107,UPI,17
T105965,2026-08-05,S02,P102,11,45.0,0.0,0,C0392,Card,19
T105966,2026-08-05,S02,P103,8,85.5,10.0,1,C0074,Card,21
T105967,2026-08-05,S02,P103,7,95.0,0.0,1,C0315,UPI,13
T105968,2026-08-05,S02,P104,4,145.0,0.0,0,C0387,Card,20
T105969,2026-08-05,S02,P201,5,120.0,0.0,0,C0960,UPI,10
T105970,2026-08-05,S02,P202,6,42.0,0.0,0,C0736,UPI,19
T105971,2026-08-05,S02,P202,4,42.0,0.0,0,C0952,UPI,20
T105972,2026-08-05,S02,P202,7,42.0,0.0,0,C1009,UPI,9
T105973,2026-08-05,S02,P203,6,95.0,0.0,0,C0251,UPI,17
T105974,2026-08-05,S02,P203,7,95.0,0.0,0,C0904,UPI,10
T105975,2026-08-05,S02,P204,1,165.0,0.0,1,C0714,UPI,19
T105976,2026-08-05,S02,P301,10,50.0,0.0,0,C0957,Card,21
T105977,2026-08-05,S02,P301,9,50.0,0.0,0,C0946,UPI,17
T105978,2026-08-05,S02,P301,8,50.0,0.0,0,C0708,UPI,12
T105979,2026-08-05,S02,P301,6,50.0,0.0,0,C0030,Cash,21
T105980,2026-08-05,S02,P302,6,85.0,0.0,0,C0049,UPI,21
T105981,2026-08-05,S02,P302,4,85.0,0.0,0,C0229,Card,19
T105982,2026-08-05,S02,P302,8,85.0,0.0,0,C0835,Card,8
T105983,2026-08-05,S02,P303,5,99.0,10.0,1,C0744,Card,11
T105984,2026-08-05,S02,P303,4,110.0,0.0,1,C0949,UPI,11
T105985,2026-08-05,S02,P304,5,25.0,0.0,1,C0653,Cash,10
T105986,2026-08-05,S02,P304,7,25.0,0.0,1,C0784,UPI,10
T105987,2026-08-05,S02,P304,13,25.0,0.0,1,C0541,Cash,10
T105988,2026-08-05,S02,P304,9,22.5,10.0,1,C0413,UPI,9
T105989,2026-08-05,S02,P401,5,31.5,10.0,1,C0481,Card,12
T105990,2026-08-05,S02,P401,8,31.5,10.0,1,C0354,UPI,20
T105991,2026-08-05,S02,P401,6,35.0,0.0,1,C0423,Card,11
T105992,2026-08-05,S02,P401,8,33.25,5.0,1,C0367,UPI,18
T105993,2026-08-05,S02,P402,10,30.0,0.0,0,C0350,Card,10
T105994,2026-08-05,S02,P402,12,30.0,0.0,0,C0113,UPI,9
T105995,2026-08-05,S02,P402,14,30.0,0.0,0,C1186,Cash,21
T105996,2026-08-05,S02,P402,6,30.0,0.0,0,C0144,UPI,17
T105997,2026-08-05,S02,P403,5,55.0,0.0,0,C0819,UPI,12
T105998,2026-08-05,S02,P403,10,55.0,0.0,0,C0897,Card,20
T105999,2026-08-05,S02,P403,4,55.0,0.0,0,C0219,UPI,19
T106000,2026-08-05,S02,P403,7,55.0,0.0,0,C0486,UPI,16
T106001,2026-08-05,S02,P501,7,210.0,0.0,0,C0347,Cash,10
T106002,2026-08-05,S02,P501,5,210.0,0.0,0,C0078,UPI,16
T106003,2026-08-05,S02,P501,7,210.0,0.0,0,C0012,Card,9
T106004,2026-08-05,S02,P502,8,145.0,0.0,0,C0164,Card,16
T106005,2026-08-05,S02,P503,5,95.0,0.0,0,C0246,Card,19
T106006,2026-08-05,S02,P503,5,95.0,0.0,0,C0669,Card,19
T106007,2026-08-05,S02,P601,9,80.0,0.0,0,C0748,Card,9
T106008,2026-08-05,S02,P601,6,80.0,0.0,0,C1098,Card,18
T106009,2026-08-05,S02,P601,5,80.0,0.0,0,C1103,UPI,8
T106010,2026-08-05,S03,P101,9,60.0,0.0,0,C0914,UPI,17
T106011,2026-08-05,S03,P101,4,60.0,0.0,0,C1139,UPI,20
T106012,2026-08-05,S03,P102,5,45.0,0.0,0,C1176,UPI,18
T106013,2026-08-05,S03,P102,4,45.0,0.0,0,C0491,Card,19
T106014,2026-08-05,S03,P103,8,95.0,0.0,0,C0347,UPI,17
T106015,2026-08-05,S03,P104,6,145.0,0.0,0,C0963,UPI,10
T106016,2026-08-05,S03,P201,4,120.0,0.0,0,C0835,UPI,13
T106017,2026-08-05,S03,P202,6,42.0,0.0,0,C0367,Card,12
T106018,2026-08-05,S03,P202,4,42.0,0.0,0,C0120,Card,20
T106019,2026-08-05,S03,P203,6,95.0,0.0,0,C1181,Card,21
T106020,2026-08-05,S03,P204,3,165.0,0.0,0,C0352,UPI,13
T106021,2026-08-05,S03,P301,10,50.0,0.0,1,C1194,UPI,12
T106022,2026-08-05,S03,P301,6,50.0,0.0,1,C0731,UPI,20
T106023,2026-08-05,S03,P302,4,85.0,0.0,0,C1101,Card,10
T106024,2026-08-05,S03,P302,6,85.0,0.0,0,C0118,UPI,20
T106025,2026-08-05,S03,P303,5,110.0,0.0,0,C0604,UPI,19
T106026,2026-08-05,S03,P304,9,25.0,0.0,0,C0953,UPI,8
T106027,2026-08-05,S03,P304,7,25.0,0.0,0,C0098,UPI,18
T106028,2026-08-05,S03,P401,6,35.0,0.0,0,C0258,Cash,9
T106029,2026-08-05,S03,P401,4,35.0,0.0,0,C0517,Card,11
T106030,2026-08-05,S03,P401,9,35.0,0.0,0,C0074,Card,13
T106031,2026-08-05,S03,P402,7,30.0,0.0,1,C1061,UPI,21
T106032,2026-08-05,S03,P402,8,28.5,5.0,1,C0914,Card,12
T106033,2026-08-05,S03,P402,4,28.5,5.0,1,C0707,UPI,8
T106034,2026-08-05,S03,P403,3,55.0,0.0,1,C0098,Cash,10
T106035,2026-08-05,S03,P403,6,55.0,0.0,1,C0618,Card,13
T106036,2026-08-05,S03,P501,7,210.0,0.0,1,C0395,Card,16
T106037,2026-08-05,S03,P502,7,145.0,0.0,0,C0343,UPI,18
T106038,2026-08-05,S03,P502,4,145.0,0.0,0,C1061,Cash,20
T106039,2026-08-05,S03,P503,4,85.5,10.0,1,C0953,UPI,9
T106040,2026-08-05,S03,P503,6,95.0,0.0,1,C0856,Card,16
T106041,2026-08-05,S03,P601,7,80.0,0.0,0,C0905,Card,10
T106042,2026-08-05,S04,P101,10,60.0,0.0,0,C1062,UPI,18
T106043,2026-08-05,S04,P101,8,60.0,0.0,0,C1173,Card,13
T106044,2026-08-05,S04,P101,6,60.0,0.0,0,C1164,Card,9
T106045,2026-08-05,S04,P102,7,45.0,0.0,0,C1033,Cash,16
T106046,2026-08-05,S04,P103,6,95.0,0.0,0,C0870,UPI,19
T106047,2026-08-05,S04,P103,8,95.0,0.0,0,C1072,UPI,17
T106048,2026-08-05,S04,P104,5,145.0,0.0,0,C0378,UPI,12
T106049,2026-08-05,S04,P201,6,120.0,0.0,0,C0446,UPI,13
T106050,2026-08-05,S04,P202,7,42.0,0.0,0,C1162,UPI,8
T106051,2026-08-05,S04,P202,8,42.0,0.0,0,C0193,Card,20
T106052,2026-08-05,S04,P202,5,42.0,0.0,0,C0221,UPI,19
T106053,2026-08-05,S04,P202,5,42.0,0.0,0,C1087,UPI,21
T106054,2026-08-05,S04,P203,6,80.75,15.0,1,C0503,Card,8
T106055,2026-08-05,S04,P204,1,165.0,0.0,0,C0026,UPI,18
T106056,2026-08-05,S04,P301,9,50.0,0.0,0,C0231,Cash,10
T106057,2026-08-05,S04,P301,4,50.0,0.0,0,C0890,Card,21
T106058,2026-08-05,S04,P301,7,50.0,0.0,0,C0857,UPI,12
T106059,2026-08-05,S04,P302,5,85.0,0.0,0,C0953,UPI,18
T106060,2026-08-05,S04,P303,4,110.0,0.0,0,C0914,UPI,17
T106061,2026-08-05,S04,P304,6,25.0,0.0,0,C0255,Card,17
T106062,2026-08-05,S04,P304,10,25.0,0.0,0,C0516,UPI,9
T106063,2026-08-05,S04,P304,7,25.0,0.0,0,C0036,Card,8
T106064,2026-08-05,S04,P401,7,35.0,0.0,0,C0758,Card,10
T106065,2026-08-05,S04,P401,9,35.0,0.0,0,C0798,UPI,18
T106066,2026-08-05,S04,P402,5,30.0,0.0,0,C0422,Card,19
T106067,2026-08-05,S04,P402,7,30.0,0.0,0,C0155,UPI,19
T106068,2026-08-05,S04,P402,11,30.0,0.0,0,C0584,Card,21
T106069,2026-08-05,S04,P403,7,49.5,10.0,1,C0364,UPI,10
T106070,2026-08-05,S04,P403,7,55.0,0.0,1,C0580,Card,19
T106071,2026-08-05,S04,P501,8,210.0,0.0,0,C0285,UPI,16
T106072,2026-08-05,S04,P501,3,210.0,0.0,0,C0258,Card,13
T106073,2026-08-05,S04,P502,7,145.0,0.0,0,C1093,Cash,18
T106074,2026-08-05,S04,P503,5,95.0,0.0,1,C0109,UPI,13
T106075,2026-08-05,S04,P503,9,85.5,10.0,1,C0132,UPI,20
T106076,2026-08-05,S04,P601,5,80.0,0.0,0,C0220,UPI,18
T106077,2026-08-05,S04,P601,7,80.0,0.0,0,C0153,UPI,11
T106078,2026-08-06,S01,P101,8,60.0,0.0,0,C0445,Cash,10
T106079,2026-08-06,S01,P101,6,60.0,0.0,0,C0637,Cash,18
T106080,2026-08-06,S01,P101,10,60.0,0.0,0,C0135,UPI,17
T106081,2026-08-06,S01,P102,7,45.0,0.0,0,C0122,Cash,9
T106082,2026-08-06,S01,P102,8,45.0,0.0,0,C0954,UPI,8
T106083,2026-08-06,S01,P102,6,45.0,0.0,0,C1063,UPI,13
T106084,2026-08-06,S01,P102,4,45.0,0.0,0,C0741,UPI,20
T106085,2026-08-06,S01,P103,8,95.0,0.0,0,C0345,UPI,16
T106086,2026-08-06,S01,P104,6,145.0,0.0,0,C0831,Cash,16
T106087,2026-08-06,S01,P104,3,145.0,0.0,0,C0479,UPI,9
T106088,2026-08-06,S01,P201,6,120.0,0.0,0,C0130,UPI,21
T106089,2026-08-06,S01,P202,7,42.0,0.0,0,C1007,Card,19
T106090,2026-08-06,S01,P202,8,42.0,0.0,0,C1105,UPI,9
T106091,2026-08-06,S01,P202,6,42.0,0.0,0,C0017,Cash,20
T106092,2026-08-06,S01,P203,6,95.0,0.0,0,C1014,Card,19
T106093,2026-08-06,S01,P204,5,165.0,0.0,0,C0207,UPI,13
T106094,2026-08-06,S01,P204,5,165.0,0.0,0,C0676,UPI,8
T106095,2026-08-06,S01,P301,8,47.5,5.0,1,C0638,Card,16
T106096,2026-08-06,S01,P301,5,50.0,0.0,1,C0285,Card,8
T106097,2026-08-06,S01,P302,7,85.0,0.0,0,C0803,UPI,16
T106098,2026-08-06,S01,P302,6,85.0,0.0,0,C1081,UPI,9
T106099,2026-08-06,S01,P303,6,110.0,0.0,0,C0281,Card,16
T106100,2026-08-06,S01,P304,16,25.0,0.0,0,C0113,Card,10
T106101,2026-08-06,S01,P304,14,25.0,0.0,0,C0724,UPI,12
T106102,2026-08-06,S01,P304,7,25.0,0.0,0,C0195,UPI,8
T106103,2026-08-06,S01,P304,10,25.0,0.0,0,C0310,Card,13
T106104,2026-08-06,S01,P401,9,31.5,10.0,1,C0534,Card,18
T106105,2026-08-06,S01,P401,6,31.5,10.0,1,C0855,Card,19
T106106,2026-08-06,S01,P401,6,35.0,0.0,1,C0742,Card,20
T106107,2026-08-06,S01,P402,11,30.0,0.0,0,C1069,Card,12
T106108,2026-08-06,S01,P402,8,30.0,0.0,0,C0565,UPI,19
T106109,2026-08-06,S01,P402,6,30.0,0.0,0,C0685,Card,11
T106110,2026-08-06,S01,P402,8,30.0,0.0,0,C0834,UPI,20
T106111,2026-08-06,S01,P403,7,55.0,0.0,1,C0044,UPI,20
T106112,2026-08-06,S01,P403,9,55.0,0.0,1,C0110,UPI,17
T106113,2026-08-06,S01,P501,6,210.0,0.0,0,C0744,UPI,8
T106114,2026-08-06,S01,P501,5,210.0,0.0,0,C0898,Card,18
T106115,2026-08-06,S01,P502,6,145.0,0.0,0,C1036,UPI,17
T106116,2026-08-06,S01,P503,8,95.0,0.0,0,C0769,UPI,20
T106117,2026-08-06,S01,P503,7,95.0,0.0,0,C0074,Card,19
T106118,2026-08-06,S01,P601,7,80.0,0.0,1,C0007,UPI,19
T106119,2026-08-06,S01,P601,7,72.0,10.0,1,C0932,Cash,12
T106120,2026-08-06,S02,P101,7,60.0,0.0,0,C0745,UPI,8
T106121,2026-08-06,S02,P101,9,60.0,0.0,0,C0093,Card,16
T106122,2026-08-06,S02,P101,10,60.0,0.0,0,C0753,Card,19
T106123,2026-08-06,S02,P101,11,60.0,0.0,0,C0728,UPI,20
T106124,2026-08-06,S02,P102,7,45.0,0.0,0,C0328,Card,11
T106125,2026-08-06,S02,P102,6,45.0,0.0,0,C1098,Card,19
T106126,2026-08-06,S02,P103,6,95.0,0.0,0,C0744,UPI,13
T106127,2026-08-06,S02,P103,5,95.0,0.0,0,C0174,UPI,20
T106128,2026-08-06,S02,P104,8,145.0,0.0,1,C0139,UPI,19
T106129,2026-08-06,S02,P201,6,120.0,0.0,0,C0637,UPI,17
T106130,2026-08-06,S02,P202,9,42.0,0.0,0,C0816,UPI,10
T106131,2026-08-06,S02,P202,5,42.0,0.0,0,C1157,UPI,10
T106132,2026-08-06,S02,P202,6,42.0,0.0,0,C0437,UPI,17
T106133,2026-08-06,S02,P202,7,42.0,0.0,0,C0576,UPI,8
T106134,2026-08-06,S02,P203,5,95.0,0.0,0,C0278,Card,8
T106135,2026-08-06,S02,P203,5,95.0,0.0,0,C1027,Card,17
T106136,2026-08-06,S02,P204,4,165.0,0.0,0,C0392,UPI,18
T106137,2026-08-06,S02,P301,9,50.0,0.0,0,C0387,Card,19
T106138,2026-08-06,S02,P301,8,50.0,0.0,0,C0004,UPI,20
T106139,2026-08-06,S02,P301,5,50.0,0.0,0,C0216,UPI,21
T106140,2026-08-06,S02,P301,6,50.0,0.0,0,C0704,Cash,10
T106141,2026-08-06,S02,P302,9,85.0,0.0,0,C0779,Cash,8
T106142,2026-08-06,S02,P302,6,85.0,0.0,0,C1186,UPI,19
T106143,2026-08-06,S02,P303,8,110.0,0.0,0,C1014,Card,21
T106144,2026-08-06,S02,P304,15,25.0,0.0,1,C0407,Cash,21
T106145,2026-08-06,S02,P304,10,25.0,0.0,1,C1103,UPI,13
T106146,2026-08-06,S02,P304,8,22.5,10.0,1,C0776,Card,21
T106147,2026-08-06,S02,P304,11,22.5,10.0,1,C1024,UPI,20
T106148,2026-08-06,S02,P401,8,35.0,0.0,0,C1069,UPI,17
T106149,2026-08-06,S02,P401,9,35.0,0.0,0,C0015,Card,20
T106150,2026-08-06,S02,P401,12,35.0,0.0,0,C0537,Card,16
T106151,2026-08-06,S02,P401,5,35.0,0.0,0,C0117,Card,11
T106152,2026-08-06,S02,P402,9,30.0,0.0,0,C0387,Cash,8
T106153,2026-08-06,S02,P402,17,30.0,0.0,0,C1094,Cash,12
T106154,2026-08-06,S02,P402,9,30.0,0.0,0,C0537,Card,16
T106155,2026-08-06,S02,P402,11,30.0,0.0,0,C0319,Card,11
T106156,2026-08-06,S02,P403,8,55.0,0.0,0,C0444,UPI,8
T106157,2026-08-06,S02,P403,5,55.0,0.0,0,C1100,UPI,20
T106158,2026-08-06,S02,P403,6,55.0,0.0,0,C0280,Card,17
T106159,2026-08-06,S02,P403,6,55.0,0.0,0,C0329,Card,19
T106160,2026-08-06,S02,P501,5,210.0,0.0,0,C0349,Cash,12
T106161,2026-08-06,S02,P501,7,210.0,0.0,0,C0316,Cash,8
T106162,2026-08-06,S02,P502,4,145.0,0.0,0,C0594,Card,20
T106163,2026-08-06,S02,P502,10,145.0,0.0,0,C0353,UPI,18
T106164,2026-08-06,S02,P503,9,95.0,0.0,0,C0258,Card,9
T106165,2026-08-06,S02,P503,8,95.0,0.0,0,C0185,Card,16
T106166,2026-08-06,S02,P503,6,95.0,0.0,0,C0049,Cash,8
T106167,2026-08-06,S02,P601,5,80.0,0.0,0,C0229,UPI,19
T106168,2026-08-06,S02,P601,6,80.0,0.0,0,C0234,UPI,8
T106169,2026-08-06,S03,P101,5,60.0,0.0,0,C0481,Card,18
T106170,2026-08-06,S03,P101,5,60.0,0.0,0,C0329,UPI,9
T106171,2026-08-06,S03,P102,6,45.0,0.0,0,C0819,UPI,9
T106172,2026-08-06,S03,P102,9,45.0,0.0,0,C0607,Card,8
T106173,2026-08-06,S03,P103,6,95.0,0.0,0,C0812,UPI,16
T106174,2026-08-06,S03,P104,3,145.0,0.0,0,C0866,Card,9
T106175,2026-08-06,S03,P201,6,120.0,0.0,0,C0271,Card,8
T106176,2026-08-06,S03,P202,5,42.0,0.0,0,C0572,Card,19
T106177,2026-08-06,S03,P202,10,42.0,0.0,0,C0545,Card,10
T106178,2026-08-06,S03,P203,1,95.0,0.0,0,C0851,Cash,10
T106179,2026-08-06,S03,P204,2,165.0,0.0,0,C0983,Cash,18
T106180,2026-08-06,S03,P301,7,50.0,0.0,0,C0105,Cash,16
T106181,2026-08-06,S03,P301,3,50.0,0.0,0,C0178,Cash,10
T106182,2026-08-06,S03,P302,6,80.75,5.0,1,C0648,UPI,12
T106183,2026-08-06,S03,P303,5,110.0,0.0,0,C0299,UPI,13
T106184,2026-08-06,S03,P303,4,110.0,0.0,0,C0748,UPI,17
T106185,2026-08-06,S03,P304,7,25.0,0.0,1,C0954,Card,13
T106186,2026-08-06,S03,P304,5,25.0,0.0,1,C0783,Card,12
T106187,2026-08-06,S03,P304,6,22.5,10.0,1,C0614,Card,9
T106188,2026-08-06,S03,P401,5,35.0,0.0,0,C0324,Cash,9
T106189,2026-08-06,S03,P401,7,35.0,0.0,0,C0899,Cash,11
T106190,2026-08-06,S03,P402,7,30.0,0.0,0,C0620,UPI,19
T106191,2026-08-06,S03,P402,9,30.0,0.0,0,C0166,UPI,13
T106192,2026-08-06,S03,P402,6,30.0,0.0,0,C0128,UPI,19
T106193,2026-08-06,S03,P403,3,55.0,0.0,0,C0526,UPI,19
T106194,2026-08-06,S03,P403,7,55.0,0.0,0,C0587,UPI,13
T106195,2026-08-06,S03,P501,5,210.0,0.0,0,C0674,Card,21
T106196,2026-08-06,S03,P501,4,210.0,0.0,0,C0911,Cash,12
T106197,2026-08-06,S03,P502,5,145.0,0.0,0,C0687,UPI,21
T106198,2026-08-06,S03,P503,7,95.0,0.0,0,C0288,Card,17
T106199,2026-08-06,S03,P601,7,80.0,0.0,0,C0717,UPI,19
T106200,2026-08-06,S03,P601,3,80.0,0.0,0,C0185,UPI,9
T106201,2026-08-06,S04,P101,5,60.0,0.0,1,C0675,Card,20
T106202,2026-08-06,S04,P101,9,57.0,5.0,1,C0954,UPI,12
T106203,2026-08-06,S04,P101,4,60.0,0.0,1,C0188,UPI,9
T106204,2026-08-06,S04,P102,5,45.0,0.0,0,C0227,UPI,9
T106205,2026-08-06,S04,P102,10,45.0,0.0,0,C0536,Card,11
T106206,2026-08-06,S04,P103,6,95.0,0.0,0,C0017,Card,10
T106207,2026-08-06,S04,P104,5,145.0,0.0,0,C0465,UPI,17
T106208,2026-08-06,S04,P201,2,120.0,0.0,0,C1026,Card,12
T106209,2026-08-06,S04,P202,4,35.7,15.0,1,C0362,Card,17
T106210,2026-08-06,S04,P202,6,42.0,0.0,1,C0021,UPI,13
T106211,2026-08-06,S04,P202,9,42.0,0.0,1,C0798,UPI,13
T106212,2026-08-06,S04,P203,6,95.0,0.0,1,C1138,Card,12
T106213,2026-08-06,S04,P204,7,165.0,0.0,0,C0152,Card,11
T106214,2026-08-06,S04,P204,3,165.0,0.0,0,C0713,UPI,21
T106215,2026-08-06,S04,P301,6,50.0,0.0,0,C0136,UPI,13
T106216,2026-08-06,S04,P301,8,50.0,0.0,0,C0108,UPI,12
T106217,2026-08-06,S04,P301,10,50.0,0.0,0,C0323,Card,13
T106218,2026-08-06,S04,P302,7,85.0,0.0,0,C0414,UPI,13
T106219,2026-08-06,S04,P302,9,85.0,0.0,0,C0656,Card,8
T106220,2026-08-06,S04,P303,2,110.0,0.0,0,C0377,UPI,12
T106221,2026-08-06,S04,P304,10,25.0,0.0,0,C0221,Cash,13
T106222,2026-08-06,S04,P304,5,25.0,0.0,0,C1109,UPI,20
T106223,2026-08-06,S04,P304,8,25.0,0.0,0,C0877,UPI,16
T106224,2026-08-06,S04,P304,9,25.0,0.0,0,C0384,UPI,17
T106225,2026-08-06,S04,P401,9,35.0,0.0,0,C0157,UPI,18
T106226,2026-08-06,S04,P401,5,35.0,0.0,0,C0877,Card,19
T106227,2026-08-06,S04,P401,9,35.0,0.0,0,C0308,Cash,13
T106228,2026-08-06,S04,P402,9,30.0,0.0,1,C0772,UPI,9
T106229,2026-08-06,S04,P402,9,27.0,10.0,1,C0946,UPI,8
T106230,2026-08-06,S04,P402,8,28.5,5.0,1,C0003,Cash,19
T106231,2026-08-06,S04,P402,4,30.0,0.0,1,C1080,Card,17
T106232,2026-08-06,S04,P403,5,55.0,0.0,0,C0521,UPI,13
T106233,2026-08-06,S04,P403,7,55.0,0.0,0,C1119,Card,10
T106234,2026-08-06,S04,P501,7,210.0,0.0,0,C0595,UPI,10
T106235,2026-08-06,S04,P502,5,145.0,0.0,0,C1179,Cash,16
T106236,2026-08-06,S04,P502,6,145.0,0.0,0,C0849,UPI,16
T106237,2026-08-06,S04,P503,8,95.0,0.0,0,C0890,Card,16
T106238,2026-08-06,S04,P601,8,80.0,0.0,0,C0696,UPI,11
T106239,2026-08-07,S01,P101,9,60.0,0.0,1,C0349,UPI,18
T106240,2026-08-07,S01,P101,6,57.0,5.0,1,C0959,UPI,19
T106241,2026-08-07,S01,P101,5,60.0,0.0,1,C0782,UPI,9
T106242,2026-08-07,S01,P102,4,45.0,0.0,0,C0397,UPI,16
T106243,2026-08-07,S01,P102,6,45.0,0.0,0,C0226,Card,10
T106244,2026-08-07,S01,P102,8,45.0,0.0,0,C0627,UPI,11
T106245,2026-08-07,S01,P103,8,95.0,0.0,0,C1162,UPI,10
T106246,2026-08-07,S01,P104,6,145.0,0.0,0,C0220,UPI,17
T106247,2026-08-07,S01,P201,4,120.0,0.0,0,C1004,UPI,12
T106248,2026-08-07,S01,P202,6,42.0,0.0,0,C0655,UPI,19
T106249,2026-08-07,S01,P202,6,42.0,0.0,0,C1127,Card,10
T106250,2026-08-07,S01,P202,7,42.0,0.0,0,C0813,Card,21
T106251,2026-08-07,S01,P203,7,95.0,0.0,0,C0957,UPI,20
T106252,2026-08-07,S01,P204,3,165.0,0.0,0,C0681,Cash,18
T106253,2026-08-07,S01,P301,10,50.0,0.0,0,C1063,Card,12
T106254,2026-08-07,S01,P301,5,50.0,0.0,0,C0099,Card,13
T106255,2026-08-07,S01,P302,11,85.0,0.0,0,C0738,Card,19
T106256,2026-08-07,S01,P302,5,85.0,0.0,0,C0490,UPI,11
T106257,2026-08-07,S01,P303,6,93.5,15.0,1,C0001,UPI,17
T106258,2026-08-07,S01,P304,10,25.0,0.0,0,C0419,Card,9
T106259,2026-08-07,S01,P304,6,25.0,0.0,0,C1122,UPI,20
T106260,2026-08-07,S01,P304,7,25.0,0.0,0,C0676,Card,20
T106261,2026-08-07,S01,P304,10,25.0,0.0,0,C0805,UPI,13
T106262,2026-08-07,S01,P401,8,35.0,0.0,1,C0284,UPI,11
T106263,2026-08-07,S01,P401,6,35.0,0.0,1,C1032,UPI,20
T106264,2026-08-07,S01,P401,6,31.5,10.0,1,C0496,Card,19
T106265,2026-08-07,S01,P402,5,30.0,0.0,0,C0223,Card,13
T106266,2026-08-07,S01,P402,8,30.0,0.0,0,C0106,UPI,8
T106267,2026-08-07,S01,P402,10,30.0,0.0,0,C0688,UPI,13
T106268,2026-08-07,S01,P402,7,30.0,0.0,0,C0265,Card,12
T106269,2026-08-07,S01,P403,4,55.0,0.0,0,C0699,Cash,8
T106270,2026-08-07,S01,P403,7,55.0,0.0,0,C0620,Card,19
T106271,2026-08-07,S01,P403,9,55.0,0.0,0,C0811,Card,17
T106272,2026-08-07,S01,P501,7,210.0,0.0,0,C0501,UPI,11
T106273,2026-08-07,S01,P501,9,210.0,0.0,0,C0008,UPI,12
T106274,2026-08-07,S01,P502,4,145.0,0.0,0,C1105,UPI,16
T106275,2026-08-07,S01,P503,8,95.0,0.0,0,C0924,Cash,20
T106276,2026-08-07,S01,P503,4,95.0,0.0,0,C0760,UPI,18
T106277,2026-08-07,S01,P601,6,72.0,10.0,1,C1110,UPI,16
T106278,2026-08-07,S02,P101,11,60.0,0.0,1,C0083,UPI,12
T106279,2026-08-07,S02,P101,8,51.0,15.0,1,C0414,Card,19
T106280,2026-08-07,S02,P101,7,60.0,0.0,1,C0527,UPI,12
T106281,2026-08-07,S02,P101,9,57.0,5.0,1,C0840,UPI,13
T106282,2026-08-07,S02,P102,7,45.0,0.0,0,C0243,Card,13
T106283,2026-08-07,S02,P102,10,45.0,0.0,0,C1069,UPI,19
T106284,2026-08-07,S02,P102,7,45.0,0.0,0,C0008,UPI,18
T106285,2026-08-07,S02,P102,6,45.0,0.0,0,C0834,UPI,16
T106286,2026-08-07,S02,P103,8,95.0,0.0,0,C0310,UPI,12
T106287,2026-08-07,S02,P104,6,145.0,0.0,0,C0156,UPI,9
T106288,2026-08-07,S02,P104,7,145.0,0.0,0,C1060,UPI,13
T106289,2026-08-07,S02,P201,5,120.0,0.0,0,C0523,UPI,16
T106290,2026-08-07,S02,P201,5,120.0,0.0,0,C0120,Cash,11
T106291,2026-08-07,S02,P202,9,42.0,0.0,0,C0719,Cash,18
T106292,2026-08-07,S02,P202,5,42.0,0.0,0,C0901,Card,20
T106293,2026-08-07,S02,P202,4,42.0,0.0,0,C1193,UPI,10
T106294,2026-08-07,S02,P202,8,42.0,0.0,0,C0363,Card,11
T106295,2026-08-07,S02,P203,5,95.0,0.0,0,C1119,UPI,8
T106296,2026-08-07,S02,P204,7,156.75,5.0,1,C0875,UPI,10
T106297,2026-08-07,S02,P301,10,45.0,10.0,1,C0878,Card,19
T106298,2026-08-07,S02,P301,6,47.5,5.0,1,C0606,UPI,8
T106299,2026-08-07,S02,P301,8,50.0,0.0,1,C0451,Card,12
T106300,2026-08-07,S02,P301,6,47.5,5.0,1,C0685,UPI,18
T106301,2026-08-07,S02,P302,6,85.0,0.0,0,C0479,Card,10
T106302,2026-08-07,S02,P302,9,85.0,0.0,0,C0670,Card,12
T106303,2026-08-07,S02,P302,6,85.0,0.0,0,C1126,Card,13
T106304,2026-08-07,S02,P303,7,104.5,5.0,1,C0651,Card,11
T106305,2026-08-07,S02,P304,8,25.0,0.0,0,C0272,Cash,16
T106306,2026-08-07,S02,P304,14,25.0,0.0,0,C0331,UPI,18
T106307,2026-08-07,S02,P304,10,25.0,0.0,0,C1124,UPI,11
T106308,2026-08-07,S02,P304,7,25.0,0.0,0,C1041,UPI,19
T106309,2026-08-07,S02,P401,11,35.0,0.0,0,C0615,UPI,13
T106310,2026-08-07,S02,P401,9,35.0,0.0,0,C0688,Cash,18
T106311,2026-08-07,S02,P401,5,35.0,0.0,0,C0012,Card,11
T106312,2026-08-07,S02,P401,11,35.0,0.0,0,C0230,UPI,16
T106313,2026-08-07,S02,P402,7,30.0,0.0,0,C0905,UPI,10
T106314,2026-08-07,S02,P402,8,30.0,0.0,0,C1178,UPI,17
T106315,2026-08-07,S02,P402,9,30.0,0.0,0,C0166,UPI,21
T106316,2026-08-07,S02,P402,11,30.0,0.0,0,C0401,Card,17
T106317,2026-08-07,S02,P403,10,55.0,0.0,0,C0834,UPI,21
T106318,2026-08-07,S02,P403,5,55.0,0.0,0,C0018,Card,9
T106319,2026-08-07,S02,P403,6,55.0,0.0,0,C0143,UPI,13
T106320,2026-08-07,S02,P501,9,210.0,0.0,0,C1091,UPI,21
T106321,2026-08-07,S02,P501,5,210.0,0.0,0,C0822,Card,13
T106322,2026-08-07,S02,P502,6,145.0,0.0,0,C0867,Card,8
T106323,2026-08-07,S02,P502,4,145.0,0.0,0,C0954,UPI,13
T106324,2026-08-07,S02,P503,7,95.0,0.0,0,C0785,Card,16
T106325,2026-08-07,S02,P503,5,95.0,0.0,0,C0279,UPI,19
T106326,2026-08-07,S02,P503,7,95.0,0.0,0,C0062,UPI,13
T106327,2026-08-07,S02,P601,5,80.0,0.0,0,C0795,Card,20
T106328,2026-08-07,S02,P601,6,80.0,0.0,0,C1109,UPI,21
T106329,2026-08-07,S02,P601,10,80.0,0.0,0,C0508,Card,11
T106330,2026-08-07,S03,P101,5,60.0,0.0,0,C0926,UPI,16
T106331,2026-08-07,S03,P101,4,60.0,0.0,0,C1054,Card,18
T106332,2026-08-07,S03,P102,7,45.0,0.0,0,C0854,UPI,11
T106333,2026-08-07,S03,P103,7,95.0,0.0,0,C0546,Card,16
T106334,2026-08-07,S03,P104,3,145.0,0.0,0,C0179,Cash,11
T106335,2026-08-07,S03,P201,3,120.0,0.0,1,C0737,Cash,20
T106336,2026-08-07,S03,P202,3,42.0,0.0,0,C0983,Card,19
T106337,2026-08-07,S03,P202,7,42.0,0.0,0,C0905,UPI,20
T106338,2026-08-07,S03,P203,8,95.0,0.0,0,C0138,UPI,21
T106339,2026-08-07,S03,P204,4,165.0,0.0,0,C0997,Cash,11
T106340,2026-08-07,S03,P301,7,50.0,0.0,0,C0870,UPI,10
T106341,2026-08-07,S03,P301,3,50.0,0.0,0,C1015,Card,10
T106342,2026-08-07,S03,P302,7,85.0,0.0,0,C0540,UPI,11
T106343,2026-08-07,S03,P303,4,110.0,0.0,1,C0651,UPI,12
T106344,2026-08-07,S03,P304,11,25.0,0.0,0,C0895,UPI,9
T106345,2026-08-07,S03,P304,9,25.0,0.0,0,C1199,UPI,11
T106346,2026-08-07,S03,P304,4,25.0,0.0,0,C0385,UPI,13
T106347,2026-08-07,S03,P401,8,35.0,0.0,1,C0445,Card,20
T106348,2026-08-07,S03,P402,5,30.0,0.0,0,C1069,UPI,21
T106349,2026-08-07,S03,P402,7,30.0,0.0,0,C0264,UPI,8
T106350,2026-08-07,S03,P402,11,30.0,0.0,0,C0104,UPI,9
T106351,2026-08-07,S03,P403,6,55.0,0.0,0,C0436,Card,18
T106352,2026-08-07,S03,P501,5,210.0,0.0,0,C0648,Card,19
T106353,2026-08-07,S03,P501,5,210.0,0.0,0,C1149,Cash,18
T106354,2026-08-07,S03,P502,5,145.0,0.0,0,C0576,UPI,11
T106355,2026-08-07,S03,P503,8,90.25,5.0,1,C0378,Card,18
T106356,2026-08-07,S03,P601,5,80.0,0.0,0,C1052,Card,9
T106357,2026-08-07,S03,P601,8,80.0,0.0,0,C0540,UPI,12
T106358,2026-08-07,S04,P101,4,60.0,0.0,0,C0834,Card,8
T106359,2026-08-07,S04,P101,8,60.0,0.0,0,C1001,Cash,8
T106360,2026-08-07,S04,P101,5,60.0,0.0,0,C0017,UPI,19
T106361,2026-08-07,S04,P102,7,45.0,0.0,0,C0969,Card,21
T106362,2026-08-07,S04,P102,7,45.0,0.0,0,C0317,Card,12
T106363,2026-08-07,S04,P102,4,45.0,0.0,0,C0231,UPI,8
T106364,2026-08-07,S04,P103,5,95.0,0.0,0,C1179,Card,12
T106365,2026-08-07,S04,P104,8,145.0,0.0,0,C0024,UPI,20
T106366,2026-08-07,S04,P201,6,120.0,0.0,0,C0277,UPI,20
T106367,2026-08-07,S04,P202,5,42.0,0.0,0,C0936,Card,20
T106368,2026-08-07,S04,P202,8,42.0,0.0,0,C0527,UPI,12
T106369,2026-08-07,S04,P202,6,42.0,0.0,0,C0424,UPI,10
T106370,2026-08-07,S04,P203,7,95.0,0.0,0,C0085,UPI,16
T106371,2026-08-07,S04,P204,3,148.5,10.0,1,C0419,Cash,18
T106372,2026-08-07,S04,P301,5,47.5,5.0,1,C0325,Card,10
T106373,2026-08-07,S04,P301,7,47.5,5.0,1,C0357,UPI,10
T106374,2026-08-07,S04,P301,6,50.0,0.0,1,C0323,Card,17
T106375,2026-08-07,S04,P301,7,47.5,5.0,1,C0441,Card,20
T106376,2026-08-07,S04,P302,8,85.0,0.0,0,C1189,Card,21
T106377,2026-08-07,S04,P303,5,110.0,0.0,0,C1188,UPI,16
T106378,2026-08-07,S04,P303,6,110.0,0.0,0,C0428,UPI,11
T106379,2026-08-07,S04,P304,10,25.0,0.0,0,C0928,UPI,16
T106380,2026-08-07,S04,P304,7,25.0,0.0,0,C0078,Card,9
T106381,2026-08-07,S04,P304,4,25.0,0.0,0,C0558,UPI,16
T106382,2026-08-07,S04,P304,8,25.0,0.0,0,C0292,UPI,11
T106383,2026-08-07,S04,P401,4,35.0,0.0,0,C1130,Cash,12
T106384,2026-08-07,S04,P401,8,35.0,0.0,0,C0945,UPI,8
T106385,2026-08-07,S04,P402,7,30.0,0.0,1,C1113,Cash,10
T106386,2026-08-07,S04,P402,7,30.0,0.0,1,C0752,UPI,8
T106387,2026-08-07,S04,P402,10,28.5,5.0,1,C0139,Card,13
T106388,2026-08-07,S04,P403,8,55.0,0.0,0,C0907,Card,10
T106389,2026-08-07,S04,P403,6,55.0,0.0,0,C0857,Card,21
T106390,2026-08-07,S04,P403,4,55.0,0.0,0,C1053,Card,11
T106391,2026-08-07,S04,P501,7,210.0,0.0,0,C0190,Cash,19
T106392,2026-08-07,S04,P501,4,210.0,0.0,0,C0981,Card,13
T106393,2026-08-07,S04,P502,5,145.0,0.0,0,C0909,Card,11
T106394,2026-08-07,S04,P502,6,145.0,0.0,0,C1134,Cash,20
T106395,2026-08-07,S04,P503,7,95.0,0.0,0,C0060,Card,12
T106396,2026-08-07,S04,P601,8,80.0,0.0,0,C1168,UPI,16
T106397,2026-08-07,S04,P601,4,80.0,0.0,0,C0661,UPI,8
T106398,2026-08-08,S01,P101,6,60.0,0.0,0,C0319,UPI,20
T106399,2026-08-08,S01,P101,8,60.0,0.0,0,C0690,UPI,19
T106400,2026-08-08,S01,P101,4,60.0,0.0,0,C0510,Card,8
T106401,2026-08-08,S01,P102,5,45.0,0.0,0,C1109,UPI,17
T106402,2026-08-08,S01,P102,10,45.0,0.0,0,C1165,Cash,12
T106403,2026-08-08,S01,P103,4,95.0,0.0,0,C0682,UPI,21
T106404,2026-08-08,S01,P104,3,145.0,0.0,0,C0276,UPI,21
T106405,2026-08-08,S01,P104,7,145.0,0.0,0,C0296,UPI,10
T106406,2026-08-08,S01,P201,6,120.0,0.0,0,C0747,Card,9
T106407,2026-08-08,S01,P202,5,42.0,0.0,0,C0951,Card,21
T106408,2026-08-08,S01,P202,5,42.0,0.0,0,C0816,Cash,8
T106409,2026-08-08,S01,P202,8,42.0,0.0,0,C1015,Card,18
T106410,2026-08-08,S01,P203,6,95.0,0.0,0,C0318,UPI,13
T106411,2026-08-08,S01,P204,7,165.0,0.0,1,C0694,UPI,8
T106412,2026-08-08,S01,P204,6,148.5,10.0,1,C0700,Card,16
T106413,2026-08-08,S01,P301,9,50.0,0.0,0,C1002,Card,21
T106414,2026-08-08,S01,P301,8,50.0,0.0,0,C0672,Card,19
T106415,2026-08-08,S01,P301,4,50.0,0.0,0,C0505,UPI,18
T106416,2026-08-08,S01,P302,5,85.0,0.0,0,C0975,UPI,12
T106417,2026-08-08,S01,P302,6,85.0,0.0,0,C0686,Card,8
T106418,2026-08-08,S01,P303,5,99.0,10.0,1,C1083,UPI,12
T106419,2026-08-08,S01,P304,11,25.0,0.0,0,C0553,Card,11
T106420,2026-08-08,S01,P304,4,25.0,0.0,0,C0458,Card,18
T106421,2026-08-08,S01,P304,5,25.0,0.0,0,C0341,Cash,8
T106422,2026-08-08,S01,P304,12,25.0,0.0,0,C0898,UPI,20
T106423,2026-08-08,S01,P401,7,35.0,0.0,0,C0471,UPI,16
T106424,2026-08-08,S01,P401,6,35.0,0.0,0,C0776,UPI,20
T106425,2026-08-08,S01,P401,8,35.0,0.0,0,C0652,UPI,16
T106426,2026-08-08,S01,P401,12,35.0,0.0,0,C0279,UPI,17
T106427,2026-08-08,S01,P402,8,30.0,0.0,0,C0155,Cash,10
T106428,2026-08-08,S01,P402,7,30.0,0.0,0,C0665,UPI,16
T106429,2026-08-08,S01,P402,10,30.0,0.0,0,C0746,UPI,12
T106430,2026-08-08,S01,P402,5,30.0,0.0,0,C1118,UPI,16
T106431,2026-08-08,S01,P403,6,49.5,10.0,1,C1191,UPI,21
T106432,2026-08-08,S01,P403,8,49.5,10.0,1,C0749,Cash,16
T106433,2026-08-08,S01,P403,4,55.0,0.0,1,C0677,Cash,9
T106434,2026-08-08,S01,P501,4,210.0,0.0,0,C1131,Card,19
T106435,2026-08-08,S01,P501,8,210.0,0.0,0,C0053,UPI,18
T106436,2026-08-08,S01,P502,7,145.0,0.0,0,C0849,UPI,21
T106437,2026-08-08,S01,P503,8,95.0,0.0,0,C0942,UPI,16
T106438,2026-08-08,S01,P503,5,95.0,0.0,0,C0757,UPI,17
T106439,2026-08-08,S01,P503,5,95.0,0.0,0,C0242,Card,8
T106440,2026-08-08,S01,P601,8,80.0,0.0,0,C0883,UPI,21
T106441,2026-08-08,S01,P601,8,80.0,0.0,0,C0071,UPI,13
T106442,2026-08-08,S02,P101,13,60.0,0.0,0,C0031,Card,16
T106443,2026-08-08,S02,P101,6,60.0,0.0,0,C0162,Card,18
T106444,2026-08-08,S02,P101,10,60.0,0.0,0,C0734,UPI,19
T106445,2026-08-08,S02,P101,10,60.0,0.0,0,C1021,Card,11
T106446,2026-08-08,S02,P102,5,45.0,0.0,1,C0045,Cash,18
T106447,2026-08-08,S02,P102,6,38.25,15.0,1,C1008,Card,21
T106448,2026-08-08,S02,P102,6,42.75,5.0,1,C0702,Card,8
T106449,2026-08-08,S02,P102,9,40.5,10.0,1,C1125,Cash,17
T106450,2026-08-08,S02,P103,9,95.0,0.0,0,C0762,Card,13
T106451,2026-08-08,S02,P103,7,95.0,0.0,0,C0945,UPI,18
T106452,2026-08-08,S02,P104,10,130.5,10.0,1,C0926,UPI,10
T106453,2026-08-08,S02,P104,5,145.0,0.0,1,C0160,Card,21
T106454,2026-08-08,S02,P201,8,120.0,0.0,0,C0702,UPI,8
T106455,2026-08-08,S02,P201,7,120.0,0.0,0,C0883,Card,21
T106456,2026-08-08,S02,P202,7,42.0,0.0,0,C0188,UPI,12
T106457,2026-08-08,S02,P202,8,42.0,0.0,0,C0673,Cash,9
T106458,2026-08-08,S02,P202,3,42.0,0.0,0,C0515,UPI,19
T106459,2026-08-08,S02,P202,8,42.0,0.0,0,C0818,Card,17
T106460,2026-08-08,S02,P203,7,95.0,0.0,0,C0971,Card,20
T106461,2026-08-08,S02,P203,8,95.0,0.0,0,C0642,Cash,21
T106462,2026-08-08,S02,P203,6,95.0,0.0,0,C0648,UPI,21
T106463,2026-08-08,S02,P204,4,165.0,0.0,0,C0726,Cash,8
T106464,2026-08-08,S02,P301,6,50.0,0.0,1,C0930,UPI,8
T106465,2026-08-08,S02,P301,5,47.5,5.0,1,C0351,Card,12
T106466,2026-08-08,S02,P301,7,50.0,0.0,1,C0896,UPI,16
T106467,2026-08-08,S02,P301,9,50.0,0.0,1,C0063,UPI,10
T106468,2026-08-08,S02,P302,7,85.0,0.0,0,C1036,UPI,9
T106469,2026-08-08,S02,P302,5,85.0,0.0,0,C1191,Card,8
T106470,2026-08-08,S02,P302,9,85.0,0.0,0,C1168,Card,13
T106471,2026-08-08,S02,P303,4,99.0,10.0,1,C0184,Cash,17
T106472,2026-08-08,S02,P303,9,104.5,5.0,1,C1186,UPI,16
T106473,2026-08-08,S02,P304,13,25.0,0.0,0,C0275,Card,12
T106474,2026-08-08,S02,P304,13,25.0,0.0,0,C0302,UPI,17
T106475,2026-08-08,S02,P304,6,25.0,0.0,0,C0570,Card,18
T106476,2026-08-08,S02,P304,13,25.0,0.0,0,C0953,Cash,12
T106477,2026-08-08,S02,P401,17,31.5,10.0,1,C0164,Card,21
T106478,2026-08-08,S02,P401,17,33.25,5.0,1,C0369,Card,21
T106479,2026-08-08,S02,P401,20,35.0,0.0,1,C0530,Cash,19
T106480,2026-08-08,S02,P401,12,33.25,5.0,1,C0925,UPI,21
T106481,2026-08-08,S02,P402,12,30.0,0.0,1,C0466,UPI,13
T106482,2026-08-08,S02,P402,17,28.5,5.0,1,C0755,Card,18
T106483,2026-08-08,S02,P402,9,27.0,10.0,1,C0704,Card,9
T106484,2026-08-08,S02,P402,12,27.0,10.0,1,C0812,UPI,12
T106485,2026-08-08,S02,P403,7,55.0,0.0,0,C0661,UPI,11
T106486,2026-08-08,S02,P403,9,55.0,0.0,0,C0508,Card,19
T106487,2026-08-08,S02,P403,5,55.0,0.0,0,C0490,Cash,17
T106488,2026-08-08,S02,P403,7,55.0,0.0,0,C0359,UPI,9
T106489,2026-08-08,S02,P501,7,210.0,0.0,0,C1175,UPI,17
T106490,2026-08-08,S02,P501,4,210.0,0.0,0,C1156,Card,8
T106491,2026-08-08,S02,P501,7,210.0,0.0,0,C1053,UPI,8
T106492,2026-08-08,S02,P502,5,145.0,0.0,0,C0780,UPI,17
T106493,2026-08-08,S02,P502,8,145.0,0.0,0,C0628,UPI,20
T106494,2026-08-08,S02,P502,9,145.0,0.0,0,C1134,Card,18
T106495,2026-08-08,S02,P503,8,95.0,0.0,0,C0309,UPI,21
T106496,2026-08-08,S02,P503,8,95.0,0.0,0,C0040,Card,8
T106497,2026-08-08,S02,P601,8,80.0,0.0,0,C0639,UPI,9
T106498,2026-08-08,S02,P601,7,80.0,0.0,0,C1082,UPI,18
T106499,2026-08-08,S02,P601,7,80.0,0.0,0,C1106,Cash,18
T106500,2026-08-08,S02,P601,3,80.0,0.0,0,C0963,UPI,12
T106501,2026-08-08,S03,P101,9,60.0,0.0,0,C0255,UPI,12
T106502,2026-08-08,S03,P101,5,60.0,0.0,0,C0282,UPI,21
T106503,2026-08-08,S03,P101,6,60.0,0.0,0,C1194,UPI,8
T106504,2026-08-08,S03,P102,9,45.0,0.0,0,C0912,Card,18
T106505,2026-08-08,S03,P102,7,45.0,0.0,0,C0441,Card,11
T106506,2026-08-08,S03,P103,5,95.0,0.0,0,C0507,UPI,8
T106507,2026-08-08,S03,P104,5,145.0,0.0,0,C0259,Card,19
T106508,2026-08-08,S03,P201,4,120.0,0.0,0,C0294,Card,16
T106509,2026-08-08,S03,P202,9,42.0,0.0,0,C0320,UPI,11
T106510,2026-08-08,S03,P202,4,42.0,0.0,0,C0013,Cash,17
T106511,2026-08-08,S03,P202,7,42.0,0.0,0,C0257,UPI,9
T106512,2026-08-08,S03,P203,4,95.0,0.0,0,C0173,UPI,19
T106513,2026-08-08,S03,P204,3,165.0,0.0,0,C0885,UPI,21
T106514,2026-08-08,S03,P301,6,50.0,0.0,0,C0912,Card,11
T106515,2026-08-08,S03,P301,7,50.0,0.0,0,C0386,Card,16
T106516,2026-08-08,S03,P301,6,50.0,0.0,0,C0699,Cash,13
T106517,2026-08-08,S03,P302,8,85.0,0.0,0,C0342,Card,12
T106518,2026-08-08,S03,P303,7,110.0,0.0,1,C0806,UPI,10
T106519,2026-08-08,S03,P303,4,99.0,10.0,1,C1137,UPI,18
T106520,2026-08-08,S03,P304,5,25.0,0.0,1,C0063,Cash,16
T106521,2026-08-08,S03,P304,8,23.75,5.0,1,C0895,Card,12
T106522,2026-08-08,S03,P304,7,25.0,0.0,1,C0193,UPI,9
T106523,2026-08-08,S03,P304,6,25.0,0.0,1,C0989,Card,9
T106524,2026-08-08,S03,P401,8,33.25,5.0,1,C0666,Cash,18
T106525,2026-08-08,S03,P401,5,31.5,10.0,1,C0352,UPI,17
T106526,2026-08-08,S03,P402,8,30.0,0.0,0,C0501,Card,20
T106527,2026-08-08,S03,P402,8,30.0,0.0,0,C0455,Cash,13
T106528,2026-08-08,S03,P402,4,30.0,0.0,0,C0325,UPI,12
T106529,2026-08-08,S03,P403,4,55.0,0.0,0,C0008,Card,12
T106530,2026-08-08,S03,P403,8,55.0,0.0,0,C0774,UPI,13
T106531,2026-08-08,S03,P501,5,210.0,0.0,0,C0021,UPI,11
T106532,2026-08-08,S03,P501,5,210.0,0.0,0,C0964,UPI,21
T106533,2026-08-08,S03,P502,5,145.0,0.0,0,C1023,UPI,21
T106534,2026-08-08,S03,P503,4,95.0,0.0,0,C0177,Cash,11
T106535,2026-08-08,S03,P503,6,95.0,0.0,0,C0653,Card,13
T106536,2026-08-08,S03,P601,5,80.0,0.0,1,C1190,Card,17
T106537,2026-08-08,S04,P101,8,60.0,0.0,0,C0403,UPI,13
T106538,2026-08-08,S04,P101,8,60.0,0.0,0,C0765,UPI,10
T106539,2026-08-08,S04,P101,6,60.0,0.0,0,C0318,UPI,13
T106540,2026-08-08,S04,P102,4,45.0,0.0,0,C0983,UPI,21
T106541,2026-08-08,S04,P102,4,45.0,0.0,0,C0406,Card,20
T106542,2026-08-08,S04,P102,10,45.0,0.0,0,C1044,Cash,20
T106543,2026-08-08,S04,P103,5,95.0,0.0,0,C0396,Card,10
T106544,2026-08-08,S04,P103,9,95.0,0.0,0,C0492,Cash,20
T106545,2026-08-08,S04,P104,8,145.0,0.0,0,C0793,UPI,19
T106546,2026-08-08,S04,P201,7,120.0,0.0,1,C0754,Card,13
T106547,2026-08-08,S04,P202,9,42.0,0.0,0,C0548,UPI,16
T106548,2026-08-08,S04,P202,9,42.0,0.0,0,C1054,UPI,19
T106549,2026-08-08,S04,P202,6,42.0,0.0,0,C1173,Card,10
T106550,2026-08-08,S04,P203,4,95.0,0.0,0,C1171,Cash,8
T106551,2026-08-08,S04,P203,9,95.0,0.0,0,C0056,UPI,20
T106552,2026-08-08,S04,P204,8,165.0,0.0,0,C0962,Card,11
T106553,2026-08-08,S04,P301,6,50.0,0.0,0,C0897,UPI,13
T106554,2026-08-08,S04,P301,6,50.0,0.0,0,C0695,UPI,11
T106555,2026-08-08,S04,P301,7,50.0,0.0,0,C0677,UPI,10
T106556,2026-08-08,S04,P302,10,85.0,0.0,0,C0053,Card,19
T106557,2026-08-08,S04,P302,5,85.0,0.0,0,C0562,Cash,13
T106558,2026-08-08,S04,P303,6,110.0,0.0,1,C0897,UPI,17
T106559,2026-08-08,S04,P303,3,104.5,5.0,1,C1084,UPI,10
T106560,2026-08-08,S04,P304,9,25.0,0.0,1,C0345,Card,20
T106561,2026-08-08,S04,P304,8,25.0,0.0,1,C0629,UPI,9
T106562,2026-08-08,S04,P304,4,23.75,5.0,1,C0485,UPI,19
T106563,2026-08-08,S04,P304,6,25.0,0.0,1,C0581,UPI,12
T106564,2026-08-08,S04,P401,10,35.0,0.0,0,C0460,UPI,8
T106565,2026-08-08,S04,P401,9,35.0,0.0,0,C0532,Card,19
T106566,2026-08-08,S04,P401,4,35.0,0.0,0,C0291,UPI,12
T106567,2026-08-08,S04,P401,7,35.0,0.0,0,C0659,UPI,17
T106568,2026-08-08,S04,P402,8,30.0,0.0,0,C0590,UPI,19
T106569,2026-08-08,S04,P402,12,30.0,0.0,0,C0464,UPI,11
T106570,2026-08-08,S04,P402,6,30.0,0.0,0,C0157,Cash,17
T106571,2026-08-08,S04,P402,9,30.0,0.0,0,C0139,UPI,11
T106572,2026-08-08,S04,P403,6,55.0,0.0,0,C0089,UPI,18
T106573,2026-08-08,S04,P403,4,55.0,0.0,0,C0178,UPI,19
T106574,2026-08-08,S04,P501,4,210.0,0.0,0,C1161,UPI,12
T106575,2026-08-08,S04,P501,8,210.0,0.0,0,C0680,UPI,8
T106576,2026-08-08,S04,P502,7,145.0,0.0,0,C0858,UPI,12
T106577,2026-08-08,S04,P503,10,95.0,0.0,0,C0616,UPI,8
T106578,2026-08-08,S04,P503,6,95.0,0.0,0,C0883,UPI,18
T106579,2026-08-08,S04,P601,4,80.0,0.0,1,C0442,Card,17
T106580,2026-08-08,S04,P601,10,72.0,10.0,1,C0224,Cash,18
T106581,2026-08-09,S01,P101,8,60.0,0.0,0,C0979,Cash,12
T106582,2026-08-09,S01,P101,11,60.0,0.0,0,C0005,UPI,13
T106583,2026-08-09,S01,P101,8,60.0,0.0,0,C0972,UPI,16
T106584,2026-08-09,S01,P101,4,60.0,0.0,0,C0490,Card,20
T106585,2026-08-09,S01,P102,6,45.0,0.0,0,C0940,UPI,8
T106586,2026-08-09,S01,P102,4,45.0,0.0,0,C0666,Card,11
T106587,2026-08-09,S01,P102,8,45.0,0.0,0,C1034,Card,9
T106588,2026-08-09,S01,P103,5,95.0,0.0,0,C0627,UPI,18
T106589,2026-08-09,S01,P103,4,95.0,0.0,0,C0266,UPI,11
T106590,2026-08-09,S01,P104,8,145.0,0.0,0,C0737,UPI,13
T106591,2026-08-09,S01,P201,6,114.0,5.0,1,C0880,Cash,19
T106592,2026-08-09,S01,P202,8,42.0,0.0,0,C0241,Card,17
T106593,2026-08-09,S01,P202,8,42.0,0.0,0,C0931,UPI,12
T106594,2026-08-09,S01,P202,6,42.0,0.0,0,C0374,Card,8
T106595,2026-08-09,S01,P202,4,42.0,0.0,0,C0961,UPI,13
T106596,2026-08-09,S01,P203,6,95.0,0.0,0,C0426,UPI,13
T106597,2026-08-09,S01,P203,6,95.0,0.0,0,C0212,UPI,16
T106598,2026-08-09,S01,P204,8,156.75,5.0,1,C0680,UPI,19
T106599,2026-08-09,S01,P301,6,50.0,0.0,0,C0322,Cash,10
T106600,2026-08-09,S01,P301,10,50.0,0.0,0,C0099,UPI,18
T106601,2026-08-09,S01,P301,8,50.0,0.0,0,C0130,Card,11
T106602,2026-08-09,S01,P302,5,85.0,0.0,1,C0876,Card,21
T106603,2026-08-09,S01,P302,7,85.0,0.0,1,C1193,Card,19
T106604,2026-08-09,S01,P303,5,110.0,0.0,0,C0213,Card,18
T106605,2026-08-09,S01,P303,7,110.0,0.0,0,C0206,UPI,13
T106606,2026-08-09,S01,P304,5,25.0,0.0,0,C0337,UPI,20
T106607,2026-08-09,S01,P304,6,25.0,0.0,0,C0833,Card,18
T106608,2026-08-09,S01,P304,12,25.0,0.0,0,C1155,UPI,20
T106609,2026-08-09,S01,P304,8,25.0,0.0,0,C0413,UPI,20
T106610,2026-08-09,S01,P401,7,35.0,0.0,0,C0396,Card,8
T106611,2026-08-09,S01,P401,9,35.0,0.0,0,C0287,UPI,10
T106612,2026-08-09,S01,P401,8,35.0,0.0,0,C0031,UPI,18
T106613,2026-08-09,S01,P401,7,35.0,0.0,0,C0140,Card,11
T106614,2026-08-09,S01,P402,8,30.0,0.0,1,C0441,Card,20
T106615,2026-08-09,S01,P402,5,30.0,0.0,1,C0130,Card,11
T106616,2026-08-09,S01,P402,12,30.0,0.0,1,C1049,UPI,13
T106617,2026-08-09,S01,P402,6,30.0,0.0,1,C0280,UPI,19
T106618,2026-08-09,S01,P403,11,55.0,0.0,0,C0194,UPI,20
T106619,2026-08-09,S01,P403,5,55.0,0.0,0,C0825,UPI,21
T106620,2026-08-09,S01,P501,4,210.0,0.0,0,C0427,Cash,17
T106621,2026-08-09,S01,P501,7,210.0,0.0,0,C0604,UPI,17
T106622,2026-08-09,S01,P502,3,145.0,0.0,0,C0931,UPI,9
T106623,2026-08-09,S01,P502,7,145.0,0.0,0,C1014,Cash,9
T106624,2026-08-09,S01,P503,4,95.0,0.0,0,C0804,Card,8
T106625,2026-08-09,S01,P601,9,80.0,0.0,0,C0675,UPI,19
T106626,2026-08-09,S01,P601,6,80.0,0.0,0,C0460,UPI,11
T106627,2026-08-09,S02,P101,6,60.0,0.0,1,C0746,Card,10
T106628,2026-08-09,S02,P101,11,54.0,10.0,1,C0524,Card,10
T106629,2026-08-09,S02,P101,6,54.0,10.0,1,C0681,Card,17
T106630,2026-08-09,S02,P101,9,54.0,10.0,1,C0272,Cash,18
T106631,2026-08-09,S02,P102,8,45.0,0.0,1,C0049,UPI,19
T106632,2026-08-09,S02,P102,5,45.0,0.0,1,C0152,UPI,21
T106633,2026-08-09,S02,P102,5,45.0,0.0,1,C1072,UPI,18
T106634,2026-08-09,S02,P102,7,45.0,0.0,1,C0776,Card,20
T106635,2026-08-09,S02,P103,3,95.0,0.0,0,C1166,Card,18
T106636,2026-08-09,S02,P103,7,95.0,0.0,0,C1080,UPI,8
T106637,2026-08-09,S02,P103,7,95.0,0.0,0,C1007,UPI,8
T106638,2026-08-09,S02,P104,7,145.0,0.0,0,C0561,Cash,12
T106639,2026-08-09,S02,P104,3,145.0,0.0,0,C0582,Card,12
T106640,2026-08-09,S02,P201,4,120.0,0.0,0,C0637,Card,12
T106641,2026-08-09,S02,P201,5,120.0,0.0,0,C0003,UPI,21
T106642,2026-08-09,S02,P202,11,37.8,10.0,1,C1051,Card,17
T106643,2026-08-09,S02,P202,8,39.9,5.0,1,C0210,UPI,19
T106644,2026-08-09,S02,P202,6,37.8,10.0,1,C0888,Card,20
T106645,2026-08-09,S02,P202,8,42.0,0.0,1,C0683,Cash,17
T106646,2026-08-09,S02,P203,5,95.0,0.0,0,C1082,UPI,11
T106647,2026-08-09,S02,P203,9,95.0,0.0,0,C0407,Card,17
T106648,2026-08-09,S02,P204,6,165.0,0.0,0,C0681,Cash,13
T106649,2026-08-09,S02,P301,6,47.5,5.0,1,C0677,UPI,10
T106650,2026-08-09,S02,P301,10,50.0,0.0,1,C0888,Card,9
T106651,2026-08-09,S02,P301,7,45.0,10.0,1,C0716,UPI,12
T106652,2026-08-09,S02,P301,5,47.5,5.0,1,C1121,Card,16
T106653,2026-08-09,S02,P302,8,85.0,0.0,0,C0852,UPI,17
T106654,2026-08-09,S02,P302,6,85.0,0.0,0,C0199,UPI,16
T106655,2026-08-09,S02,P303,4,110.0,0.0,0,C0576,Card,19
T106656,2026-08-09,S02,P303,7,110.0,0.0,0,C0199,UPI,12
T106657,2026-08-09,S02,P304,7,25.0,0.0,1,C0573,Card,8
T106658,2026-08-09,S02,P304,14,23.75,5.0,1,C0606,Cash,17
T106659,2026-08-09,S02,P304,14,25.0,0.0,1,C0900,Card,18
T106660,2026-08-09,S02,P304,9,23.75,5.0,1,C0190,UPI,13
T106661,2026-08-09,S02,P401,11,35.0,0.0,0,C0707,Card,17
T106662,2026-08-09,S02,P401,13,35.0,0.0,0,C0588,Card,10
T106663,2026-08-09,S02,P401,12,35.0,0.0,0,C0882,Card,19
T106664,2026-08-09,S02,P401,8,35.0,0.0,0,C1147,Card,11
T106665,2026-08-09,S02,P402,10,30.0,0.0,0,C0818,UPI,20
T106666,2026-08-09,S02,P402,11,30.0,0.0,0,C0476,UPI,8
T106667,2026-08-09,S02,P402,9,30.0,0.0,0,C0711,UPI,8
T106668,2026-08-09,S02,P402,13,30.0,0.0,0,C0809,Card,19
T106669,2026-08-09,S02,P403,9,55.0,0.0,0,C1144,Card,13
T106670,2026-08-09,S02,P403,6,55.0,0.0,0,C1091,UPI,11
T106671,2026-08-09,S02,P403,7,55.0,0.0,0,C0387,Card,18
T106672,2026-08-09,S02,P403,6,55.0,0.0,0,C0633,Card,12
T106673,2026-08-09,S02,P501,8,210.0,0.0,0,C0313,UPI,21
T106674,2026-08-09,S02,P501,7,210.0,0.0,0,C0594,UPI,13
T106675,2026-08-09,S02,P501,7,210.0,0.0,0,C0728,UPI,11
T106676,2026-08-09,S02,P502,7,137.75,5.0,1,C0345,UPI,13
T106677,2026-08-09,S02,P502,6,137.75,5.0,1,C1017,Card,20
T106678,2026-08-09,S02,P503,8,95.0,0.0,0,C0254,UPI,19
T106679,2026-08-09,S02,P503,8,95.0,0.0,0,C1171,UPI,11
T106680,2026-08-09,S02,P503,5,95.0,0.0,0,C0983,UPI,17
T106681,2026-08-09,S02,P503,4,95.0,0.0,0,C0349,Card,17
T106682,2026-08-09,S02,P601,7,80.0,0.0,0,C0235,UPI,11
T106683,2026-08-09,S02,P601,4,80.0,0.0,0,C1042,Card,8
T106684,2026-08-09,S02,P601,5,80.0,0.0,0,C1144,Cash,9
T106685,2026-08-09,S02,P601,9,80.0,0.0,0,C0031,UPI,13
T106686,2026-08-09,S03,P101,4,60.0,0.0,0,C0260,UPI,20
T106687,2026-08-09,S03,P101,9,60.0,0.0,0,C1022,Cash,20
T106688,2026-08-09,S03,P101,6,60.0,0.0,0,C0328,UPI,21
T106689,2026-08-09,S03,P102,7,45.0,0.0,0,C0378,Card,9
T106690,2026-08-09,S03,P102,8,45.0,0.0,0,C1159,Card,17
T106691,2026-08-09,S03,P103,7,95.0,0.0,1,C1028,UPI,10
T106692,2026-08-09,S03,P104,5,145.0,0.0,0,C0709,Card,20
T106693,2026-08-09,S03,P201,3,120.0,0.0,0,C0460,UPI,17
T106694,2026-08-09,S03,P202,7,42.0,0.0,0,C0550,UPI,12
T106695,2026-08-09,S03,P202,9,42.0,0.0,0,C1155,Card,9
T106696,2026-08-09,S03,P203,7,95.0,0.0,0,C0356,Card,13
T106697,2026-08-09,S03,P204,3,165.0,0.0,0,C0536,UPI,16
T106698,2026-08-09,S03,P301,6,50.0,0.0,0,C0607,Card,17
T106699,2026-08-09,S03,P301,7,50.0,0.0,0,C0522,Cash,20
T106700,2026-08-09,S03,P301,6,50.0,0.0,0,C0015,Card,13
T106701,2026-08-09,S03,P301,8,50.0,0.0,0,C0158,UPI,20
T106702,2026-08-09,S03,P302,8,85.0,0.0,0,C1163,UPI,21
T106703,2026-08-09,S03,P303,5,110.0,0.0,1,C0563,Card,9
T106704,2026-08-09,S03,P303,4,99.0,10.0,1,C0434,UPI,21
T106705,2026-08-09,S03,P304,7,25.0,0.0,0,C0239,Cash,21
T106706,2026-08-09,S03,P304,8,25.0,0.0,0,C0970,UPI,11
T106707,2026-08-09,S03,P304,3,25.0,0.0,0,C0983,UPI,9
T106708,2026-08-09,S03,P304,7,25.0,0.0,0,C0638,Card,18
T106709,2026-08-09,S03,P401,8,35.0,0.0,1,C0177,UPI,12
T106710,2026-08-09,S03,P401,4,35.0,0.0,1,C1015,UPI,11
T106711,2026-08-09,S03,P401,6,35.0,0.0,1,C0382,UPI,17
T106712,2026-08-09,S03,P401,7,33.25,5.0,1,C0743,Card,20
T106713,2026-08-09,S03,P402,7,25.5,15.0,1,C1063,UPI,16
T106714,2026-08-09,S03,P402,9,30.0,0.0,1,C0047,Card,19
T106715,2026-08-09,S03,P402,9,30.0,0.0,1,C1105,Card,17
T106716,2026-08-09,S03,P402,4,27.0,10.0,1,C0232,Card,18
T106717,2026-08-09,S03,P403,8,55.0,0.0,1,C1191,Card,11
T106718,2026-08-09,S03,P403,7,49.5,10.0,1,C0612,UPI,16
T106719,2026-08-09,S03,P501,8,210.0,0.0,0,C0318,Card,13
T106720,2026-08-09,S03,P502,6,145.0,0.0,0,C0685,Cash,21
T106721,2026-08-09,S03,P502,3,145.0,0.0,0,C0546,Cash,11
T106722,2026-08-09,S03,P503,5,95.0,0.0,0,C1175,Card,18
T106723,2026-08-09,S03,P503,5,95.0,0.0,0,C0731,UPI,8
T106724,2026-08-09,S03,P601,6,80.0,0.0,0,C0528,Cash,8
T106725,2026-08-09,S03,P601,9,80.0,0.0,0,C0637,UPI,9
T106726,2026-08-09,S04,P101,6,60.0,0.0,1,C0246,UPI,17
T106727,2026-08-09,S04,P101,9,60.0,0.0,1,C0272,UPI,18
T106728,2026-08-09,S04,P101,7,54.0,10.0,1,C0717,Card,12
T106729,2026-08-09,S04,P102,4,45.0,0.0,0,C1102,UPI,11
T106730,2026-08-09,S04,P102,9,45.0,0.0,0,C0258,UPI,11
T106731,2026-08-09,S04,P103,6,95.0,0.0,0,C0533,UPI,13
T106732,2026-08-09,S04,P104,4,145.0,0.0,0,C0358,UPI,8
T106733,2026-08-09,S04,P201,5,120.0,0.0,0,C0555,Card,11
T106734,2026-08-09,S04,P202,7,42.0,0.0,0,C0491,UPI,17
T106735,2026-08-09,S04,P202,9,42.0,0.0,0,C0501,UPI,19
T106736,2026-08-09,S04,P203,8,95.0,0.0,0,C0212,UPI,13
T106737,2026-08-09,S04,P203,4,95.0,0.0,0,C0785,Card,19
T106738,2026-08-09,S04,P204,5,165.0,0.0,0,C0428,UPI,8
T106739,2026-08-09,S04,P301,8,50.0,0.0,0,C0477,UPI,17
T106740,2026-08-09,S04,P301,5,50.0,0.0,0,C0073,Card,11
T106741,2026-08-09,S04,P301,7,50.0,0.0,0,C0079,UPI,20
T106742,2026-08-09,S04,P301,7,50.0,0.0,0,C0815,UPI,20
T106743,2026-08-09,S04,P302,6,85.0,0.0,0,C1181,Card,20
T106744,2026-08-09,S04,P302,4,85.0,0.0,0,C1013,Card,21
T106745,2026-08-09,S04,P303,7,110.0,0.0,0,C0316,Card,19
T106746,2026-08-09,S04,P304,8,25.0,0.0,0,C0744,Card,21
T106747,2026-08-09,S04,P304,8,25.0,0.0,0,C1031,Card,11
T106748,2026-08-09,S04,P304,5,25.0,0.0,0,C0215,Card,17
T106749,2026-08-09,S04,P304,5,25.0,0.0,0,C0261,Card,11
T106750,2026-08-09,S04,P401,5,35.0,0.0,0,C0646,Card,13
T106751,2026-08-09,S04,P401,10,35.0,0.0,0,C0478,UPI,12
T106752,2026-08-09,S04,P401,7,35.0,0.0,0,C0762,Cash,18
T106753,2026-08-09,S04,P401,7,35.0,0.0,0,C0377,Card,21
T106754,2026-08-09,S04,P402,11,30.0,0.0,0,C0656,Card,16
T106755,2026-08-09,S04,P402,7,30.0,0.0,0,C1119,Card,19
T106756,2026-08-09,S04,P402,10,30.0,0.0,0,C0291,Cash,18
T106757,2026-08-09,S04,P402,7,30.0,0.0,0,C1093,Card,16
T106758,2026-08-09,S04,P403,8,55.0,0.0,0,C1197,Cash,18
T106759,2026-08-09,S04,P403,7,55.0,0.0,0,C0776,Card,20
T106760,2026-08-09,S04,P403,3,55.0,0.0,0,C0633,Card,18
T106761,2026-08-09,S04,P501,7,210.0,0.0,0,C1171,Card,12
T106762,2026-08-09,S04,P501,3,210.0,0.0,0,C0813,Card,20
T106763,2026-08-09,S04,P502,5,145.0,0.0,0,C0009,UPI,11
T106764,2026-08-09,S04,P502,5,145.0,0.0,0,C0249,Cash,13
T106765,2026-08-09,S04,P503,4,95.0,0.0,0,C1081,UPI,11
T106766,2026-08-09,S04,P503,6,95.0,0.0,0,C0960,Cash,16
T106767,2026-08-09,S04,P601,5,80.0,0.0,0,C0742,Card,18
T106768,2026-08-09,S04,P601,6,80.0,0.0,0,C0287,Card,9
T106769,2026-08-10,S01,P101,8,60.0,0.0,0,C0597,Card,11
T106770,2026-08-10,S01,P101,7,60.0,0.0,0,C0337,Card,18
T106771,2026-08-10,S01,P101,4,60.0,0.0,0,C1118,Card,13
T106772,2026-08-10,S01,P102,6,45.0,0.0,0,C0207,Card,12
T106773,2026-08-10,S01,P102,10,45.0,0.0,0,C0362,Card,11
T106774,2026-08-10,S01,P102,7,45.0,0.0,0,C0676,UPI,16
T106775,2026-08-10,S01,P103,4,95.0,0.0,0,C0682,UPI,11
T106776,2026-08-10,S01,P104,1,145.0,0.0,0,C1167,UPI,9
T106777,2026-08-10,S01,P201,6,120.0,0.0,0,C0529,UPI,13
T106778,2026-08-10,S01,P202,6,42.0,0.0,0,C0813,Cash,13
T106779,2026-08-10,S01,P202,8,42.0,0.0,0,C0207,UPI,21
T106780,2026-08-10,S01,P202,11,42.0,0.0,0,C0564,UPI,21
T106781,2026-08-10,S01,P202,6,42.0,0.0,0,C0690,Cash,11
T106782,2026-08-10,S01,P203,8,95.0,0.0,0,C0650,UPI,18
T106783,2026-08-10,S01,P204,2,165.0,0.0,0,C0334,Card,9
T106784,2026-08-10,S01,P301,11,50.0,0.0,0,C0028,Card,20
T106785,2026-08-10,S01,P301,5,50.0,0.0,0,C0054,Card,20
T106786,2026-08-10,S01,P302,3,80.75,5.0,1,C0248,UPI,12
T106787,2026-08-10,S01,P302,8,76.5,10.0,1,C0221,UPI,8
T106788,2026-08-10,S01,P303,5,110.0,0.0,0,C0438,Cash,10
T106789,2026-08-10,S01,P304,10,25.0,0.0,0,C0659,Card,20
T106790,2026-08-10,S01,P304,6,25.0,0.0,0,C0195,Card,12
T106791,2026-08-10,S01,P304,8,25.0,0.0,0,C1184,Card,21
T106792,2026-08-10,S01,P401,4,35.0,0.0,0,C0976,UPI,10
T106793,2026-08-10,S01,P401,8,35.0,0.0,0,C0546,Card,13
T106794,2026-08-10,S01,P401,6,35.0,0.0,0,C0996,Cash,19
T106795,2026-08-10,S01,P402,6,30.0,0.0,0,C0361,Card,12
T106796,2026-08-10,S01,P402,11,30.0,0.0,0,C0955,Card,8
T106797,2026-08-10,S01,P402,8,30.0,0.0,0,C0789,Cash,12
T106798,2026-08-10,S01,P402,6,30.0,0.0,0,C1092,UPI,18
T106799,2026-08-10,S01,P403,6,55.0,0.0,1,C0045,UPI,21
T106800,2026-08-10,S01,P403,9,46.75,15.0,1,C0292,UPI,12
T106801,2026-08-10,S01,P403,6,55.0,0.0,1,C1093,Card,13
T106802,2026-08-10,S01,P501,5,210.0,0.0,0,C1138,UPI,9
T106803,2026-08-10,S01,P501,7,210.0,0.0,0,C0439,UPI,18
T106804,2026-08-10,S01,P502,6,145.0,0.0,0,C0658,UPI,16
T106805,2026-08-10,S01,P502,3,145.0,0.0,0,C1169,UPI,19
T106806,2026-08-10,S01,P503,5,95.0,0.0,0,C0299,UPI,9
T106807,2026-08-10,S01,P503,9,95.0,0.0,0,C0115,Card,9
T106808,2026-08-10,S01,P601,10,76.0,5.0,1,C1082,UPI,9
T106809,2026-08-10,S01,P601,8,76.0,5.0,1,C0095,Cash,18
T106810,2026-08-10,S01,P601,5,80.0,0.0,1,C0741,Card,18
T106811,2026-08-10,S02,P101,8,60.0,0.0,0,C1118,Cash,11
T106812,2026-08-10,S02,P101,8,60.0,0.0,0,C0413,UPI,13
T106813,2026-08-10,S02,P101,6,60.0,0.0,0,C0201,Card,16
T106814,2026-08-10,S02,P101,4,60.0,0.0,0,C0175,Card,13
T106815,2026-08-10,S02,P102,5,45.0,0.0,0,C0549,UPI,9
T106816,2026-08-10,S02,P102,7,45.0,0.0,0,C0452,UPI,21
T106817,2026-08-10,S02,P102,8,45.0,0.0,0,C0517,UPI,10
T106818,2026-08-10,S02,P103,6,95.0,0.0,0,C0016,UPI,21
T106819,2026-08-10,S02,P103,4,95.0,0.0,0,C0790,Card,9
T106820,2026-08-10,S02,P104,5,145.0,0.0,0,C0872,Cash,8
T106821,2026-08-10,S02,P201,8,120.0,0.0,0,C0991,UPI,11
T106822,2026-08-10,S02,P202,6,42.0,0.0,0,C0522,Card,12
T106823,2026-08-10,S02,P202,7,42.0,0.0,0,C0614,UPI,12
T106824,2026-08-10,S02,P202,9,42.0,0.0,0,C0609,Card,17
T106825,2026-08-10,S02,P202,5,42.0,0.0,0,C0228,UPI,12
T106826,2026-08-10,S02,P203,7,95.0,0.0,0,C0345,Card,12
T106827,2026-08-10,S02,P203,6,95.0,0.0,0,C1122,UPI,18
T106828,2026-08-10,S02,P204,3,165.0,0.0,0,C1018,UPI,18
T106829,2026-08-10,S02,P301,6,45.0,10.0,1,C0298,Cash,16
T106830,2026-08-10,S02,P301,7,50.0,0.0,1,C0673,UPI,19
T106831,2026-08-10,S02,P301,6,45.0,10.0,1,C0968,Card,11
T106832,2026-08-10,S02,P301,6,50.0,0.0,1,C0242,UPI,21
T106833,2026-08-10,S02,P302,5,85.0,0.0,0,C1040,Card,17
T106834,2026-08-10,S02,P302,12,85.0,0.0,0,C0353,UPI,10
T106835,2026-08-10,S02,P302,6,85.0,0.0,0,C0759,Card,16
T106836,2026-08-10,S02,P303,3,110.0,0.0,0,C1056,UPI,11
T106837,2026-08-10,S02,P303,6,110.0,0.0,0,C0070,UPI,19
T106838,2026-08-10,S02,P304,10,25.0,0.0,0,C0022,UPI,9
T106839,2026-08-10,S02,P304,12,25.0,0.0,0,C0568,UPI,13
T106840,2026-08-10,S02,P304,7,25.0,0.0,0,C0806,Cash,17
T106841,2026-08-10,S02,P304,9,25.0,0.0,0,C1106,Card,17
T106842,2026-08-10,S02,P401,5,35.0,0.0,0,C0466,Card,17
T106843,2026-08-10,S02,P401,5,35.0,0.0,0,C0704,UPI,12
T106844,2026-08-10,S02,P401,9,35.0,0.0,0,C0283,UPI,12
T106845,2026-08-10,S02,P401,9,35.0,0.0,0,C0889,UPI,18
T106846,2026-08-10,S02,P402,10,30.0,0.0,0,C0660,Card,16
T106847,2026-08-10,S02,P402,8,30.0,0.0,0,C0557,UPI,21
T106848,2026-08-10,S02,P402,8,30.0,0.0,0,C0959,Card,8
T106849,2026-08-10,S02,P402,12,30.0,0.0,0,C0895,Card,11
T106850,2026-08-10,S02,P403,7,55.0,0.0,0,C0981,UPI,9
T106851,2026-08-10,S02,P403,7,55.0,0.0,0,C0725,UPI,18
T106852,2026-08-10,S02,P403,6,55.0,0.0,0,C0064,Cash,10
T106853,2026-08-10,S02,P501,5,210.0,0.0,0,C0575,Card,16
T106854,2026-08-10,S02,P501,8,210.0,0.0,0,C0958,Card,20
T106855,2026-08-10,S02,P501,8,210.0,0.0,0,C0763,Card,13
T106856,2026-08-10,S02,P502,10,145.0,0.0,0,C0946,Card,20
T106857,2026-08-10,S02,P502,5,145.0,0.0,0,C0728,Cash,13
T106858,2026-08-10,S02,P503,4,95.0,0.0,0,C0724,Cash,18
T106859,2026-08-10,S02,P503,6,95.0,0.0,0,C0113,Card,13
T106860,2026-08-10,S02,P503,9,95.0,0.0,0,C0175,Card,9
T106861,2026-08-10,S02,P601,5,80.0,0.0,0,C0767,UPI,8
T106862,2026-08-10,S02,P601,9,80.0,0.0,0,C0687,UPI,16
T106863,2026-08-10,S02,P601,5,80.0,0.0,0,C0630,Card,19
T106864,2026-08-10,S02,P601,7,80.0,0.0,0,C0637,UPI,16
T106865,2026-08-10,S03,P101,6,60.0,0.0,0,C0588,Card,21
T106866,2026-08-10,S03,P101,9,60.0,0.0,0,C1064,UPI,16
T106867,2026-08-10,S03,P102,5,45.0,0.0,0,C0029,UPI,9
T106868,2026-08-10,S03,P102,7,45.0,0.0,0,C0660,UPI,10
T106869,2026-08-10,S03,P103,2,95.0,0.0,0,C0026,Card,10
T106870,2026-08-10,S03,P104,3,145.0,0.0,0,C0531,Card,17
T106871,2026-08-10,S03,P201,1,102.0,15.0,1,C0847,UPI,16
T106872,2026-08-10,S03,P202,6,42.0,0.0,0,C0665,UPI,10
T106873,2026-08-10,S03,P203,4,95.0,0.0,0,C0862,UPI,17
T106874,2026-08-10,S03,P203,6,95.0,0.0,0,C0749,UPI,10
T106875,2026-08-10,S03,P204,3,165.0,0.0,0,C0942,Card,9
T106876,2026-08-10,S03,P301,9,47.5,5.0,1,C0910,UPI,21
T106877,2026-08-10,S03,P301,4,45.0,10.0,1,C0211,Card,8
T106878,2026-08-10,S03,P301,7,47.5,5.0,1,C0892,UPI,10
T106879,2026-08-10,S03,P302,6,80.75,5.0,1,C0366,Cash,18
T106880,2026-08-10,S03,P303,8,110.0,0.0,0,C0620,UPI,19
T106881,2026-08-10,S03,P304,7,25.0,0.0,0,C0408,Card,19
T106882,2026-08-10,S03,P304,7,25.0,0.0,0,C0358,Cash,9
T106883,2026-08-10,S03,P304,9,25.0,0.0,0,C0679,UPI,17
T106884,2026-08-10,S03,P304,4,25.0,0.0,0,C0184,UPI,21
T106885,2026-08-10,S03,P401,7,35.0,0.0,0,C0577,UPI,18
T106886,2026-08-10,S03,P401,9,35.0,0.0,0,C0582,UPI,16
T106887,2026-08-10,S03,P402,6,30.0,0.0,0,C1134,Card,13
T106888,2026-08-10,S03,P402,9,30.0,0.0,0,C0260,UPI,13
T106889,2026-08-10,S03,P402,6,30.0,0.0,0,C0121,Cash,19
T106890,2026-08-10,S03,P403,8,52.25,5.0,1,C0926,Card,13
T106891,2026-08-10,S03,P501,3,210.0,0.0,0,C1139,UPI,11
T106892,2026-08-10,S03,P501,6,210.0,0.0,0,C0030,UPI,18
T106893,2026-08-10,S03,P502,3,145.0,0.0,0,C0848,Card,13
T106894,2026-08-10,S03,P503,5,95.0,0.0,0,C0140,UPI,21
T106895,2026-08-10,S03,P601,8,80.0,0.0,0,C0835,Card,11
T106896,2026-08-10,S04,P101,6,60.0,0.0,0,C0815,UPI,16
T106897,2026-08-10,S04,P101,9,60.0,0.0,0,C0817,Cash,11
T106898,2026-08-10,S04,P101,7,60.0,0.0,0,C0304,UPI,8
T106899,2026-08-10,S04,P101,5,60.0,0.0,0,C0781,UPI,12
T106900,2026-08-10,S04,P102,6,45.0,0.0,0,C0608,UPI,18
T106901,2026-08-10,S04,P102,6,45.0,0.0,0,C1091,Card,20
T106902,2026-08-10,S04,P103,6,95.0,0.0,0,C0484,Card,10
T106903,2026-08-10,S04,P104,8,145.0,0.0,0,C1026,UPI,17
T106904,2026-08-10,S04,P201,4,120.0,0.0,0,C0433,UPI,10
T106905,2026-08-10,S04,P202,6,42.0,0.0,0,C0221,Cash,9
T106906,2026-08-10,S04,P202,8,42.0,0.0,0,C0197,Cash,19
T106907,2026-08-10,S04,P203,4,95.0,0.0,0,C0458,Cash,8
T106908,2026-08-10,S04,P203,8,95.0,0.0,0,C1063,Cash,10
T106909,2026-08-10,S04,P204,2,165.0,0.0,0,C0193,UPI,10
T106910,2026-08-10,S04,P301,7,50.0,0.0,1,C0453,UPI,18
T106911,2026-08-10,S04,P301,6,47.5,5.0,1,C1111,UPI,18
T106912,2026-08-10,S04,P301,6,50.0,0.0,1,C1065,UPI,9
T106913,2026-08-10,S04,P302,3,85.0,0.0,0,C0417,Card,21
T106914,2026-08-10,S04,P302,6,85.0,0.0,0,C0404,UPI,13
T106915,2026-08-10,S04,P303,8,110.0,0.0,0,C0950,Card,9
T106916,2026-08-10,S04,P304,6,25.0,0.0,0,C0371,Card,10
T106917,2026-08-10,S04,P304,9,25.0,0.0,0,C0619,UPI,11
T106918,2026-08-10,S04,P304,6,25.0,0.0,0,C0824,Card,8
T106919,2026-08-10,S04,P304,9,25.0,0.0,0,C0621,Cash,16
T106920,2026-08-10,S04,P401,8,35.0,0.0,0,C0339,Card,8
T106921,2026-08-10,S04,P401,6,35.0,0.0,0,C0556,UPI,17
T106922,2026-08-10,S04,P401,6,35.0,0.0,0,C0551,UPI,10
T106923,2026-08-10,S04,P402,8,30.0,0.0,0,C0117,UPI,9
T106924,2026-08-10,S04,P402,6,30.0,0.0,0,C1031,UPI,10
T106925,2026-08-10,S04,P402,10,30.0,0.0,0,C0330,Card,17
T106926,2026-08-10,S04,P402,10,30.0,0.0,0,C0092,UPI,16
T106927,2026-08-10,S04,P403,8,49.5,10.0,1,C0021,Card,19
T106928,2026-08-10,S04,P403,6,55.0,0.0,1,C0918,Card,12
T106929,2026-08-10,S04,P501,4,210.0,0.0,1,C0273,Card,16
T106930,2026-08-10,S04,P501,8,189.0,10.0,1,C0232,UPI,17
T106931,2026-08-10,S04,P502,5,145.0,0.0,0,C0923,Card,19
T106932,2026-08-10,S04,P503,6,95.0,0.0,0,C0580,UPI,17
T106933,2026-08-10,S04,P503,4,95.0,0.0,0,C0250,Card,8
T106934,2026-08-10,S04,P601,5,80.0,0.0,0,C0229,Card,8
T106935,2026-08-10,S04,P601,8,80.0,0.0,0,C0204,Cash,13
T106936,2026-08-11,S01,P101,5,60.0,0.0,0,C0685,Card,12
T106937,2026-08-11,S01,P101,10,60.0,0.0,0,C0369,Cash,12
T106938,2026-08-11,S01,P101,9,60.0,0.0,0,C0406,UPI,9
T106939,2026-08-11,S01,P102,8,45.0,0.0,0,C0938,Card,11
T106940,2026-08-11,S01,P102,4,45.0,0.0,0,C0425,UPI,21
T106941,2026-08-11,S01,P102,7,45.0,0.0,0,C0672,UPI,8
T106942,2026-08-11,S01,P103,8,95.0,0.0,0,C1110,Card,8
T106943,2026-08-11,S01,P104,3,145.0,0.0,0,C0212,Card,13
T106944,2026-08-11,S01,P201,6,120.0,0.0,0,C0294,Cash,10
T106945,2026-08-11,S01,P202,6,42.0,0.0,0,C0928,Card,13
T106946,2026-08-11,S01,P202,4,42.0,0.0,0,C0601,Card,8
T106947,2026-08-11,S01,P202,8,42.0,0.0,0,C0450,Card,11
T106948,2026-08-11,S01,P203,4,95.0,0.0,0,C0079,Card,12
T106949,2026-08-11,S01,P203,7,95.0,0.0,0,C0361,UPI,16
T106950,2026-08-11,S01,P204,3,165.0,0.0,0,C0443,Card,9
T106951,2026-08-11,S01,P301,11,50.0,0.0,0,C0685,UPI,19
T106952,2026-08-11,S01,P301,7,50.0,0.0,0,C0275,Card,11
T106953,2026-08-11,S01,P301,5,50.0,0.0,0,C0217,UPI,8
T106954,2026-08-11,S01,P302,5,85.0,0.0,0,C1110,UPI,11
T106955,2026-08-11,S01,P302,7,85.0,0.0,0,C0498,UPI,17
T106956,2026-08-11,S01,P303,7,110.0,0.0,1,C0937,Cash,16
T106957,2026-08-11,S01,P304,5,25.0,0.0,0,C0046,Card,10
T106958,2026-08-11,S01,P304,5,25.0,0.0,0,C0777,Card,13
T106959,2026-08-11,S01,P304,13,25.0,0.0,0,C0190,UPI,19
T106960,2026-08-11,S01,P304,6,25.0,0.0,0,C0985,UPI,12
T106961,2026-08-11,S01,P401,5,35.0,0.0,0,C0055,Cash,12
T106962,2026-08-11,S01,P401,10,35.0,0.0,0,C0009,Card,18
T106963,2026-08-11,S01,P401,7,35.0,0.0,0,C1081,Cash,9
T106964,2026-08-11,S01,P402,8,30.0,0.0,0,C1072,UPI,8
T106965,2026-08-11,S01,P402,5,30.0,0.0,0,C0437,UPI,9
T106966,2026-08-11,S01,P402,9,30.0,0.0,0,C0939,UPI,8
T106967,2026-08-11,S01,P402,7,30.0,0.0,0,C0955,Cash,19
T106968,2026-08-11,S01,P403,5,55.0,0.0,0,C1064,UPI,18
T106969,2026-08-11,S01,P403,7,55.0,0.0,0,C0920,Card,12
T106970,2026-08-11,S01,P403,6,55.0,0.0,0,C1137,Card,11
T106971,2026-08-11,S01,P501,5,210.0,0.0,0,C0369,UPI,17
T106972,2026-08-11,S01,P501,8,210.0,0.0,0,C0448,Card,21
T106973,2026-08-11,S01,P502,6,145.0,0.0,0,C1198,UPI,20
T106974,2026-08-11,S01,P502,4,145.0,0.0,0,C0617,UPI,11
T106975,2026-08-11,S01,P503,7,95.0,0.0,0,C0128,UPI,20
T106976,2026-08-11,S01,P601,5,80.0,0.0,1,C0129,UPI,13
T106977,2026-08-11,S01,P601,5,80.0,0.0,1,C0397,UPI,18
T106978,2026-08-11,S02,P101,7,60.0,0.0,0,C0030,UPI,17
T106979,2026-08-11,S02,P101,6,60.0,0.0,0,C0923,UPI,9
T106980,2026-08-11,S02,P101,11,60.0,0.0,0,C0632,UPI,13
T106981,2026-08-11,S02,P101,8,60.0,0.0,0,C0039,UPI,17
T106982,2026-08-11,S02,P102,8,45.0,0.0,0,C1127,UPI,8
T106983,2026-08-11,S02,P102,5,45.0,0.0,0,C1142,UPI,19
T106984,2026-08-11,S02,P102,8,45.0,0.0,0,C0087,UPI,17
T106985,2026-08-11,S02,P103,5,95.0,0.0,0,C1136,Card,21
T106986,2026-08-11,S02,P103,6,95.0,0.0,0,C0240,Card,8
T106987,2026-08-11,S02,P104,6,145.0,0.0,0,C0970,Card,20
T106988,2026-08-11,S02,P201,8,120.0,0.0,0,C1086,UPI,11
T106989,2026-08-11,S02,P202,6,42.0,0.0,0,C0382,Card,18
T106990,2026-08-11,S02,P202,7,42.0,0.0,0,C0341,Card,20
T106991,2026-08-11,S02,P202,9,42.0,0.0,0,C0872,UPI,19
T106992,2026-08-11,S02,P203,4,95.0,0.0,0,C0505,UPI,20
T106993,2026-08-11,S02,P203,9,95.0,0.0,0,C0937,UPI,9
T106994,2026-08-11,S02,P203,5,95.0,0.0,0,C0489,Card,11
T106995,2026-08-11,S02,P204,8,165.0,0.0,0,C1126,UPI,10
T106996,2026-08-11,S02,P301,10,50.0,0.0,0,C0526,Card,20
T106997,2026-08-11,S02,P301,8,50.0,0.0,0,C0242,UPI,20
T106998,2026-08-11,S02,P301,11,50.0,0.0,0,C1111,Card,13
T106999,2026-08-11,S02,P301,6,50.0,0.0,0,C1026,Cash,8
T107000,2026-08-11,S02,P302,6,85.0,0.0,0,C0528,Cash,10
T107001,2026-08-11,S02,P302,4,85.0,0.0,0,C0841,UPI,13
T107002,2026-08-11,S02,P302,8,85.0,0.0,0,C0235,UPI,11
T107003,2026-08-11,S02,P303,3,99.0,10.0,1,C0808,UPI,16
T107004,2026-08-11,S02,P304,12,25.0,0.0,0,C0676,Card,9
T107005,2026-08-11,S02,P304,6,25.0,0.0,0,C0082,Card,9
T107006,2026-08-11,S02,P304,6,25.0,0.0,0,C0764,UPI,13
T107007,2026-08-11,S02,P304,12,25.0,0.0,0,C0682,UPI,10
T107008,2026-08-11,S02,P401,6,35.0,0.0,0,C0643,UPI,18
T107009,2026-08-11,S02,P401,6,35.0,0.0,0,C0303,UPI,20
T107010,2026-08-11,S02,P401,11,35.0,0.0,0,C0517,Cash,12
T107011,2026-08-11,S02,P401,8,35.0,0.0,0,C0756,Card,20
T107012,2026-08-11,S02,P402,7,30.0,0.0,0,C0832,Card,10
T107013,2026-08-11,S02,P402,10,30.0,0.0,0,C0413,UPI,11
T107014,2026-08-11,S02,P402,7,30.0,0.0,0,C1006,Card,9
T107015,2026-08-11,S02,P402,11,30.0,0.0,0,C0433,UPI,13
T107016,2026-08-11,S02,P403,5,55.0,0.0,0,C0152,UPI,20
T107017,2026-08-11,S02,P403,9,55.0,0.0,0,C0762,Card,13
T107018,2026-08-11,S02,P403,5,55.0,0.0,0,C0693,UPI,20
T107019,2026-08-11,S02,P501,5,210.0,0.0,0,C0721,UPI,9
T107020,2026-08-11,S02,P501,10,210.0,0.0,0,C1078,Card,11
T107021,2026-08-11,S02,P501,6,210.0,0.0,0,C0242,Card,8
T107022,2026-08-11,S02,P502,7,145.0,0.0,0,C0965,Card,9
T107023,2026-08-11,S02,P502,4,145.0,0.0,0,C1198,UPI,13
T107024,2026-08-11,S02,P503,8,95.0,0.0,0,C0057,UPI,11
T107025,2026-08-11,S02,P503,6,95.0,0.0,0,C0579,Cash,13
T107026,2026-08-11,S02,P503,3,95.0,0.0,0,C0775,Cash,9
T107027,2026-08-11,S02,P601,8,80.0,0.0,0,C0047,UPI,20
T107028,2026-08-11,S02,P601,7,80.0,0.0,0,C1156,UPI,20
T107029,2026-08-11,S02,P601,4,80.0,0.0,0,C0348,UPI,21
T107030,2026-08-11,S03,P101,5,60.0,0.0,0,C0470,UPI,17
T107031,2026-08-11,S03,P101,9,60.0,0.0,0,C0286,UPI,19
T107032,2026-08-11,S03,P102,6,45.0,0.0,0,C0670,UPI,17
T107033,2026-08-11,S03,P102,8,45.0,0.0,0,C0438,Card,9
T107034,2026-08-11,S03,P103,5,95.0,0.0,0,C0265,Cash,18
T107035,2026-08-11,S03,P104,1,145.0,0.0,0,C0339,UPI,16
T107036,2026-08-11,S03,P201,3,120.0,0.0,0,C0253,UPI,12
T107037,2026-08-11,S03,P202,5,42.0,0.0,0,C0296,Card,12
T107038,2026-08-11,S03,P202,8,42.0,0.0,0,C0534,Card,8
T107039,2026-08-11,S03,P203,6,95.0,0.0,0,C0592,UPI,16
T107040,2026-08-11,S03,P204,2,165.0,0.0,0,C0765,Cash,13
T107041,2026-08-11,S03,P301,4,50.0,0.0,0,C0171,Card,20
T107042,2026-08-11,S03,P301,8,50.0,0.0,0,C0855,Cash,21
T107043,2026-08-11,S03,P302,7,85.0,0.0,0,C1042,Cash,17
T107044,2026-08-11,S03,P302,3,85.0,0.0,0,C1071,Cash,11
T107045,2026-08-11,S03,P303,7,93.5,15.0,1,C0777,UPI,11
T107046,2026-08-11,S03,P304,8,25.0,0.0,0,C0377,Card,18
T107047,2026-08-11,S03,P304,5,25.0,0.0,0,C0714,Card,12
T107048,2026-08-11,S03,P401,5,35.0,0.0,0,C0667,Cash,17
T107049,2026-08-11,S03,P401,7,35.0,0.0,0,C0868,Cash,18
T107050,2026-08-11,S03,P401,9,35.0,0.0,0,C0061,UPI,13
T107051,2026-08-11,S03,P401,5,35.0,0.0,0,C0414,UPI,16
T107052,2026-08-11,S03,P402,8,30.0,0.0,1,C0800,Card,16
T107053,2026-08-11,S03,P402,5,28.5,5.0,1,C0523,UPI,18
T107054,2026-08-11,S03,P402,11,30.0,0.0,1,C0632,Cash,13
T107055,2026-08-11,S03,P402,7,30.0,0.0,1,C0443,Card,8
T107056,2026-08-11,S03,P403,7,55.0,0.0,0,C0635,UPI,19
T107057,2026-08-11,S03,P403,5,55.0,0.0,0,C0813,UPI,9
T107058,2026-08-11,S03,P501,7,210.0,0.0,0,C0137,UPI,8
T107059,2026-08-11,S03,P502,3,145.0,0.0,0,C0060,Cash,17
T107060,2026-08-11,S03,P502,6,145.0,0.0,0,C1022,UPI,12
T107061,2026-08-11,S03,P503,4,95.0,0.0,0,C1069,UPI,21
T107062,2026-08-11,S03,P503,5,95.0,0.0,0,C0042,UPI,13
T107063,2026-08-11,S03,P601,8,80.0,0.0,0,C0811,Card,17
T107064,2026-08-11,S04,P101,11,60.0,0.0,1,C0817,UPI,18
T107065,2026-08-11,S04,P101,8,60.0,0.0,1,C0284,UPI,13
T107066,2026-08-11,S04,P101,4,60.0,0.0,1,C1147,UPI,18
T107067,2026-08-11,S04,P102,5,45.0,0.0,0,C1148,UPI,9
T107068,2026-08-11,S04,P102,6,45.0,0.0,0,C1059,Card,20
T107069,2026-08-11,S04,P103,7,85.5,10.0,1,C0012,Cash,9
T107070,2026-08-11,S04,P103,3,85.5,10.0,1,C0954,UPI,9
T107071,2026-08-11,S04,P104,7,145.0,0.0,0,C0263,Cash,19
T107072,2026-08-11,S04,P201,5,120.0,0.0,0,C0284,UPI,18
T107073,2026-08-11,S04,P202,9,42.0,0.0,0,C0074,UPI,21
T107074,2026-08-11,S04,P202,6,42.0,0.0,0,C0915,Cash,21
T107075,2026-08-11,S04,P203,3,95.0,0.0,0,C0300,UPI,16
T107076,2026-08-11,S04,P203,6,95.0,0.0,0,C0144,UPI,16
T107077,2026-08-11,S04,P204,5,165.0,0.0,0,C1134,UPI,16
T107078,2026-08-11,S04,P301,8,50.0,0.0,1,C0340,Cash,10
T107079,2026-08-11,S04,P301,6,50.0,0.0,1,C0135,UPI,16
T107080,2026-08-11,S04,P301,8,47.5,5.0,1,C0580,UPI,11
T107081,2026-08-11,S04,P302,8,85.0,0.0,1,C0777,Card,11
T107082,2026-08-11,S04,P303,4,110.0,0.0,0,C1157,UPI,21
T107083,2026-08-11,S04,P304,6,22.5,10.0,1,C0298,UPI,8
T107084,2026-08-11,S04,P304,9,23.75,5.0,1,C0599,Card,17
T107085,2026-08-11,S04,P304,6,22.5,10.0,1,C0766,Card,8
T107086,2026-08-11,S04,P304,13,25.0,0.0,1,C0958,UPI,19
T107087,2026-08-11,S04,P401,4,35.0,0.0,0,C0205,Card,21
T107088,2026-08-11,S04,P401,9,35.0,0.0,0,C0363,UPI,20
T107089,2026-08-11,S04,P401,7,35.0,0.0,0,C0708,Cash,18
T107090,2026-08-11,S04,P402,7,28.5,5.0,1,C0483,UPI,20
T107091,2026-08-11,S04,P402,5,30.0,0.0,1,C0700,UPI,11
T107092,2026-08-11,S04,P402,10,30.0,0.0,1,C0123,UPI,10
T107093,2026-08-11,S04,P402,5,28.5,5.0,1,C0245,UPI,19
T107094,2026-08-11,S04,P403,5,55.0,0.0,0,C0554,Card,16
T107095,2026-08-11,S04,P403,5,55.0,0.0,0,C0052,UPI,16
T107096,2026-08-11,S04,P501,4,210.0,0.0,0,C0759,UPI,11
T107097,2026-08-11,S04,P501,5,210.0,0.0,0,C0797,UPI,20
T107098,2026-08-11,S04,P502,5,145.0,0.0,1,C0581,Card,13
T107099,2026-08-11,S04,P502,4,145.0,0.0,1,C0718,Card,13
T107100,2026-08-11,S04,P503,7,95.0,0.0,0,C0166,Card,21
T107101,2026-08-11,S04,P601,6,80.0,0.0,0,C0649,Card,12
T107102,2026-08-11,S04,P601,8,80.0,0.0,0,C0155,Cash,16
T107103,2026-08-12,S01,P101,9,60.0,0.0,0,C1007,UPI,20
T107104,2026-08-12,S01,P101,6,60.0,0.0,0,C0176,UPI,20
T107105,2026-08-12,S01,P101,7,60.0,0.0,0,C0428,Card,17
T107106,2026-08-12,S01,P102,8,45.0,0.0,0,C0171,Card,8
T107107,2026-08-12,S01,P102,8,45.0,0.0,0,C0473,Card,12
T107108,2026-08-12,S01,P102,6,45.0,0.0,0,C0957,UPI,11
T107109,2026-08-12,S01,P103,4,95.0,0.0,0,C1032,UPI,9
T107110,2026-08-12,S01,P104,8,145.0,0.0,0,C0897,Card,17
T107111,2026-08-12,S01,P201,7,120.0,0.0,0,C0066,UPI,12
T107112,2026-08-12,S01,P201,5,120.0,0.0,0,C0201,Card,18
T107113,2026-08-12,S01,P202,5,37.8,10.0,1,C0136,UPI,8
T107114,2026-08-12,S01,P202,9,39.9,5.0,1,C1015,UPI,19
T107115,2026-08-12,S01,P202,4,42.0,0.0,1,C1145,Cash,11
T107116,2026-08-12,S01,P203,8,95.0,0.0,0,C1111,UPI,20
T107117,2026-08-12,S01,P203,4,95.0,0.0,0,C0807,UPI,16
T107118,2026-08-12,S01,P204,3,165.0,0.0,0,C0214,Card,17
T107119,2026-08-12,S01,P301,4,50.0,0.0,0,C0344,Card,10
T107120,2026-08-12,S01,P301,10,50.0,0.0,0,C0862,UPI,9
T107121,2026-08-12,S01,P301,5,50.0,0.0,0,C0576,UPI,12
T107122,2026-08-12,S01,P301,6,50.0,0.0,0,C0064,UPI,9
T107123,2026-08-12,S01,P302,8,85.0,0.0,1,C0755,Card,20
T107124,2026-08-12,S01,P302,5,85.0,0.0,1,C0192,Cash,10
T107125,2026-08-12,S01,P303,6,110.0,0.0,0,C0175,Card,11
T107126,2026-08-12,S01,P303,3,110.0,0.0,0,C1000,UPI,12
T107127,2026-08-12,S01,P304,9,25.0,0.0,1,C0257,UPI,16
T107128,2026-08-12,S01,P304,8,22.5,10.0,1,C0342,UPI,16
T107129,2026-08-12,S01,P304,6,25.0,0.0,1,C0837,Card,18
T107130,2026-08-12,S01,P304,6,22.5,10.0,1,C1163,Card,20
T107131,2026-08-12,S01,P401,7,31.5,10.0,1,C0211,Cash,20
T107132,2026-08-12,S01,P401,11,35.0,0.0,1,C0177,Cash,19
T107133,2026-08-12,S01,P401,5,35.0,0.0,1,C0416,Cash,11
T107134,2026-08-12,S01,P402,10,30.0,0.0,0,C0525,Card,20
T107135,2026-08-12,S01,P402,7,30.0,0.0,0,C0023,Card,12
T107136,2026-08-12,S01,P402,4,30.0,0.0,0,C0258,UPI,9
T107137,2026-08-12,S01,P402,7,30.0,0.0,0,C0808,UPI,9
T107138,2026-08-12,S01,P403,7,55.0,0.0,0,C0624,Cash,17
T107139,2026-08-12,S01,P403,5,55.0,0.0,0,C1092,UPI,9
T107140,2026-08-12,S01,P403,5,55.0,0.0,0,C0220,UPI,18
T107141,2026-08-12,S01,P501,3,210.0,0.0,0,C0588,UPI,16
T107142,2026-08-12,S01,P501,7,210.0,0.0,0,C0943,Card,16
T107143,2026-08-12,S01,P502,7,145.0,0.0,0,C0877,UPI,19
T107144,2026-08-12,S01,P503,4,95.0,0.0,0,C0570,Card,17
T107145,2026-08-12,S01,P503,9,95.0,0.0,0,C0044,Cash,18
T107146,2026-08-12,S01,P601,10,80.0,0.0,0,C0833,Card,9
T107147,2026-08-12,S01,P601,5,80.0,0.0,0,C0372,UPI,20
T107148,2026-08-12,S02,P101,6,60.0,0.0,0,C1097,UPI,13
T107149,2026-08-12,S02,P101,12,60.0,0.0,0,C0040,UPI,13
T107150,2026-08-12,S02,P101,9,60.0,0.0,0,C1196,Card,13
T107151,2026-08-12,S02,P101,12,60.0,0.0,0,C0962,Cash,19
T107152,2026-08-12,S02,P102,5,45.0,0.0,1,C0099,UPI,17
T107153,2026-08-12,S02,P102,9,45.0,0.0,1,C0617,UPI,13
T107154,2026-08-12,S02,P102,5,45.0,0.0,1,C0530,Card,9
T107155,2026-08-12,S02,P102,7,42.75,5.0,1,C0100,UPI,12
T107156,2026-08-12,S02,P103,7,95.0,0.0,0,C1177,UPI,9
T107157,2026-08-12,S02,P103,3,95.0,0.0,0,C0310,Card,8
T107158,2026-08-12,S02,P104,5,145.0,0.0,0,C0934,Card,8
T107159,2026-08-12,S02,P104,5,145.0,0.0,0,C0241,UPI,20
T107160,2026-08-12,S02,P201,7,120.0,0.0,0,C1097,Card,9
T107161,2026-08-12,S02,P201,5,120.0,0.0,0,C0928,UPI,19
T107162,2026-08-12,S02,P202,12,42.0,0.0,0,C0215,Cash,16
T107163,2026-08-12,S02,P202,11,42.0,0.0,0,C1105,UPI,17
T107164,2026-08-12,S02,P202,5,42.0,0.0,0,C0135,UPI,12
T107165,2026-08-12,S02,P202,8,42.0,0.0,0,C1104,Card,11
T107166,2026-08-12,S02,P203,6,95.0,0.0,0,C0828,UPI,21
T107167,2026-08-12,S02,P203,5,95.0,0.0,0,C0253,Card,19
T107168,2026-08-12,S02,P204,6,165.0,0.0,0,C0916,UPI,13
T107169,2026-08-12,S02,P301,9,50.0,0.0,0,C0060,Card,8
T107170,2026-08-12,S02,P301,8,50.0,0.0,0,C0900,Card,12
T107171,2026-08-12,S02,P301,9,50.0,0.0,0,C0225,UPI,17
T107172,2026-08-12,S02,P301,6,50.0,0.0,0,C0429,Card,13
T107173,2026-08-12,S02,P302,9,85.0,0.0,0,C0351,Card,17
T107174,2026-08-12,S02,P302,5,85.0,0.0,0,C0741,Card,19
T107175,2026-08-12,S02,P302,8,85.0,0.0,0,C0458,Cash,8
T107176,2026-08-12,S02,P303,3,110.0,0.0,0,C0536,UPI,17
T107177,2026-08-12,S02,P303,8,110.0,0.0,0,C1081,UPI,11
T107178,2026-08-12,S02,P303,6,110.0,0.0,0,C0107,Cash,18
T107179,2026-08-12,S02,P304,12,25.0,0.0,0,C0950,Card,17
T107180,2026-08-12,S02,P304,7,25.0,0.0,0,C1148,UPI,19
T107181,2026-08-12,S02,P304,7,25.0,0.0,0,C0821,Card,11
T107182,2026-08-12,S02,P304,14,25.0,0.0,0,C0501,UPI,13
T107183,2026-08-12,S02,P401,7,35.0,0.0,0,C1094,UPI,9
T107184,2026-08-12,S02,P401,11,35.0,0.0,0,C0378,UPI,21
T107185,2026-08-12,S02,P401,9,35.0,0.0,0,C0331,Card,9
T107186,2026-08-12,S02,P401,11,35.0,0.0,0,C0881,UPI,10
T107187,2026-08-12,S02,P402,13,30.0,0.0,0,C0193,Cash,21
T107188,2026-08-12,S02,P402,6,30.0,0.0,0,C0706,UPI,17
T107189,2026-08-12,S02,P402,14,30.0,0.0,0,C0145,Card,12
T107190,2026-08-12,S02,P402,9,30.0,0.0,0,C1055,Cash,9
T107191,2026-08-12,S02,P403,4,55.0,0.0,0,C0877,UPI,11
T107192,2026-08-12,S02,P403,10,55.0,0.0,0,C0759,UPI,19
T107193,2026-08-12,S02,P403,5,55.0,0.0,0,C0815,UPI,10
T107194,2026-08-12,S02,P403,6,55.0,0.0,0,C0276,Card,19
T107195,2026-08-12,S02,P501,4,210.0,0.0,0,C1140,UPI,18
T107196,2026-08-12,S02,P501,9,210.0,0.0,0,C0595,UPI,21
T107197,2026-08-12,S02,P501,4,210.0,0.0,0,C0009,UPI,10
T107198,2026-08-12,S02,P502,8,145.0,0.0,0,C0388,UPI,13
T107199,2026-08-12,S02,P502,5,145.0,0.0,0,C0845,UPI,13
T107200,2026-08-12,S02,P503,5,90.25,5.0,1,C0234,UPI,20
T107201,2026-08-12,S02,P503,7,95.0,0.0,1,C0757,Cash,21
T107202,2026-08-12,S02,P503,10,90.25,5.0,1,C0004,UPI,10
T107203,2026-08-12,S02,P503,5,90.25,5.0,1,C0118,Card,11
T107204,2026-08-12,S02,P601,8,80.0,0.0,0,C0818,Cash,18
T107205,2026-08-12,S02,P601,4,80.0,0.0,0,C0279,Cash,21
T107206,2026-08-12,S02,P601,10,80.0,0.0,0,C0502,Cash,8
T107207,2026-08-12,S03,P101,9,60.0,0.0,0,C0544,UPI,8
T107208,2026-08-12,S03,P101,7,60.0,0.0,0,C0036,Cash,10
T107209,2026-08-12,S03,P102,8,45.0,0.0,0,C0357,Card,21
T107210,2026-08-12,S03,P102,6,45.0,0.0,0,C0954,Card,18
T107211,2026-08-12,S03,P103,8,95.0,0.0,0,C0053,Card,13
T107212,2026-08-12,S03,P104,4,145.0,0.0,0,C0473,UPI,10
T107213,2026-08-12,S03,P201,4,120.0,0.0,0,C0020,Card,10
T107214,2026-08-12,S03,P202,6,42.0,0.0,0,C1034,UPI,20
T107215,2026-08-12,S03,P202,7,42.0,0.0,0,C0238,UPI,21
T107216,2026-08-12,S03,P202,4,42.0,0.0,0,C0482,UPI,18
T107217,2026-08-12,S03,P203,7,90.25,5.0,1,C1060,Cash,8
T107218,2026-08-12,S03,P204,7,165.0,0.0,0,C0287,Card,12
T107219,2026-08-12,S03,P301,8,50.0,0.0,0,C0157,Cash,9
T107220,2026-08-12,S03,P301,6,50.0,0.0,0,C0982,UPI,12
T107221,2026-08-12,S03,P302,4,85.0,0.0,0,C0837,UPI,8
T107222,2026-08-12,S03,P303,4,110.0,0.0,1,C0759,Card,16
T107223,2026-08-12,S03,P304,10,25.0,0.0,0,C0310,UPI,9
T107224,2026-08-12,S03,P304,6,25.0,0.0,0,C0596,Card,13
T107225,2026-08-12,S03,P401,9,33.25,5.0,1,C1092,UPI,17
T107226,2026-08-12,S03,P401,7,35.0,0.0,1,C0304,UPI,21
T107227,2026-08-12,S03,P402,8,30.0,0.0,0,C0456,Cash,10
T107228,2026-08-12,S03,P402,6,30.0,0.0,0,C0328,Card,18
T107229,2026-08-12,S03,P402,8,30.0,0.0,0,C0736,UPI,18
T107230,2026-08-12,S03,P403,9,49.5,10.0,1,C0516,UPI,10
T107231,2026-08-12,S03,P403,6,55.0,0.0,1,C0844,UPI,9
T107232,2026-08-12,S03,P501,6,210.0,0.0,0,C1178,UPI,16
T107233,2026-08-12,S03,P501,3,210.0,0.0,0,C0989,Cash,12
T107234,2026-08-12,S03,P502,4,145.0,0.0,0,C0357,Cash,20
T107235,2026-08-12,S03,P502,7,145.0,0.0,0,C0226,UPI,11
T107236,2026-08-12,S03,P503,8,95.0,0.0,0,C0983,UPI,18
T107237,2026-08-12,S03,P601,7,80.0,0.0,0,C1177,UPI,16
T107238,2026-08-12,S03,P601,6,80.0,0.0,0,C0004,Card,20
T107239,2026-08-12,S04,P101,5,60.0,0.0,0,C0080,UPI,21
T107240,2026-08-12,S04,P101,5,60.0,0.0,0,C0337,UPI,13
T107241,2026-08-12,S04,P101,12,60.0,0.0,0,C0586,Card,11
T107242,2026-08-12,S04,P102,5,45.0,0.0,0,C0834,Card,13
T107243,2026-08-12,S04,P102,13,45.0,0.0,0,C0814,Card,10
T107244,2026-08-12,S04,P102,5,45.0,0.0,0,C0063,Card,18
T107245,2026-08-12,S04,P103,8,95.0,0.0,0,C0549,UPI,21
T107246,2026-08-12,S04,P104,3,145.0,0.0,0,C0066,UPI,13
T107247,2026-08-12,S04,P201,3,120.0,0.0,0,C0064,UPI,8
T107248,2026-08-12,S04,P202,10,42.0,0.0,0,C0962,Cash,13
T107249,2026-08-12,S04,P202,5,42.0,0.0,0,C0046,UPI,12
T107250,2026-08-12,S04,P203,7,95.0,0.0,0,C1144,UPI,19
T107251,2026-08-12,S04,P203,4,95.0,0.0,0,C1086,UPI,17
T107252,2026-08-12,S04,P204,5,165.0,0.0,0,C1129,UPI,9
T107253,2026-08-12,S04,P301,9,50.0,0.0,0,C0122,UPI,18
T107254,2026-08-12,S04,P301,4,50.0,0.0,0,C0400,UPI,10
T107255,2026-08-12,S04,P301,7,50.0,0.0,0,C0364,UPI,13
T107256,2026-08-12,S04,P302,7,85.0,0.0,0,C0611,UPI,20
T107257,2026-08-12,S04,P302,3,85.0,0.0,0,C0589,UPI,10
T107258,2026-08-12,S04,P303,2,110.0,0.0,0,C0495,Card,13
T107259,2026-08-12,S04,P304,9,25.0,0.0,0,C0368,Card,9
T107260,2026-08-12,S04,P304,7,25.0,0.0,0,C0609,UPI,12
T107261,2026-08-12,S04,P304,8,25.0,0.0,0,C0038,UPI,19
T107262,2026-08-12,S04,P401,5,31.5,10.0,1,C0379,UPI,21
T107263,2026-08-12,S04,P401,5,31.5,10.0,1,C1076,Card,21
T107264,2026-08-12,S04,P401,11,31.5,10.0,1,C0514,Card,9
T107265,2026-08-12,S04,P402,7,30.0,0.0,1,C0953,Cash,10
T107266,2026-08-12,S04,P402,9,28.5,5.0,1,C1047,UPI,21
T107267,2026-08-12,S04,P402,5,30.0,0.0,1,C0080,Card,8
T107268,2026-08-12,S04,P403,7,55.0,0.0,0,C0260,UPI,11
T107269,2026-08-12,S04,P403,4,55.0,0.0,0,C0658,Cash,11
T107270,2026-08-12,S04,P403,7,55.0,0.0,0,C0585,UPI,21
T107271,2026-08-12,S04,P501,7,210.0,0.0,0,C0813,UPI,20
T107272,2026-08-12,S04,P502,6,145.0,0.0,0,C0385,UPI,11
T107273,2026-08-12,S04,P502,3,145.0,0.0,0,C0976,Card,17
T107274,2026-08-12,S04,P503,4,95.0,0.0,0,C0113,Cash,20
T107275,2026-08-12,S04,P503,6,95.0,0.0,0,C0012,Card,11
T107276,2026-08-12,S04,P601,6,80.0,0.0,0,C0044,Cash,21
T107277,2026-08-12,S04,P601,4,80.0,0.0,0,C0509,UPI,18
T107278,2026-08-13,S01,P101,9,60.0,0.0,0,C0711,UPI,11
T107279,2026-08-13,S01,P101,8,60.0,0.0,0,C0961,UPI,18
T107280,2026-08-13,S01,P101,4,60.0,0.0,0,C0868,UPI,18
T107281,2026-08-13,S01,P102,6,45.0,0.0,0,C0459,Cash,12
T107282,2026-08-13,S01,P102,4,45.0,0.0,0,C1044,UPI,21
T107283,2026-08-13,S01,P103,6,95.0,0.0,0,C0612,Card,17
T107284,2026-08-13,S01,P104,7,130.5,10.0,1,C0676,Card,20
T107285,2026-08-13,S01,P201,7,120.0,0.0,0,C0508,UPI,16
T107286,2026-08-13,S01,P202,5,42.0,0.0,0,C0803,UPI,19
T107287,2026-08-13,S01,P202,8,42.0,0.0,0,C0132,Cash,20
T107288,2026-08-13,S01,P203,5,95.0,0.0,0,C0116,UPI,20
T107289,2026-08-13,S01,P203,5,95.0,0.0,0,C0068,UPI,19
T107290,2026-08-13,S01,P204,5,165.0,0.0,0,C0088,Card,17
T107291,2026-08-13,S01,P301,4,50.0,0.0,0,C0732,UPI,12
T107292,2026-08-13,S01,P301,11,50.0,0.0,0,C0511,Card,10
T107293,2026-08-13,S01,P301,5,50.0,0.0,0,C0371,Card,8
T107294,2026-08-13,S01,P302,4,85.0,0.0,0,C0506,UPI,20
T107295,2026-08-13,S01,P302,7,85.0,0.0,0,C0117,UPI,20
T107296,2026-08-13,S01,P303,8,110.0,0.0,0,C1174,Cash,20
T107297,2026-08-13,S01,P304,10,23.75,5.0,1,C0590,Cash,19
T107298,2026-08-13,S01,P304,5,25.0,0.0,1,C0732,UPI,19
T107299,2026-08-13,S01,P304,6,21.25,15.0,1,C1010,Cash,16
T107300,2026-08-13,S01,P401,9,35.0,0.0,0,C0324,Card,12
T107301,2026-08-13,S01,P401,6,35.0,0.0,0,C0682,Cash,17
T107302,2026-08-13,S01,P401,8,35.0,0.0,0,C0365,UPI,12
T107303,2026-08-13,S01,P402,9,30.0,0.0,0,C0147,UPI,19
T107304,2026-08-13,S01,P402,5,30.0,0.0,0,C0452,UPI,11
T107305,2026-08-13,S01,P402,7,30.0,0.0,0,C0757,Cash,16
T107306,2026-08-13,S01,P402,5,30.0,0.0,0,C1154,UPI,16
T107307,2026-08-13,S01,P403,6,55.0,0.0,0,C0500,UPI,13
T107308,2026-08-13,S01,P403,7,55.0,0.0,0,C0974,UPI,13
T107309,2026-08-13,S01,P501,5,210.0,0.0,0,C0225,UPI,10
T107310,2026-08-13,S01,P502,5,145.0,0.0,0,C0779,UPI,10
T107311,2026-08-13,S01,P503,6,95.0,0.0,0,C0658,Cash,13
T107312,2026-08-13,S01,P503,5,95.0,0.0,0,C1110,Cash,16
T107313,2026-08-13,S01,P601,8,80.0,0.0,0,C1072,UPI,21
T107314,2026-08-13,S01,P601,3,80.0,0.0,0,C0571,Card,12
T107315,2026-08-13,S02,P101,7,60.0,0.0,0,C0812,Cash,12
T107316,2026-08-13,S02,P101,5,60.0,0.0,0,C0931,Cash,9
T107317,2026-08-13,S02,P101,5,60.0,0.0,0,C0049,UPI,17
T107318,2026-08-13,S02,P101,10,60.0,0.0,0,C0398,UPI,12
T107319,2026-08-13,S02,P102,8,38.25,15.0,1,C0709,Card,19
T107320,2026-08-13,S02,P102,8,40.5,10.0,1,C0006,Cash,16
T107321,2026-08-13,S02,P102,3,45.0,0.0,1,C1091,UPI,16
T107322,2026-08-13,S02,P103,5,95.0,0.0,0,C0854,UPI,20
T107323,2026-08-13,S02,P103,6,95.0,0.0,0,C0349,Cash,13
T107324,2026-08-13,S02,P104,6,145.0,0.0,0,C0801,Card,19
T107325,2026-08-13,S02,P201,7,120.0,0.0,0,C0234,UPI,11
T107326,2026-08-13,S02,P201,5,120.0,0.0,0,C0189,Card,13
T107327,2026-08-13,S02,P202,5,42.0,0.0,0,C0433,UPI,11
T107328,2026-08-13,S02,P202,5,42.0,0.0,0,C0623,UPI,21
T107329,2026-08-13,S02,P202,13,42.0,0.0,0,C0682,UPI,13
T107330,2026-08-13,S02,P202,5,42.0,0.0,0,C0161,Cash,17
T107331,2026-08-13,S02,P203,7,95.0,0.0,0,C0759,Card,20
T107332,2026-08-13,S02,P203,5,95.0,0.0,0,C1025,Cash,18
T107333,2026-08-13,S02,P203,8,95.0,0.0,0,C0242,UPI,17
T107334,2026-08-13,S02,P204,6,165.0,0.0,0,C0737,UPI,8
T107335,2026-08-13,S02,P301,6,50.0,0.0,0,C0412,Card,11
T107336,2026-08-13,S02,P301,12,50.0,0.0,0,C0053,Card,11
T107337,2026-08-13,S02,P301,7,50.0,0.0,0,C0083,UPI,10
T107338,2026-08-13,S02,P301,7,50.0,0.0,0,C0430,UPI,8
T107339,2026-08-13,S02,P302,5,85.0,0.0,0,C1080,Cash,17
T107340,2026-08-13,S02,P302,8,85.0,0.0,0,C0571,UPI,9
T107341,2026-08-13,S02,P302,4,85.0,0.0,0,C0474,Card,10
T107342,2026-08-13,S02,P303,8,110.0,0.0,0,C0088,Card,17
T107343,2026-08-13,S02,P303,4,110.0,0.0,0,C0524,UPI,10
T107344,2026-08-13,S02,P304,10,25.0,0.0,0,C0272,UPI,21
T107345,2026-08-13,S02,P304,7,25.0,0.0,0,C0738,UPI,19
T107346,2026-08-13,S02,P304,7,25.0,0.0,0,C0116,Card,11
T107347,2026-08-13,S02,P304,13,25.0,0.0,0,C0066,Card,12
T107348,2026-08-13,S02,P401,10,35.0,0.0,0,C0120,Card,21
T107349,2026-08-13,S02,P401,6,35.0,0.0,0,C0418,Card,18
T107350,2026-08-13,S02,P401,11,35.0,0.0,0,C0203,UPI,12
T107351,2026-08-13,S02,P401,10,35.0,0.0,0,C1190,Cash,17
T107352,2026-08-13,S02,P402,14,30.0,0.0,0,C1137,UPI,13
T107353,2026-08-13,S02,P402,12,30.0,0.0,0,C0955,UPI,18
T107354,2026-08-13,S02,P402,7,30.0,0.0,0,C1055,UPI,17
T107355,2026-08-13,S02,P402,10,30.0,0.0,0,C0965,Cash,21
T107356,2026-08-13,S02,P403,6,55.0,0.0,0,C0653,Card,19
T107357,2026-08-13,S02,P403,5,55.0,0.0,0,C0542,UPI,18
T107358,2026-08-13,S02,P403,8,55.0,0.0,0,C0044,UPI,21
T107359,2026-08-13,S02,P501,5,210.0,0.0,0,C0408,UPI,19
T107360,2026-08-13,S02,P501,6,210.0,0.0,0,C1096,UPI,9
T107361,2026-08-13,S02,P502,4,145.0,0.0,1,C0320,UPI,20
T107362,2026-08-13,S02,P502,8,145.0,0.0,1,C0759,UPI,12
T107363,2026-08-13,S02,P503,4,95.0,0.0,0,C0803,UPI,21
T107364,2026-08-13,S02,P503,10,95.0,0.0,0,C0510,Cash,16
T107365,2026-08-13,S02,P503,6,95.0,0.0,0,C0843,UPI,9
T107366,2026-08-13,S02,P601,5,80.0,0.0,0,C0872,UPI,16
T107367,2026-08-13,S02,P601,6,80.0,0.0,0,C0723,Cash,10
T107368,2026-08-13,S02,P601,11,80.0,0.0,0,C0507,Card,8
T107369,2026-08-13,S03,P101,6,60.0,0.0,0,C0498,UPI,9
T107370,2026-08-13,S03,P101,6,60.0,0.0,0,C0584,UPI,16
T107371,2026-08-13,S03,P101,6,60.0,0.0,0,C0339,Cash,17
T107372,2026-08-13,S03,P102,8,45.0,0.0,0,C0414,UPI,19
T107373,2026-08-13,S03,P103,4,80.75,15.0,1,C0309,Card,13
T107374,2026-08-13,S03,P104,4,145.0,0.0,0,C0673,Card,18
T107375,2026-08-13,S03,P201,5,120.0,0.0,0,C0335,Cash,19
T107376,2026-08-13,S03,P202,6,37.8,10.0,1,C1033,UPI,10
T107377,2026-08-13,S03,P202,8,37.8,10.0,1,C0350,Card,19
T107378,2026-08-13,S03,P203,7,95.0,0.0,0,C0435,UPI,13
T107379,2026-08-13,S03,P204,4,165.0,0.0,0,C0160,UPI,8
T107380,2026-08-13,S03,P301,5,50.0,0.0,0,C0147,Card,18
T107381,2026-08-13,S03,P301,9,50.0,0.0,0,C0547,Card,16
T107382,2026-08-13,S03,P302,6,85.0,0.0,0,C0137,Card,20
T107383,2026-08-13,S03,P303,6,99.0,10.0,1,C0598,UPI,21
T107384,2026-08-13,S03,P304,10,25.0,0.0,0,C0569,UPI,21
T107385,2026-08-13,S03,P304,4,25.0,0.0,0,C0180,Card,16
T107386,2026-08-13,S03,P304,7,25.0,0.0,0,C0472,Card,13
T107387,2026-08-13,S03,P401,8,35.0,0.0,0,C0189,Card,19
T107388,2026-08-13,S03,P401,8,35.0,0.0,0,C0825,Card,11
T107389,2026-08-13,S03,P402,8,30.0,0.0,0,C0046,Cash,11
T107390,2026-08-13,S03,P402,5,30.0,0.0,0,C0818,UPI,8
T107391,2026-08-13,S03,P402,8,30.0,0.0,0,C0089,UPI,19
T107392,2026-08-13,S03,P403,6,55.0,0.0,0,C0982,Card,13
T107393,2026-08-13,S03,P403,7,55.0,0.0,0,C0340,UPI,20
T107394,2026-08-13,S03,P501,8,210.0,0.0,0,C1034,Card,10
T107395,2026-08-13,S03,P502,4,145.0,0.0,0,C0825,UPI,16
T107396,2026-08-13,S03,P503,7,95.0,0.0,0,C0067,Card,13
T107397,2026-08-13,S03,P601,6,72.0,10.0,1,C0346,Card,17
T107398,2026-08-13,S03,P601,4,76.0,5.0,1,C0906,Card,18
T107399,2026-08-13,S04,P101,8,60.0,0.0,0,C0269,Card,16
T107400,2026-08-13,S04,P101,7,60.0,0.0,0,C0798,Card,10
T107401,2026-08-13,S04,P101,7,60.0,0.0,0,C0209,UPI,19
T107402,2026-08-13,S04,P102,10,45.0,0.0,0,C0098,UPI,19
T107403,2026-08-13,S04,P102,4,45.0,0.0,0,C0141,Cash,17
T107404,2026-08-13,S04,P102,8,45.0,0.0,0,C0417,UPI,11
T107405,2026-08-13,S04,P103,7,95.0,0.0,0,C1145,UPI,8
T107406,2026-08-13,S04,P104,6,145.0,0.0,0,C0624,Card,18
T107407,2026-08-13,S04,P201,2,120.0,0.0,0,C0288,UPI,13
T107408,2026-08-13,S04,P202,7,42.0,0.0,0,C1038,Card,9
T107409,2026-08-13,S04,P202,6,42.0,0.0,0,C0469,UPI,13
T107410,2026-08-13,S04,P203,4,95.0,0.0,0,C0854,UPI,13
T107411,2026-08-13,S04,P204,3,165.0,0.0,0,C0459,Card,13
T107412,2026-08-13,S04,P204,7,165.0,0.0,0,C0142,Card,13
T107413,2026-08-13,S04,P301,4,47.5,5.0,1,C0805,UPI,10
T107414,2026-08-13,S04,P301,9,50.0,0.0,1,C0967,UPI,13
T107415,2026-08-13,S04,P301,5,50.0,0.0,1,C0890,UPI,8
T107416,2026-08-13,S04,P302,5,85.0,0.0,0,C0565,Cash,10
T107417,2026-08-13,S04,P302,9,85.0,0.0,0,C0150,Card,18
T107418,2026-08-13,S04,P303,5,110.0,0.0,0,C1011,UPI,20
T107419,2026-08-13,S04,P303,4,110.0,0.0,0,C1098,UPI,19
T107420,2026-08-13,S04,P304,7,25.0,0.0,0,C1076,UPI,10
T107421,2026-08-13,S04,P304,9,25.0,0.0,0,C0919,Card,10
T107422,2026-08-13,S04,P304,9,25.0,0.0,0,C1106,UPI,13
T107423,2026-08-13,S04,P304,7,25.0,0.0,0,C0828,Cash,21
T107424,2026-08-13,S04,P401,8,35.0,0.0,0,C0695,UPI,8
T107425,2026-08-13,S04,P401,6,35.0,0.0,0,C0400,Cash,16
T107426,2026-08-13,S04,P401,7,35.0,0.0,0,C0489,UPI,17
T107427,2026-08-13,S04,P402,11,30.0,0.0,0,C0721,UPI,11
T107428,2026-08-13,S04,P402,9,30.0,0.0,0,C0401,Card,9
T107429,2026-08-13,S04,P402,8,30.0,0.0,0,C0413,Card,8
T107430,2026-08-13,S04,P402,8,30.0,0.0,0,C0293,Cash,12
T107431,2026-08-13,S04,P403,4,55.0,0.0,0,C0570,UPI,21
T107432,2026-08-13,S04,P403,6,55.0,0.0,0,C1168,Card,16
T107433,2026-08-13,S04,P501,6,210.0,0.0,0,C0757,UPI,10
T107434,2026-08-13,S04,P501,5,210.0,0.0,0,C0583,Card,19
T107435,2026-08-13,S04,P502,3,145.0,0.0,0,C1127,Card,21
T107436,2026-08-13,S04,P502,6,145.0,0.0,0,C0782,Card,19
T107437,2026-08-13,S04,P503,7,95.0,0.0,0,C0289,Card,19
T107438,2026-08-13,S04,P601,6,80.0,0.0,0,C0723,Card,21
T107439,2026-08-13,S04,P601,3,80.0,0.0,0,C0349,UPI,11
T107440,2026-08-14,S01,P101,10,60.0,0.0,0,C0370,Card,20
T107441,2026-08-14,S01,P101,6,60.0,0.0,0,C1185,UPI,18
T107442,2026-08-14,S01,P102,4,45.0,0.0,0,C0525,Card,17
T107443,2026-08-14,S01,P102,7,45.0,0.0,0,C1086,UPI,12
T107444,2026-08-14,S01,P102,6,45.0,0.0,0,C0701,UPI,16
T107445,2026-08-14,S01,P103,4,95.0,0.0,0,C0268,Cash,13
T107446,2026-08-14,S01,P103,7,95.0,0.0,0,C0526,UPI,21
T107447,2026-08-14,S01,P104,6,145.0,0.0,0,C0537,Card,21
T107448,2026-08-14,S01,P201,4,108.0,10.0,1,C0068,UPI,8
T107449,2026-08-14,S01,P201,5,120.0,0.0,1,C0871,UPI,17
T107450,2026-08-14,S01,P202,9,42.0,0.0,0,C0525,UPI,19
T107451,2026-08-14,S01,P202,5,42.0,0.0,0,C0179,UPI,11
T107452,2026-08-14,S01,P202,9,42.0,0.0,0,C1132,UPI,10
T107453,2026-08-14,S01,P203,6,95.0,0.0,0,C0138,Card,10
T107454,2026-08-14,S01,P203,5,95.0,0.0,0,C0065,Cash,9
T107455,2026-08-14,S01,P204,4,165.0,0.0,0,C1050,Card,13
T107456,2026-08-14,S01,P301,6,50.0,0.0,0,C0429,Card,18
T107457,2026-08-14,S01,P301,11,50.0,0.0,0,C0112,UPI,20
T107458,2026-08-14,S01,P301,6,50.0,0.0,0,C0360,UPI,19
T107459,2026-08-14,S01,P302,6,85.0,0.0,0,C0688,Card,13
T107460,2026-08-14,S01,P302,7,85.0,0.0,0,C0661,UPI,13
T107461,2026-08-14,S01,P303,7,110.0,0.0,0,C0069,UPI,20
T107462,2026-08-14,S01,P304,7,25.0,0.0,0,C0016,Card,9
T107463,2026-08-14,S01,P304,7,25.0,0.0,0,C1188,UPI,12
T107464,2026-08-14,S01,P304,6,25.0,0.0,0,C0632,UPI,12
T107465,2026-08-14,S01,P401,4,35.0,0.0,0,C1163,Card,13
T107466,2026-08-14,S01,P401,7,35.0,0.0,0,C1045,UPI,16
T107467,2026-08-14,S01,P401,7,35.0,0.0,0,C0518,UPI,19
T107468,2026-08-14,S01,P402,12,30.0,0.0,0,C1166,UPI,12
T107469,2026-08-14,S01,P402,9,30.0,0.0,0,C1060,Cash,10
T107470,2026-08-14,S01,P402,7,30.0,0.0,0,C0191,Card,8
T107471,2026-08-14,S01,P402,10,30.0,0.0,0,C0150,Card,17
T107472,2026-08-14,S01,P403,8,52.25,5.0,1,C1166,UPI,10
T107473,2026-08-14,S01,P403,5,55.0,0.0,1,C0753,UPI,12
T107474,2026-08-14,S01,P501,5,210.0,0.0,0,C0259,UPI,9
T107475,2026-08-14,S01,P501,10,210.0,0.0,0,C0943,UPI,11
T107476,2026-08-14,S01,P502,7,145.0,0.0,0,C0021,Card,21
T107477,2026-08-14,S01,P503,4,95.0,0.0,0,C0236,Card,8
T107478,2026-08-14,S01,P503,7,95.0,0.0,0,C0332,Card,20
T107479,2026-08-14,S01,P601,5,80.0,0.0,0,C0693,Cash,8
T107480,2026-08-14,S01,P601,8,80.0,0.0,0,C0875,UPI,9
T107481,2026-08-14,S01,P601,4,80.0,0.0,0,C0051,Card,19
T107482,2026-08-14,S02,P101,12,60.0,0.0,0,C0888,UPI,18
T107483,2026-08-14,S02,P101,8,60.0,0.0,0,C0231,Cash,17
T107484,2026-08-14,S02,P101,15,60.0,0.0,0,C1049,UPI,17
T107485,2026-08-14,S02,P101,8,60.0,0.0,0,C0119,Card,11
T107486,2026-08-14,S02,P102,7,45.0,0.0,0,C1015,UPI,19
T107487,2026-08-14,S02,P102,8,45.0,0.0,0,C0482,UPI,13
T107488,2026-08-14,S02,P102,5,45.0,0.0,0,C0300,UPI,8
T107489,2026-08-14,S02,P103,7,95.0,0.0,0,C0555,Cash,9
T107490,2026-08-14,S02,P103,7,95.0,0.0,0,C0589,UPI,10
T107491,2026-08-14,S02,P103,9,95.0,0.0,0,C1045,UPI,8
T107492,2026-08-14,S02,P104,4,145.0,0.0,0,C0700,Card,17
T107493,2026-08-14,S02,P201,4,120.0,0.0,0,C0386,Cash,20
T107494,2026-08-14,S02,P201,7,120.0,0.0,0,C0176,UPI,13
T107495,2026-08-14,S02,P202,4,42.0,0.0,0,C0081,UPI,19
T107496,2026-08-14,S02,P202,7,42.0,0.0,0,C0993,Card,12
T107497,2026-08-14,S02,P202,10,42.0,0.0,0,C0615,Card,11
T107498,2026-08-14,S02,P203,6,95.0,0.0,0,C0579,Card,20
T107499,2026-08-14,S02,P204,6,165.0,0.0,0,C0831,UPI,20
T107500,2026-08-14,S02,P204,3,165.0,0.0,0,C0731,Card,21
T107501,2026-08-14,S02,P301,11,50.0,0.0,0,C0917,UPI,10
T107502,2026-08-14,S02,P301,7,50.0,0.0,0,C0511,Card,11
T107503,2026-08-14,S02,P301,11,50.0,0.0,0,C0387,UPI,19
T107504,2026-08-14,S02,P301,8,50.0,0.0,0,C0277,Card,19
T107505,2026-08-14,S02,P302,5,85.0,0.0,1,C0126,UPI,17
T107506,2026-08-14,S02,P302,8,80.75,5.0,1,C0749,Cash,17
T107507,2026-08-14,S02,P302,4,85.0,0.0,1,C0325,UPI,9
T107508,2026-08-14,S02,P303,7,93.5,15.0,1,C0958,Cash,20
T107509,2026-08-14,S02,P304,10,25.0,0.0,0,C0194,Card,12
T107510,2026-08-14,S02,P304,13,25.0,0.0,0,C1104,UPI,8
T107511,2026-08-14,S02,P304,12,25.0,0.0,0,C1022,Card,19
T107512,2026-08-14,S02,P304,17,25.0,0.0,0,C1065,UPI,9
T107513,2026-08-14,S02,P401,8,35.0,0.0,0,C0304,Card,18
T107514,2026-08-14,S02,P401,7,35.0,0.0,0,C0260,UPI,19
T107515,2026-08-14,S02,P401,8,35.0,0.0,0,C0053,UPI,13
T107516,2026-08-14,S02,P401,13,35.0,0.0,0,C0144,UPI,8
T107517,2026-08-14,S02,P402,6,30.0,0.0,0,C1175,UPI,18
T107518,2026-08-14,S02,P402,9,30.0,0.0,0,C0102,UPI,16
T107519,2026-08-14,S02,P402,7,30.0,0.0,0,C0489,UPI,17
T107520,2026-08-14,S02,P402,10,30.0,0.0,0,C1146,Card,17
T107521,2026-08-14,S02,P403,10,55.0,0.0,0,C1119,Card,19
T107522,2026-08-14,S02,P403,8,55.0,0.0,0,C0844,Card,8
T107523,2026-08-14,S02,P403,6,55.0,0.0,0,C1027,UPI,17
T107524,2026-08-14,S02,P501,10,210.0,0.0,0,C0312,Card,12
T107525,2026-08-14,S02,P501,4,210.0,0.0,0,C1127,Card,18
T107526,2026-08-14,S02,P502,4,145.0,0.0,0,C1174,Card,13
T107527,2026-08-14,S02,P502,10,145.0,0.0,0,C0970,Card,8
T107528,2026-08-14,S02,P503,7,95.0,0.0,0,C0005,Card,17
T107529,2026-08-14,S02,P503,5,95.0,0.0,0,C0738,Card,17
T107530,2026-08-14,S02,P601,8,80.0,0.0,0,C0339,UPI,13
T107531,2026-08-14,S02,P601,5,80.0,0.0,0,C0338,UPI,8
T107532,2026-08-14,S03,P101,9,60.0,0.0,0,C0459,Card,9
T107533,2026-08-14,S03,P101,7,60.0,0.0,0,C0573,Cash,20
T107534,2026-08-14,S03,P102,8,45.0,0.0,0,C0055,UPI,9
T107535,2026-08-14,S03,P103,8,95.0,0.0,0,C0472,Card,18
T107536,2026-08-14,S03,P104,4,145.0,0.0,0,C0402,Card,8
T107537,2026-08-14,S03,P201,5,120.0,0.0,0,C0130,Card,10
T107538,2026-08-14,S03,P202,7,42.0,0.0,0,C0323,UPI,16
T107539,2026-08-14,S03,P203,6,95.0,0.0,0,C0707,UPI,9
T107540,2026-08-14,S03,P204,4,165.0,0.0,0,C0907,UPI,17
T107541,2026-08-14,S03,P301,7,42.5,15.0,1,C0718,UPI,12
T107542,2026-08-14,S03,P301,5,45.0,10.0,1,C1170,Card,18
T107543,2026-08-14,S03,P302,8,85.0,0.0,1,C1007,Card,19
T107544,2026-08-14,S03,P303,3,110.0,0.0,0,C0461,UPI,21
T107545,2026-08-14,S03,P304,9,25.0,0.0,0,C0464,Card,19
T107546,2026-08-14,S03,P304,6,25.0,0.0,0,C0963,UPI,21
T107547,2026-08-14,S03,P401,6,35.0,0.0,0,C0525,Cash,12
T107548,2026-08-14,S03,P401,3,35.0,0.0,0,C0488,UPI,9
T107549,2026-08-14,S03,P402,4,30.0,0.0,0,C0602,UPI,19
T107550,2026-08-14,S03,P402,7,30.0,0.0,0,C0194,Card,9
T107551,2026-08-14,S03,P402,8,30.0,0.0,0,C0730,UPI,12
T107552,2026-08-14,S03,P403,6,55.0,0.0,0,C0054,Card,17
T107553,2026-08-14,S03,P501,7,210.0,0.0,0,C0428,Card,9
T107554,2026-08-14,S03,P502,5,137.75,5.0,1,C0651,Card,10
T107555,2026-08-14,S03,P503,5,95.0,0.0,0,C1183,Card,18
T107556,2026-08-14,S03,P503,4,95.0,0.0,0,C0519,Cash,18
T107557,2026-08-14,S03,P601,4,80.0,0.0,0,C0038,Card,8
T107558,2026-08-14,S03,P601,5,80.0,0.0,0,C0113,UPI,18
T107559,2026-08-14,S04,P101,5,60.0,0.0,0,C0562,Card,19
T107560,2026-08-14,S04,P101,9,60.0,0.0,0,C0061,Cash,13
T107561,2026-08-14,S04,P101,9,60.0,0.0,0,C1082,Card,13
T107562,2026-08-14,S04,P102,3,45.0,0.0,0,C0387,Card,10
T107563,2026-08-14,S04,P102,7,45.0,0.0,0,C0329,Card,21
T107564,2026-08-14,S04,P103,8,95.0,0.0,0,C0182,UPI,21
T107565,2026-08-14,S04,P103,6,95.0,0.0,0,C0667,UPI,17
T107566,2026-08-14,S04,P104,5,145.0,0.0,1,C0269,Card,19
T107567,2026-08-14,S04,P201,6,120.0,0.0,0,C0117,Cash,19
T107568,2026-08-14,S04,P202,6,42.0,0.0,0,C0453,Card,10
T107569,2026-08-14,S04,P202,5,42.0,0.0,0,C1129,UPI,9
T107570,2026-08-14,S04,P202,6,42.0,0.0,0,C0506,Card,16
T107571,2026-08-14,S04,P203,8,95.0,0.0,0,C0513,Cash,20
T107572,2026-08-14,S04,P204,4,165.0,0.0,0,C1089,Card,8
T107573,2026-08-14,S04,P301,7,50.0,0.0,0,C0456,UPI,21
T107574,2026-08-14,S04,P301,6,50.0,0.0,0,C0163,Card,12
T107575,2026-08-14,S04,P302,8,85.0,0.0,0,C0852,Card,11
T107576,2026-08-14,S04,P303,5,104.5,5.0,1,C0498,Card,10
T107577,2026-08-14,S04,P304,9,25.0,0.0,0,C0082,UPI,17
T107578,2026-08-14,S04,P304,9,25.0,0.0,0,C0685,UPI,12
T107579,2026-08-14,S04,P304,9,25.0,0.0,0,C0696,Card,17
T107580,2026-08-14,S04,P304,10,25.0,0.0,0,C0008,Cash,10
T107581,2026-08-14,S04,P401,8,35.0,0.0,0,C0791,Cash,17
T107582,2026-08-14,S04,P401,9,35.0,0.0,0,C0704,UPI,9
T107583,2026-08-14,S04,P401,5,35.0,0.0,0,C1057,UPI,17
T107584,2026-08-14,S04,P402,9,30.0,0.0,1,C0742,UPI,21
T107585,2026-08-14,S04,P402,9,30.0,0.0,1,C0046,Card,12
T107586,2026-08-14,S04,P402,4,25.5,15.0,1,C1003,UPI,10
T107587,2026-08-14,S04,P403,7,55.0,0.0,0,C1023,UPI,19
T107588,2026-08-14,S04,P403,8,55.0,0.0,0,C1058,UPI,10
T107589,2026-08-14,S04,P501,8,210.0,0.0,0,C0343,UPI,10
T107590,2026-08-14,S04,P502,8,145.0,0.0,0,C0110,Card,17
T107591,2026-08-14,S04,P503,6,95.0,0.0,0,C0961,Cash,12
T107592,2026-08-14,S04,P601,6,80.0,0.0,0,C0199,Card,20
T107593,2026-08-14,S04,P601,7,80.0,0.0,0,C0200,UPI,21
T107594,2026-08-14,S04,P601,4,80.0,0.0,0,C0312,Cash,13
T107595,2026-08-15,S01,P101,9,60.0,0.0,0,C0693,Cash,10
T107596,2026-08-15,S01,P101,10,60.0,0.0,0,C0043,Card,12
T107597,2026-08-15,S01,P101,5,60.0,0.0,0,C1043,UPI,13
T107598,2026-08-15,S01,P102,7,45.0,0.0,1,C0098,Card,9
T107599,2026-08-15,S01,P102,8,38.25,15.0,1,C0405,UPI,19
T107600,2026-08-15,S01,P102,6,40.5,10.0,1,C0834,Cash,17
T107601,2026-08-15,S01,P102,4,45.0,0.0,1,C0532,Card,17
T107602,2026-08-15,S01,P103,6,95.0,0.0,0,C0989,Card,20
T107603,2026-08-15,S01,P103,3,95.0,0.0,0,C0906,UPI,18
T107604,2026-08-15,S01,P104,6,145.0,0.0,0,C1015,UPI,8
T107605,2026-08-15,S01,P201,7,114.0,5.0,1,C0828,UPI,20
T107606,2026-08-15,S01,P201,3,114.0,5.0,1,C1066,UPI,9
T107607,2026-08-15,S01,P202,10,42.0,0.0,0,C0801,Cash,9
T107608,2026-08-15,S01,P202,7,42.0,0.0,0,C1009,Card,19
T107609,2026-08-15,S01,P202,4,42.0,0.0,0,C1143,UPI,12
T107610,2026-08-15,S01,P203,5,95.0,0.0,0,C0068,UPI,11
T107611,2026-08-15,S01,P203,11,95.0,0.0,0,C0221,Card,8
T107612,2026-08-15,S01,P204,4,165.0,0.0,0,C0575,UPI,18
T107613,2026-08-15,S01,P301,7,50.0,0.0,1,C0602,Card,11
T107614,2026-08-15,S01,P301,7,50.0,0.0,1,C0355,UPI,8
T107615,2026-08-15,S01,P301,4,50.0,0.0,1,C0190,UPI,21
T107616,2026-08-15,S01,P302,5,85.0,0.0,1,C0259,UPI,20
T107617,2026-08-15,S01,P302,6,76.5,10.0,1,C0134,UPI,18
T107618,2026-08-15,S01,P302,12,76.5,10.0,1,C0693,Cash,18
T107619,2026-08-15,S01,P303,4,110.0,0.0,0,C0925,Card,13
T107620,2026-08-15,S01,P303,8,110.0,0.0,0,C0882,Card,11
T107621,2026-08-15,S01,P304,7,25.0,0.0,0,C0891,UPI,16
T107622,2026-08-15,S01,P304,9,25.0,0.0,0,C0639,Card,13
T107623,2026-08-15,S01,P304,11,25.0,0.0,0,C0112,Card,20
T107624,2026-08-15,S01,P304,7,25.0,0.0,0,C0675,Card,11
T107625,2026-08-15,S01,P401,7,35.0,0.0,0,C0820,Cash,10
T107626,2026-08-15,S01,P401,6,35.0,0.0,0,C0179,UPI,13
T107627,2026-08-15,S01,P401,10,35.0,0.0,0,C0183,UPI,11
T107628,2026-08-15,S01,P401,12,35.0,0.0,0,C0892,Cash,17
T107629,2026-08-15,S01,P402,7,30.0,0.0,1,C0315,Card,19
T107630,2026-08-15,S01,P402,9,30.0,0.0,1,C0829,Cash,19
T107631,2026-08-15,S01,P402,5,30.0,0.0,1,C0722,Card,18
T107632,2026-08-15,S01,P402,11,30.0,0.0,1,C1182,UPI,19
T107633,2026-08-15,S01,P403,4,55.0,0.0,0,C0726,UPI,16
T107634,2026-08-15,S01,P403,7,55.0,0.0,0,C0319,UPI,19
T107635,2026-08-15,S01,P403,10,55.0,0.0,0,C0059,Cash,18
T107636,2026-08-15,S01,P501,5,210.0,0.0,0,C0385,UPI,8
T107637,2026-08-15,S01,P501,7,210.0,0.0,0,C0006,Card,8
T107638,2026-08-15,S01,P502,4,145.0,0.0,0,C0023,Card,13
T107639,2026-08-15,S01,P503,4,95.0,0.0,0,C0450,Cash,21
T107640,2026-08-15,S01,P503,5,95.0,0.0,0,C1191,Card,19
T107641,2026-08-15,S01,P503,8,95.0,0.0,0,C0910,UPI,8
T107642,2026-08-15,S01,P601,5,80.0,0.0,0,C0506,UPI,20
T107643,2026-08-15,S01,P601,9,80.0,0.0,0,C0307,UPI,13
T107644,2026-08-15,S01,P601,7,80.0,0.0,0,C0409,UPI,12
T107645,2026-08-15,S02,P101,9,60.0,0.0,0,C0846,Card,21
T107646,2026-08-15,S02,P101,10,60.0,0.0,0,C1106,Card,12
T107647,2026-08-15,S02,P101,15,60.0,0.0,0,C0236,UPI,17
T107648,2026-08-15,S02,P101,12,60.0,0.0,0,C1147,UPI,17
T107649,2026-08-15,S02,P102,7,45.0,0.0,0,C0175,Cash,13
T107650,2026-08-15,S02,P102,9,45.0,0.0,0,C0407,UPI,18
T107651,2026-08-15,S02,P102,7,45.0,0.0,0,C0669,Card,16
T107652,2026-08-15,S02,P102,8,45.0,0.0,0,C1054,Card,10
T107653,2026-08-15,S02,P103,5,95.0,0.0,0,C0462,Cash,18
T107654,2026-08-15,S02,P103,7,95.0,0.0,0,C0737,Card,19
T107655,2026-08-15,S02,P104,6,145.0,0.0,0,C0759,Card,19
T107656,2026-08-15,S02,P201,8,120.0,0.0,0,C0228,Cash,19
T107657,2026-08-15,S02,P201,6,120.0,0.0,0,C0692,UPI,13
T107658,2026-08-15,S02,P202,10,42.0,0.0,0,C0075,Card,18
T107659,2026-08-15,S02,P202,7,42.0,0.0,0,C1099,Card,20
T107660,2026-08-15,S02,P202,10,42.0,0.0,0,C0612,Card,8
T107661,2026-08-15,S02,P202,18,42.0,0.0,0,C0005,Cash,8
T107662,2026-08-15,S02,P203,8,95.0,0.0,0,C0966,UPI,8
T107663,2026-08-15,S02,P203,7,95.0,0.0,0,C0230,Card,13
T107664,2026-08-15,S02,P203,5,95.0,0.0,0,C0779,UPI,11
T107665,2026-08-15,S02,P204,4,165.0,0.0,0,C0565,UPI,21
T107666,2026-08-15,S02,P204,5,165.0,0.0,0,C0833,Cash,12
T107667,2026-08-15,S02,P301,9,50.0,0.0,0,C0989,UPI,10
T107668,2026-08-15,S02,P301,9,50.0,0.0,0,C0600,UPI,20
T107669,2026-08-15,S02,P301,10,50.0,0.0,0,C0728,UPI,8
T107670,2026-08-15,S02,P301,9,50.0,0.0,0,C0290,Cash,17
T107671,2026-08-15,S02,P302,5,85.0,0.0,0,C0557,UPI,8
T107672,2026-08-15,S02,P302,5,85.0,0.0,0,C0132,UPI,21
T107673,2026-08-15,S02,P302,6,85.0,0.0,0,C0687,Card,16
T107674,2026-08-15,S02,P302,9,85.0,0.0,0,C0155,Card,21
T107675,2026-08-15,S02,P303,6,99.0,10.0,1,C0673,Cash,16
T107676,2026-08-15,S02,P304,7,25.0,0.0,0,C0320,UPI,12
T107677,2026-08-15,S02,P304,9,25.0,0.0,0,C0840,UPI,11
T107678,2026-08-15,S02,P304,12,25.0,0.0,0,C1097,Cash,17
T107679,2026-08-15,S02,P304,17,25.0,0.0,0,C0194,Card,18
T107680,2026-08-15,S02,P401,9,35.0,0.0,0,C0794,UPI,19
T107681,2026-08-15,S02,P401,11,35.0,0.0,0,C0445,Cash,17
T107682,2026-08-15,S02,P401,8,35.0,0.0,0,C0322,Card,18
T107683,2026-08-15,S02,P401,12,35.0,0.0,0,C0346,Card,19
T107684,2026-08-15,S02,P402,18,30.0,0.0,0,C0418,Card,12
T107685,2026-08-15,S02,P402,21,30.0,0.0,0,C0766,UPI,10
T107686,2026-08-15,S02,P402,19,30.0,0.0,0,C0676,Cash,8
T107687,2026-08-15,S02,P402,20,30.0,0.0,0,C0088,UPI,13
T107688,2026-08-15,S02,P403,9,55.0,0.0,0,C0440,UPI,19
T107689,2026-08-15,S02,P403,6,55.0,0.0,0,C0963,UPI,17
T107690,2026-08-15,S02,P403,16,55.0,0.0,0,C0978,Card,21
T107691,2026-08-15,S02,P403,8,55.0,0.0,0,C1049,Cash,8
T107692,2026-08-15,S02,P501,10,210.0,0.0,0,C0744,Card,16
T107693,2026-08-15,S02,P501,9,210.0,0.0,0,C0082,UPI,17
T107694,2026-08-15,S02,P501,4,210.0,0.0,0,C0547,Card,17
T107695,2026-08-15,S02,P502,10,145.0,0.0,0,C0561,UPI,21
T107696,2026-08-15,S02,P502,6,145.0,0.0,0,C1119,UPI,13
T107697,2026-08-15,S02,P503,9,95.0,0.0,0,C0038,UPI,17
T107698,2026-08-15,S02,P503,9,95.0,0.0,0,C0630,Card,11
T107699,2026-08-15,S02,P503,6,95.0,0.0,0,C0492,UPI,11
T107700,2026-08-15,S02,P503,7,95.0,0.0,0,C0058,Cash,17
T107701,2026-08-15,S02,P601,11,80.0,0.0,0,C0646,UPI,21
T107702,2026-08-15,S02,P601,9,80.0,0.0,0,C0833,Card,9
T107703,2026-08-15,S02,P601,7,80.0,0.0,0,C0473,Card,12
T107704,2026-08-15,S02,P601,5,80.0,0.0,0,C1107,Cash,18
T107705,2026-08-15,S03,P101,6,60.0,0.0,0,C0179,Card,13
T107706,2026-08-15,S03,P101,6,60.0,0.0,0,C1005,UPI,13
T107707,2026-08-15,S03,P101,5,60.0,0.0,0,C1092,UPI,9
T107708,2026-08-15,S03,P102,6,38.25,15.0,1,C0864,Cash,12
T107709,2026-08-15,S03,P102,6,45.0,0.0,1,C0671,Card,12
T107710,2026-08-15,S03,P103,5,95.0,0.0,0,C0776,Cash,8
T107711,2026-08-15,S03,P103,4,95.0,0.0,0,C0593,Card,10
T107712,2026-08-15,S03,P104,1,145.0,0.0,0,C0421,Card,13
T107713,2026-08-15,S03,P201,5,120.0,0.0,0,C1179,Card,11
T107714,2026-08-15,S03,P201,4,120.0,0.0,0,C0081,Card,17
T107715,2026-08-15,S03,P202,5,42.0,0.0,0,C0730,Cash,10
T107716,2026-08-15,S03,P202,4,42.0,0.0,0,C0973,UPI,9
T107717,2026-08-15,S03,P203,8,95.0,0.0,0,C0718,Card,12
T107718,2026-08-15,S03,P203,6,95.0,0.0,0,C0859,UPI,13
T107719,2026-08-15,S03,P204,4,165.0,0.0,0,C0653,Card,16
T107720,2026-08-15,S03,P301,4,50.0,0.0,0,C0831,UPI,13
T107721,2026-08-15,S03,P301,7,50.0,0.0,0,C0142,UPI,18
T107722,2026-08-15,S03,P301,6,50.0,0.0,0,C0956,Card,10
T107723,2026-08-15,S03,P302,3,85.0,0.0,0,C0725,UPI,20
T107724,2026-08-15,S03,P303,4,110.0,0.0,0,C0913,UPI,10
T107725,2026-08-15,S03,P304,5,25.0,0.0,0,C0340,UPI,20
T107726,2026-08-15,S03,P304,9,25.0,0.0,0,C0691,UPI,21
T107727,2026-08-15,S03,P304,5,25.0,0.0,0,C1078,UPI,16
T107728,2026-08-15,S03,P401,6,35.0,0.0,0,C0282,UPI,19
T107729,2026-08-15,S03,P401,10,35.0,0.0,0,C0386,Card,21
T107730,2026-08-15,S03,P402,5,27.0,10.0,1,C0041,UPI,13
T107731,2026-08-15,S03,P402,9,27.0,10.0,1,C0753,UPI,19
T107732,2026-08-15,S03,P402,6,30.0,0.0,1,C0219,Card,10
T107733,2026-08-15,S03,P402,5,28.5,5.0,1,C0836,UPI,10
T107734,2026-08-15,S03,P403,8,55.0,0.0,0,C1026,Card,16
T107735,2026-08-15,S03,P501,5,210.0,0.0,0,C0060,Card,20
T107736,2026-08-15,S03,P501,5,210.0,0.0,0,C1147,Card,12
T107737,2026-08-15,S03,P501,7,210.0,0.0,0,C0481,Cash,11
T107738,2026-08-15,S03,P502,5,145.0,0.0,0,C0383,Card,17
T107739,2026-08-15,S03,P503,5,95.0,0.0,0,C0890,Card,19
T107740,2026-08-15,S03,P503,11,95.0,0.0,0,C1192,Card,20
T107741,2026-08-15,S03,P601,7,80.0,0.0,0,C0592,Card,12
T107742,2026-08-15,S03,P601,7,80.0,0.0,0,C0409,Card,8
T107743,2026-08-15,S04,P101,9,60.0,0.0,1,C0418,UPI,16
T107744,2026-08-15,S04,P101,5,60.0,0.0,1,C0296,UPI,16
T107745,2026-08-15,S04,P101,6,57.0,5.0,1,C1116,UPI,13
T107746,2026-08-15,S04,P102,5,45.0,0.0,0,C1083,UPI,20
T107747,2026-08-15,S04,P102,10,45.0,0.0,0,C0186,Cash,18
T107748,2026-08-15,S04,P103,4,80.75,15.0,1,C0181,UPI,17
T107749,2026-08-15,S04,P103,6,95.0,0.0,1,C0487,Card,8
T107750,2026-08-15,S04,P104,5,145.0,0.0,0,C0100,UPI,21
T107751,2026-08-15,S04,P201,6,120.0,0.0,1,C0134,Card,13
T107752,2026-08-15,S04,P202,5,42.0,0.0,0,C0537,UPI,20
T107753,2026-08-15,S04,P202,8,42.0,0.0,0,C0888,UPI,19
T107754,2026-08-15,S04,P202,8,42.0,0.0,0,C0208,UPI,17
T107755,2026-08-15,S04,P202,4,42.0,0.0,0,C0577,Card,11
T107756,2026-08-15,S04,P203,5,95.0,0.0,0,C0361,UPI,9
T107757,2026-08-15,S04,P204,4,165.0,0.0,0,C0041,Card,17
T107758,2026-08-15,S04,P301,6,50.0,0.0,0,C0711,UPI,17
T107759,2026-08-15,S04,P301,5,50.0,0.0,0,C0005,UPI,10
T107760,2026-08-15,S04,P301,8,50.0,0.0,0,C0749,UPI,19
T107761,2026-08-15,S04,P301,9,50.0,0.0,0,C0159,Card,13
T107762,2026-08-15,S04,P302,7,85.0,0.0,0,C0417,UPI,10
T107763,2026-08-15,S04,P302,6,85.0,0.0,0,C0616,Card,20
T107764,2026-08-15,S04,P303,3,110.0,0.0,0,C0727,Card,13
T107765,2026-08-15,S04,P304,11,21.25,15.0,1,C0040,UPI,18
T107766,2026-08-15,S04,P304,8,25.0,0.0,1,C0404,UPI,17
T107767,2026-08-15,S04,P304,5,23.75,5.0,1,C0260,Card,9
T107768,2026-08-15,S04,P401,7,35.0,0.0,0,C0422,UPI,21
T107769,2026-08-15,S04,P401,8,35.0,0.0,0,C0595,UPI,16
T107770,2026-08-15,S04,P402,5,28.5,5.0,1,C0278,UPI,9
T107771,2026-08-15,S04,P402,11,30.0,0.0,1,C0995,UPI,16
T107772,2026-08-15,S04,P402,8,30.0,0.0,1,C0674,Cash,12
T107773,2026-08-15,S04,P402,7,25.5,15.0,1,C1127,UPI,18
T107774,2026-08-15,S04,P403,7,55.0,0.0,0,C0426,UPI,18
T107775,2026-08-15,S04,P403,8,55.0,0.0,0,C0371,Card,16
T107776,2026-08-15,S04,P403,4,55.0,0.0,0,C0374,UPI,20
T107777,2026-08-15,S04,P403,7,55.0,0.0,0,C0436,Cash,8
T107778,2026-08-15,S04,P501,8,210.0,0.0,0,C1104,UPI,9
T107779,2026-08-15,S04,P502,6,145.0,0.0,0,C0349,UPI,10
T107780,2026-08-15,S04,P503,9,95.0,0.0,0,C0491,Card,12
T107781,2026-08-15,S04,P503,5,95.0,0.0,0,C1015,UPI,12
T107782,2026-08-15,S04,P601,5,80.0,0.0,0,C0045,Card,19
T107783,2026-08-15,S04,P601,10,80.0,0.0,0,C0682,UPI,21
T107784,2026-08-16,S01,P101,9,60.0,0.0,0,C0993,UPI,13
T107785,2026-08-16,S01,P101,6,60.0,0.0,0,C1016,Cash,12
T107786,2026-08-16,S01,P101,4,60.0,0.0,0,C1087,Cash,13
T107787,2026-08-16,S01,P102,4,45.0,0.0,0,C0875,Cash,17
T107788,2026-08-16,S01,P102,8,45.0,0.0,0,C0895,UPI,11
T107789,2026-08-16,S01,P102,5,45.0,0.0,0,C0053,Card,13
T107790,2026-08-16,S01,P103,10,95.0,0.0,0,C0692,UPI,11
T107791,2026-08-16,S01,P103,6,95.0,0.0,0,C1197,Card,17
T107792,2026-08-16,S01,P104,7,145.0,0.0,0,C0511,UPI,10
T107793,2026-08-16,S01,P104,4,145.0,0.0,0,C0927,Card,11
T107794,2026-08-16,S01,P201,6,120.0,0.0,0,C0701,UPI,18
T107795,2026-08-16,S01,P202,7,42.0,0.0,0,C0183,Card,12
T107796,2026-08-16,S01,P202,7,42.0,0.0,0,C0070,UPI,19
T107797,2026-08-16,S01,P203,6,95.0,0.0,0,C0401,UPI,17
T107798,2026-08-16,S01,P203,6,95.0,0.0,0,C0292,UPI,9
T107799,2026-08-16,S01,P204,7,165.0,0.0,0,C0513,Card,13
T107800,2026-08-16,S01,P301,8,50.0,0.0,0,C0997,UPI,19
T107801,2026-08-16,S01,P301,7,50.0,0.0,0,C0943,UPI,18
T107802,2026-08-16,S01,P301,3,50.0,0.0,0,C0388,Card,18
T107803,2026-08-16,S01,P302,10,85.0,0.0,0,C0855,Card,10
T107804,2026-08-16,S01,P302,5,85.0,0.0,0,C0239,UPI,16
T107805,2026-08-16,S01,P303,6,99.0,10.0,1,C0621,UPI,11
T107806,2026-08-16,S01,P303,3,104.5,5.0,1,C0311,Card,8
T107807,2026-08-16,S01,P304,5,25.0,0.0,0,C0655,UPI,16
T107808,2026-08-16,S01,P304,8,25.0,0.0,0,C1190,UPI,13
T107809,2026-08-16,S01,P304,10,25.0,0.0,0,C1070,UPI,21
T107810,2026-08-16,S01,P304,10,25.0,0.0,0,C0092,Card,20
T107811,2026-08-16,S01,P401,4,35.0,0.0,0,C0016,Card,16
T107812,2026-08-16,S01,P401,7,35.0,0.0,0,C0696,Cash,21
T107813,2026-08-16,S01,P401,12,35.0,0.0,0,C0376,Cash,19
T107814,2026-08-16,S01,P401,5,35.0,0.0,0,C1112,Cash,19
T107815,2026-08-16,S01,P402,11,30.0,0.0,0,C0490,Cash,18
T107816,2026-08-16,S01,P402,10,30.0,0.0,0,C0992,Card,16
T107817,2026-08-16,S01,P402,10,30.0,0.0,0,C0499,Card,18
T107818,2026-08-16,S01,P402,9,30.0,0.0,0,C0183,UPI,21
T107819,2026-08-16,S01,P403,7,55.0,0.0,0,C0962,Card,19
T107820,2026-08-16,S01,P403,8,55.0,0.0,0,C0819,UPI,19
T107821,2026-08-16,S01,P501,6,210.0,0.0,0,C0240,UPI,20
T107822,2026-08-16,S01,P501,4,210.0,0.0,0,C0076,Card,11
T107823,2026-08-16,S01,P501,7,210.0,0.0,0,C1083,UPI,16
T107824,2026-08-16,S01,P502,5,145.0,0.0,0,C0851,UPI,12
T107825,2026-08-16,S01,P502,6,145.0,0.0,0,C0944,UPI,10
T107826,2026-08-16,S01,P503,4,95.0,0.0,0,C0895,UPI,12
T107827,2026-08-16,S01,P503,10,95.0,0.0,0,C0061,UPI,9
T107828,2026-08-16,S01,P601,4,80.0,0.0,0,C0996,Card,17
T107829,2026-08-16,S01,P601,5,80.0,0.0,0,C0789,UPI,11
T107830,2026-08-16,S01,P601,8,80.0,0.0,0,C0383,UPI,18
T107831,2026-08-16,S02,P101,8,60.0,0.0,0,C0148,UPI,16
T107832,2026-08-16,S02,P101,14,60.0,0.0,0,C0108,Card,9
T107833,2026-08-16,S02,P101,9,60.0,0.0,0,C0576,UPI,19
T107834,2026-08-16,S02,P101,10,60.0,0.0,0,C0224,UPI,12
T107835,2026-08-16,S02,P102,9,45.0,0.0,0,C0076,UPI,17
T107836,2026-08-16,S02,P102,9,45.0,0.0,0,C0015,UPI,18
T107837,2026-08-16,S02,P102,3,45.0,0.0,0,C0037,Cash,13
T107838,2026-08-16,S02,P102,8,45.0,0.0,0,C1199,Cash,8
T107839,2026-08-16,S02,P103,6,95.0,0.0,0,C1090,Card,8
T107840,2026-08-16,S02,P104,4,145.0,0.0,0,C0344,UPI,10
T107841,2026-08-16,S02,P201,8,120.0,0.0,0,C1062,Card,8
T107842,2026-08-16,S02,P202,5,42.0,0.0,0,C0798,UPI,19
T107843,2026-08-16,S02,P202,10,42.0,0.0,0,C0432,Card,12
T107844,2026-08-16,S02,P202,5,42.0,0.0,0,C1176,UPI,20
T107845,2026-08-16,S02,P203,4,95.0,0.0,0,C0772,Cash,20
T107846,2026-08-16,S02,P203,5,95.0,0.0,0,C0577,Card,20
T107847,2026-08-16,S02,P204,5,165.0,0.0,0,C0338,Cash,13
T107848,2026-08-16,S02,P204,7,165.0,0.0,0,C0463,UPI,19
T107849,2026-08-16,S02,P301,13,50.0,0.0,0,C0840,UPI,20
T107850,2026-08-16,S02,P301,9,50.0,0.0,0,C0202,Card,16
T107851,2026-08-16,S02,P301,7,50.0,0.0,0,C0916,UPI,11
T107852,2026-08-16,S02,P301,10,50.0,0.0,0,C1125,UPI,12
T107853,2026-08-16,S02,P302,9,85.0,0.0,1,C0776,Cash,11
T107854,2026-08-16,S02,P302,4,76.5,10.0,1,C0379,Card,18
T107855,2026-08-16,S02,P302,7,76.5,10.0,1,C0304,Cash,21
T107856,2026-08-16,S02,P303,7,110.0,0.0,0,C0234,UPI,20
T107857,2026-08-16,S02,P303,5,110.0,0.0,0,C0345,Card,12
T107858,2026-08-16,S02,P303,7,110.0,0.0,0,C0265,Card,21
T107859,2026-08-16,S02,P304,16,23.75,5.0,1,C0715,Card,13
T107860,2026-08-16,S02,P304,13,23.75,5.0,1,C0780,Card,10
T107861,2026-08-16,S02,P304,7,25.0,0.0,1,C0416,UPI,12
T107862,2026-08-16,S02,P304,12,25.0,0.0,1,C1044,Card,9
T107863,2026-08-16,S02,P401,12,35.0,0.0,0,C0053,UPI,20
T107864,2026-08-16,S02,P401,7,35.0,0.0,0,C0417,UPI,13
T107865,2026-08-16,S02,P401,6,35.0,0.0,0,C0116,UPI,21
T107866,2026-08-16,S02,P401,15,35.0,0.0,0,C1166,UPI,13
T107867,2026-08-16,S02,P402,11,30.0,0.0,0,C0059,UPI,21
T107868,2026-08-16,S02,P402,19,30.0,0.0,0,C0942,Card,19
T107869,2026-08-16,S02,P402,18,30.0,0.0,0,C0498,UPI,8
T107870,2026-08-16,S02,P402,9,30.0,0.0,0,C1003,Cash,20
T107871,2026-08-16,S02,P403,7,55.0,0.0,1,C0614,UPI,19
T107872,2026-08-16,S02,P403,9,55.0,0.0,1,C0870,Card,20
T107873,2026-08-16,S02,P403,8,52.25,5.0,1,C0286,Card,10
T107874,2026-08-16,S02,P501,9,210.0,0.0,0,C0043,Card,18
T107875,2026-08-16,S02,P501,6,210.0,0.0,0,C0812,Card,18
T107876,2026-08-16,S02,P502,8,145.0,0.0,0,C1154,Cash,17
T107877,2026-08-16,S02,P502,6,145.0,0.0,0,C0049,UPI,9
T107878,2026-08-16,S02,P503,10,95.0,0.0,0,C0741,Cash,11
T107879,2026-08-16,S02,P503,9,95.0,0.0,0,C0293,Card,17
T107880,2026-08-16,S02,P503,7,95.0,0.0,0,C0649,UPI,17
T107881,2026-08-16,S02,P503,4,95.0,0.0,0,C1195,Card,17
T107882,2026-08-16,S02,P601,7,80.0,0.0,0,C0608,UPI,17
T107883,2026-08-16,S02,P601,8,80.0,0.0,0,C0020,UPI,8
T107884,2026-08-16,S02,P601,8,80.0,0.0,0,C0636,UPI,18
T107885,2026-08-16,S03,P101,6,60.0,0.0,0,C0101,Card,16
T107886,2026-08-16,S03,P101,7,60.0,0.0,0,C0693,UPI,17
T107887,2026-08-16,S03,P101,9,60.0,0.0,0,C1149,Card,8
T107888,2026-08-16,S03,P102,7,45.0,0.0,0,C0302,Card,9
T107889,2026-08-16,S03,P102,5,45.0,0.0,0,C0538,UPI,20
T107890,2026-08-16,S03,P103,5,95.0,0.0,0,C0704,Card,8
T107891,2026-08-16,S03,P104,6,145.0,0.0,0,C0902,Cash,11
T107892,2026-08-16,S03,P201,5,120.0,0.0,0,C1045,Cash,11
T107893,2026-08-16,S03,P201,4,120.0,0.0,0,C0044,Card,18
T107894,2026-08-16,S03,P202,7,42.0,0.0,0,C0954,Cash,17
T107895,2026-08-16,S03,P202,8,42.0,0.0,0,C0203,Card,13
T107896,2026-08-16,S03,P203,5,95.0,0.0,0,C0907,Card,9
T107897,2026-08-16,S03,P203,4,95.0,0.0,0,C0808,Cash,10
T107898,2026-08-16,S03,P204,3,165.0,0.0,0,C0246,UPI,16
T107899,2026-08-16,S03,P301,6,50.0,0.0,1,C0973,UPI,9
T107900,2026-08-16,S03,P301,6,45.0,10.0,1,C0916,Card,12
T107901,2026-08-16,S03,P301,5,47.5,5.0,1,C0768,Card,13
T107902,2026-08-16,S03,P302,8,85.0,0.0,0,C1160,Card,8
T107903,2026-08-16,S03,P303,3,110.0,0.0,0,C0645,Card,11
T107904,2026-08-16,S03,P304,8,25.0,0.0,0,C0631,UPI,20
T107905,2026-08-16,S03,P304,5,25.0,0.0,0,C0235,Card,11
T107906,2026-08-16,S03,P304,8,25.0,0.0,0,C0441,UPI,11
T107907,2026-08-16,S03,P401,8,35.0,0.0,1,C0797,Card,21
T107908,2026-08-16,S03,P401,7,31.5,10.0,1,C0585,UPI,19
T107909,2026-08-16,S03,P401,4,35.0,0.0,1,C1115,Card,13
T107910,2026-08-16,S03,P402,4,30.0,0.0,0,C0442,UPI,13
T107911,2026-08-16,S03,P402,8,30.0,0.0,0,C0040,UPI,9
T107912,2026-08-16,S03,P402,7,30.0,0.0,0,C0183,Card,17
T107913,2026-08-16,S03,P402,7,30.0,0.0,0,C0084,UPI,8
T107914,2026-08-16,S03,P403,7,55.0,0.0,0,C0725,Cash,18
T107915,2026-08-16,S03,P501,5,210.0,0.0,0,C0187,UPI,10
T107916,2026-08-16,S03,P501,10,210.0,0.0,0,C0834,Cash,12
T107917,2026-08-16,S03,P502,6,145.0,0.0,0,C0977,UPI,21
T107918,2026-08-16,S03,P502,4,145.0,0.0,0,C0524,Card,20
T107919,2026-08-16,S03,P503,7,95.0,0.0,0,C0499,UPI,19
T107920,2026-08-16,S03,P601,7,80.0,0.0,0,C0938,Card,11
T107921,2026-08-16,S03,P601,7,80.0,0.0,0,C0525,UPI,9
T107922,2026-08-16,S03,P601,4,80.0,0.0,0,C1031,UPI,18
T107923,2026-08-16,S04,P101,5,60.0,0.0,0,C0560,UPI,9
T107924,2026-08-16,S04,P101,5,60.0,0.0,0,C1152,UPI,21
T107925,2026-08-16,S04,P101,12,60.0,0.0,0,C0713,UPI,10
T107926,2026-08-16,S04,P102,6,45.0,0.0,0,C0739,Card,16
T107927,2026-08-16,S04,P102,10,45.0,0.0,0,C0802,Card,19
T107928,2026-08-16,S04,P103,5,95.0,0.0,0,C1059,UPI,21
T107929,2026-08-16,S04,P104,7,145.0,0.0,0,C1088,Card,10
T107930,2026-08-16,S04,P201,3,120.0,0.0,0,C0793,UPI,17
T107931,2026-08-16,S04,P202,10,42.0,0.0,0,C0375,UPI,13
T107932,2026-08-16,S04,P202,6,42.0,0.0,0,C1049,Card,20
T107933,2026-08-16,S04,P203,7,95.0,0.0,1,C0467,UPI,9
T107934,2026-08-16,S04,P204,3,165.0,0.0,0,C0947,UPI,10
T107935,2026-08-16,S04,P301,6,50.0,0.0,0,C0408,Card,18
T107936,2026-08-16,S04,P301,5,50.0,0.0,0,C0344,Cash,18
T107937,2026-08-16,S04,P301,7,50.0,0.0,0,C0064,Card,18
T107938,2026-08-16,S04,P302,8,85.0,0.0,0,C0094,UPI,13
T107939,2026-08-16,S04,P303,7,110.0,0.0,0,C0672,UPI,8
T107940,2026-08-16,S04,P304,6,25.0,0.0,0,C0232,Card,18
T107941,2026-08-16,S04,P304,9,25.0,0.0,0,C0240,Card,18
T107942,2026-08-16,S04,P304,8,25.0,0.0,0,C0335,Card,21
T107943,2026-08-16,S04,P401,7,35.0,0.0,0,C0745,UPI,10
T107944,2026-08-16,S04,P401,7,35.0,0.0,0,C1191,Card,13
T107945,2026-08-16,S04,P401,7,35.0,0.0,0,C0672,UPI,19
T107946,2026-08-16,S04,P401,5,35.0,0.0,0,C0852,UPI,19
T107947,2026-08-16,S04,P402,5,30.0,0.0,1,C0930,UPI,16
T107948,2026-08-16,S04,P402,6,28.5,5.0,1,C0930,Card,21
T107949,2026-08-16,S04,P402,9,25.5,15.0,1,C0894,UPI,8
T107950,2026-08-16,S04,P402,10,30.0,0.0,1,C1079,UPI,8
T107951,2026-08-16,S04,P403,5,55.0,0.0,1,C0329,UPI,11
T107952,2026-08-16,S04,P403,4,55.0,0.0,1,C1121,Cash,9
T107953,2026-08-16,S04,P501,7,210.0,0.0,0,C0047,Cash,11
T107954,2026-08-16,S04,P502,4,145.0,0.0,0,C1066,UPI,9
T107955,2026-08-16,S04,P503,7,95.0,0.0,0,C0470,Card,16
T107956,2026-08-16,S04,P503,4,95.0,0.0,0,C1129,UPI,17
T107957,2026-08-16,S04,P601,9,80.0,0.0,0,C0038,UPI,17
T107958,2026-08-16,S04,P601,4,80.0,0.0,0,C0770,UPI,13
T107959,2026-08-16,S04,P601,7,80.0,0.0,0,C0579,UPI,12
T107960,2026-08-17,S01,P101,5,60.0,0.0,0,C0364,UPI,16
T107961,2026-08-17,S01,P101,7,60.0,0.0,0,C0186,UPI,12
T107962,2026-08-17,S01,P101,12,60.0,0.0,0,C0312,Card,13
T107963,2026-08-17,S01,P102,3,45.0,0.0,1,C0057,UPI,9
T107964,2026-08-17,S01,P102,7,45.0,0.0,1,C0357,Cash,8
T107965,2026-08-17,S01,P103,6,95.0,0.0,1,C1187,UPI,8
T107966,2026-08-17,S01,P104,3,145.0,0.0,0,C0435,Card,9
T107967,2026-08-17,S01,P201,4,120.0,0.0,1,C0561,UPI,13
T107968,2026-08-17,S01,P202,6,42.0,0.0,0,C0751,Cash,13
T107969,2026-08-17,S01,P202,10,42.0,0.0,0,C1183,UPI,20
T107970,2026-08-17,S01,P202,7,42.0,0.0,0,C1001,UPI,16
T107971,2026-08-17,S01,P203,8,95.0,0.0,0,C0430,Card,12
T107972,2026-08-17,S01,P204,6,165.0,0.0,0,C1157,Card,21
T107973,2026-08-17,S01,P301,5,47.5,5.0,1,C0881,Card,17
T107974,2026-08-17,S01,P301,6,50.0,0.0,1,C0602,Cash,10
T107975,2026-08-17,S01,P301,7,47.5,5.0,1,C0756,UPI,12
T107976,2026-08-17,S01,P302,9,85.0,0.0,0,C0379,Cash,20
T107977,2026-08-17,S01,P302,6,85.0,0.0,0,C0737,UPI,19
T107978,2026-08-17,S01,P302,4,85.0,0.0,0,C0099,UPI,16
T107979,2026-08-17,S01,P303,4,110.0,0.0,0,C0736,Card,9
T107980,2026-08-17,S01,P303,7,110.0,0.0,0,C0573,UPI,19
T107981,2026-08-17,S01,P304,5,25.0,0.0,0,C0254,UPI,20
T107982,2026-08-17,S01,P304,7,25.0,0.0,0,C1161,UPI,19
T107983,2026-08-17,S01,P304,8,25.0,0.0,0,C0579,Card,18
T107984,2026-08-17,S01,P304,11,25.0,0.0,0,C0286,UPI,11
T107985,2026-08-17,S01,P401,7,35.0,0.0,0,C1037,UPI,12
T107986,2026-08-17,S01,P401,5,35.0,0.0,0,C0024,UPI,10
T107987,2026-08-17,S01,P402,12,30.0,0.0,0,C1178,UPI,19
T107988,2026-08-17,S01,P402,10,30.0,0.0,0,C0814,UPI,18
T107989,2026-08-17,S01,P402,5,30.0,0.0,0,C0502,Card,13
T107990,2026-08-17,S01,P402,9,30.0,0.0,0,C0879,Card,11
T107991,2026-08-17,S01,P403,7,55.0,0.0,0,C0723,Card,11
T107992,2026-08-17,S01,P403,7,55.0,0.0,0,C0246,UPI,10
T107993,2026-08-17,S01,P403,6,55.0,0.0,0,C0815,UPI,13
T107994,2026-08-17,S01,P501,6,210.0,0.0,0,C0296,Card,9
T107995,2026-08-17,S01,P501,9,210.0,0.0,0,C0280,Card,18
T107996,2026-08-17,S01,P502,7,145.0,0.0,0,C0507,UPI,16
T107997,2026-08-17,S01,P502,5,145.0,0.0,0,C0120,Card,9
T107998,2026-08-17,S01,P503,4,95.0,0.0,0,C0906,Card,18
T107999,2026-08-17,S01,P503,6,95.0,0.0,0,C0360,Cash,12
T108000,2026-08-17,S01,P601,3,80.0,0.0,0,C0936,Card,18
T108001,2026-08-17,S01,P601,6,80.0,0.0,0,C0392,Card,13
T108002,2026-08-17,S02,P101,5,60.0,0.0,0,C0356,UPI,17
T108003,2026-08-17,S02,P101,5,60.0,0.0,0,C0845,UPI,20
T108004,2026-08-17,S02,P101,11,60.0,0.0,0,C0329,Card,21
T108005,2026-08-17,S02,P101,8,60.0,0.0,0,C0602,Card,21
T108006,2026-08-17,S02,P102,6,45.0,0.0,0,C1155,UPI,9
T108007,2026-08-17,S02,P102,10,45.0,0.0,0,C0409,Cash,12
T108008,2026-08-17,S02,P103,8,95.0,0.0,0,C1114,Card,17
T108009,2026-08-17,S02,P104,8,145.0,0.0,0,C0909,Cash,18
T108010,2026-08-17,S02,P201,8,120.0,0.0,0,C0198,Card,21
T108011,2026-08-17,S02,P201,7,120.0,0.0,0,C0893,UPI,12
T108012,2026-08-17,S02,P202,6,42.0,0.0,0,C0452,UPI,9
T108013,2026-08-17,S02,P202,5,42.0,0.0,0,C0965,Cash,16
T108014,2026-08-17,S02,P202,10,42.0,0.0,0,C1003,UPI,12
T108015,2026-08-17,S02,P203,8,95.0,0.0,0,C1154,UPI,12
T108016,2026-08-17,S02,P203,7,95.0,0.0,0,C0341,UPI,8
T108017,2026-08-17,S02,P203,5,95.0,0.0,0,C0588,UPI,21
T108018,2026-08-17,S02,P204,4,165.0,0.0,0,C0837,Cash,8
T108019,2026-08-17,S02,P301,6,50.0,0.0,0,C0426,UPI,16
T108020,2026-08-17,S02,P301,8,50.0,0.0,0,C0104,Cash,17
T108021,2026-08-17,S02,P301,9,50.0,0.0,0,C0800,UPI,16
T108022,2026-08-17,S02,P301,8,50.0,0.0,0,C0368,UPI,12
T108023,2026-08-17,S02,P302,7,85.0,0.0,0,C0169,Card,21
T108024,2026-08-17,S02,P302,4,85.0,0.0,0,C0193,UPI,8
T108025,2026-08-17,S02,P302,6,85.0,0.0,0,C0963,UPI,16
T108026,2026-08-17,S02,P303,8,110.0,0.0,0,C1107,UPI,12
T108027,2026-08-17,S02,P304,12,25.0,0.0,0,C0459,UPI,20
T108028,2026-08-17,S02,P304,7,25.0,0.0,0,C0366,Card,21
T108029,2026-08-17,S02,P304,10,25.0,0.0,0,C0062,Card,11
T108030,2026-08-17,S02,P304,7,25.0,0.0,0,C0892,UPI,18
T108031,2026-08-17,S02,P401,7,35.0,0.0,1,C0222,UPI,11
T108032,2026-08-17,S02,P401,11,33.25,5.0,1,C0766,UPI,19
T108033,2026-08-17,S02,P401,11,29.75,15.0,1,C1099,Card,17
T108034,2026-08-17,S02,P401,14,35.0,0.0,1,C0939,Card,12
T108035,2026-08-17,S02,P402,12,30.0,0.0,0,C0918,Card,21
T108036,2026-08-17,S02,P402,10,30.0,0.0,0,C0215,UPI,9
T108037,2026-08-17,S02,P402,10,30.0,0.0,0,C0876,UPI,9
T108038,2026-08-17,S02,P402,13,30.0,0.0,0,C0152,Card,13
T108039,2026-08-17,S02,P403,6,55.0,0.0,0,C0754,UPI,10
T108040,2026-08-17,S02,P403,8,55.0,0.0,0,C0545,Card,11
T108041,2026-08-17,S02,P403,9,55.0,0.0,0,C1035,Cash,20
T108042,2026-08-17,S02,P501,8,210.0,0.0,0,C1140,Card,21
T108043,2026-08-17,S02,P501,6,210.0,0.0,0,C0657,Card,18
T108044,2026-08-17,S02,P501,5,210.0,0.0,0,C0456,UPI,11
T108045,2026-08-17,S02,P502,6,145.0,0.0,0,C0717,UPI,18
T108046,2026-08-17,S02,P502,6,145.0,0.0,0,C0482,Card,11
T108047,2026-08-17,S02,P503,7,95.0,0.0,0,C0805,UPI,12
T108048,2026-08-17,S02,P503,6,95.0,0.0,0,C0369,UPI,9
T108049,2026-08-17,S02,P601,10,80.0,0.0,0,C0013,UPI,13
T108050,2026-08-17,S02,P601,8,80.0,0.0,0,C0088,Card,13
T108051,2026-08-17,S02,P601,4,80.0,0.0,0,C1031,Card,11
T108052,2026-08-17,S02,P601,7,80.0,0.0,0,C0480,UPI,19
T108053,2026-08-17,S03,P101,4,60.0,0.0,0,C0109,Card,12
T108054,2026-08-17,S03,P101,7,60.0,0.0,0,C0717,Cash,21
T108055,2026-08-17,S03,P102,3,45.0,0.0,0,C0154,Card,12
T108056,2026-08-17,S03,P102,7,45.0,0.0,0,C0846,UPI,18
T108057,2026-08-17,S03,P103,8,95.0,0.0,0,C0629,Cash,8
T108058,2026-08-17,S03,P104,6,145.0,0.0,0,C0678,UPI,11
T108059,2026-08-17,S03,P201,5,120.0,0.0,0,C0156,UPI,11
T108060,2026-08-17,S03,P202,4,42.0,0.0,0,C0144,Card,12
T108061,2026-08-17,S03,P202,5,42.0,0.0,0,C0623,Cash,11
T108062,2026-08-17,S03,P203,5,95.0,0.0,0,C0613,UPI,8
T108063,2026-08-17,S03,P204,3,165.0,0.0,0,C0971,UPI,20
T108064,2026-08-17,S03,P301,7,50.0,0.0,0,C0149,UPI,16
T108065,2026-08-17,S03,P301,6,50.0,0.0,0,C0001,Card,17
T108066,2026-08-17,S03,P301,6,50.0,0.0,0,C0466,UPI,21
T108067,2026-08-17,S03,P302,5,85.0,0.0,1,C0986,UPI,17
T108068,2026-08-17,S03,P303,4,110.0,0.0,0,C0265,Card,19
T108069,2026-08-17,S03,P304,8,25.0,0.0,0,C0041,Card,20
T108070,2026-08-17,S03,P304,7,25.0,0.0,0,C0803,Cash,8
T108071,2026-08-17,S03,P304,6,25.0,0.0,0,C1118,UPI,17
T108072,2026-08-17,S03,P304,4,25.0,0.0,0,C0420,UPI,11
T108073,2026-08-17,S03,P401,6,35.0,0.0,0,C0190,UPI,18
T108074,2026-08-17,S03,P401,7,35.0,0.0,0,C0683,Cash,18
T108075,2026-08-17,S03,P402,7,27.0,10.0,1,C0877,UPI,18
T108076,2026-08-17,S03,P402,6,30.0,0.0,1,C0956,UPI,20
T108077,2026-08-17,S03,P402,10,27.0,10.0,1,C1173,Card,21
T108078,2026-08-17,S03,P403,7,55.0,0.0,0,C1112,UPI,18
T108079,2026-08-17,S03,P403,6,55.0,0.0,0,C0905,Card,9
T108080,2026-08-17,S03,P501,4,210.0,0.0,0,C0064,Card,9
T108081,2026-08-17,S03,P501,6,210.0,0.0,0,C1129,UPI,18
T108082,2026-08-17,S03,P502,6,145.0,0.0,0,C0722,Card,9
T108083,2026-08-17,S03,P502,3,145.0,0.0,0,C0171,Card,18
T108084,2026-08-17,S03,P503,8,95.0,0.0,0,C1079,Card,16
T108085,2026-08-17,S03,P601,8,80.0,0.0,0,C0375,Card,8
T108086,2026-08-17,S04,P101,5,60.0,0.0,0,C0585,Card,17
T108087,2026-08-17,S04,P101,5,60.0,0.0,0,C0553,UPI,16
T108088,2026-08-17,S04,P102,7,45.0,0.0,0,C0054,UPI,9
T108089,2026-08-17,S04,P102,8,45.0,0.0,0,C0168,UPI,17
T108090,2026-08-17,S04,P102,5,45.0,0.0,0,C0394,UPI,18
T108091,2026-08-17,S04,P103,7,95.0,0.0,0,C0866,UPI,13
T108092,2026-08-17,S04,P103,4,95.0,0.0,0,C0183,Card,18
T108093,2026-08-17,S04,P104,3,145.0,0.0,0,C0013,Card,19
T108094,2026-08-17,S04,P201,3,120.0,0.0,0,C0887,Card,16
T108095,2026-08-17,S04,P202,7,42.0,0.0,0,C0053,Card,8
T108096,2026-08-17,S04,P202,6,42.0,0.0,0,C0031,UPI,8
T108097,2026-08-17,S04,P202,5,42.0,0.0,0,C1029,Card,18
T108098,2026-08-17,S04,P203,8,95.0,0.0,0,C0299,UPI,12
T108099,2026-08-17,S04,P204,6,165.0,0.0,0,C0330,Cash,13
T108100,2026-08-17,S04,P301,9,47.5,5.0,1,C0434,Card,9
T108101,2026-08-17,S04,P301,7,50.0,0.0,1,C0689,Card,21
T108102,2026-08-17,S04,P302,5,85.0,0.0,0,C0550,Card,20
T108103,2026-08-17,S04,P302,6,85.0,0.0,0,C0955,Cash,10
T108104,2026-08-17,S04,P303,7,110.0,0.0,0,C0579,Cash,10
T108105,2026-08-17,S04,P304,6,25.0,0.0,0,C0303,UPI,16
T108106,2026-08-17,S04,P304,8,25.0,0.0,0,C0642,UPI,19
T108107,2026-08-17,S04,P304,8,25.0,0.0,0,C0449,Card,16
T108108,2026-08-17,S04,P304,6,25.0,0.0,0,C0439,UPI,21
T108109,2026-08-17,S04,P401,7,35.0,0.0,0,C0627,UPI,11
T108110,2026-08-17,S04,P401,7,35.0,0.0,0,C0167,Card,12
T108111,2026-08-17,S04,P402,7,30.0,0.0,0,C0958,Card,10
T108112,2026-08-17,S04,P402,11,30.0,0.0,0,C0568,UPI,21
T108113,2026-08-17,S04,P402,8,30.0,0.0,0,C0199,UPI,12
T108114,2026-08-17,S04,P402,14,30.0,0.0,0,C0130,Card,13
T108115,2026-08-17,S04,P403,7,49.5,10.0,1,C0558,UPI,20
T108116,2026-08-17,S04,P403,4,55.0,0.0,1,C0858,UPI,20
T108117,2026-08-17,S04,P501,6,210.0,0.0,0,C0925,Cash,16
T108118,2026-08-17,S04,P502,7,145.0,0.0,0,C0443,UPI,12
T108119,2026-08-17,S04,P503,3,95.0,0.0,0,C1032,Card,10
T108120,2026-08-17,S04,P503,6,95.0,0.0,0,C1020,UPI,8
T108121,2026-08-17,S04,P601,5,80.0,0.0,0,C0506,Cash,21
T108122,2026-08-17,S04,P601,7,80.0,0.0,0,C0955,Card,10
T108123,2026-08-18,S01,P101,5,60.0,0.0,0,C0887,UPI,10
T108124,2026-08-18,S01,P101,8,60.0,0.0,0,C0178,UPI,11
T108125,2026-08-18,S01,P101,6,60.0,0.0,0,C0437,Card,21
T108126,2026-08-18,S01,P102,5,45.0,0.0,0,C0714,Card,19
T108127,2026-08-18,S01,P102,9,45.0,0.0,0,C0286,UPI,10
T108128,2026-08-18,S01,P103,7,95.0,0.0,0,C0272,UPI,18
T108129,2026-08-18,S01,P104,4,145.0,0.0,0,C0387,Card,9
T108130,2026-08-18,S01,P201,6,120.0,0.0,0,C1120,Cash,18
T108131,2026-08-18,S01,P202,9,37.8,10.0,1,C0364,UPI,19
T108132,2026-08-18,S01,P202,5,37.8,10.0,1,C0405,UPI,9
T108133,2026-08-18,S01,P203,6,95.0,0.0,0,C0804,UPI,20
T108134,2026-08-18,S01,P203,5,95.0,0.0,0,C0500,UPI,16
T108135,2026-08-18,S01,P204,8,165.0,0.0,0,C0252,Cash,9
T108136,2026-08-18,S01,P301,6,50.0,0.0,1,C0939,Card,9
T108137,2026-08-18,S01,P301,10,45.0,10.0,1,C0622,Card,11
T108138,2026-08-18,S01,P302,7,85.0,0.0,0,C1173,UPI,18
T108139,2026-08-18,S01,P302,4,85.0,0.0,0,C1066,UPI,16
T108140,2026-08-18,S01,P303,3,110.0,0.0,0,C0372,Card,13
T108141,2026-08-18,S01,P304,9,25.0,0.0,0,C0323,Card,18
T108142,2026-08-18,S01,P304,4,25.0,0.0,0,C0448,UPI,11
T108143,2026-08-18,S01,P304,10,25.0,0.0,0,C0342,UPI,10
T108144,2026-08-18,S01,P304,4,25.0,0.0,0,C0475,Card,9
T108145,2026-08-18,S01,P401,8,35.0,0.0,1,C0417,UPI,16
T108146,2026-08-18,S01,P401,10,35.0,0.0,1,C0344,Cash,9
T108147,2026-08-18,S01,P401,8,35.0,0.0,1,C0107,UPI,12
T108148,2026-08-18,S01,P401,5,31.5,10.0,1,C0137,UPI,17
T108149,2026-08-18,S01,P402,5,30.0,0.0,0,C0648,UPI,11
T108150,2026-08-18,S01,P402,6,30.0,0.0,0,C0863,Card,13
T108151,2026-08-18,S01,P402,13,30.0,0.0,0,C0416,Card,17
T108152,2026-08-18,S01,P402,8,30.0,0.0,0,C0697,Card,19
T108153,2026-08-18,S01,P403,8,52.25,5.0,1,C0752,Cash,21
T108154,2026-08-18,S01,P403,8,49.5,10.0,1,C1160,Card,11
T108155,2026-08-18,S01,P501,6,210.0,0.0,0,C1050,UPI,12
T108156,2026-08-18,S01,P502,6,145.0,0.0,0,C0072,Card,8
T108157,2026-08-18,S01,P502,3,145.0,0.0,0,C0123,UPI,17
T108158,2026-08-18,S01,P503,9,95.0,0.0,0,C1096,Cash,17
T108159,2026-08-18,S01,P503,6,95.0,0.0,0,C0593,Card,13
T108160,2026-08-18,S01,P601,7,80.0,0.0,0,C0991,UPI,10
T108161,2026-08-18,S01,P601,5,80.0,0.0,0,C0050,Card,16
T108162,2026-08-18,S02,P101,10,60.0,0.0,0,C0805,UPI,12
T108163,2026-08-18,S02,P101,6,60.0,0.0,0,C0726,Card,17
T108164,2026-08-18,S02,P101,12,60.0,0.0,0,C0166,Card,13
T108165,2026-08-18,S02,P101,6,60.0,0.0,0,C0846,Card,9
T108166,2026-08-18,S02,P102,4,45.0,0.0,0,C0607,Card,20
T108167,2026-08-18,S02,P102,9,45.0,0.0,0,C0098,Card,11
T108168,2026-08-18,S02,P102,9,45.0,0.0,0,C0316,UPI,19
T108169,2026-08-18,S02,P103,6,95.0,0.0,0,C1054,Card,16
T108170,2026-08-18,S02,P103,4,95.0,0.0,0,C0393,UPI,16
T108171,2026-08-18,S02,P104,7,145.0,0.0,0,C0902,UPI,21
T108172,2026-08-18,S02,P201,7,120.0,0.0,0,C0432,UPI,9
T108173,2026-08-18,S02,P201,5,120.0,0.0,0,C0131,Cash,8
T108174,2026-08-18,S02,P202,7,42.0,0.0,0,C0857,Card,12
T108175,2026-08-18,S02,P202,10,42.0,0.0,0,C0802,Card,9
T108176,2026-08-18,S02,P202,6,42.0,0.0,0,C0560,Card,9
T108177,2026-08-18,S02,P202,6,42.0,0.0,0,C1001,Card,10
T108178,2026-08-18,S02,P203,6,95.0,0.0,0,C0434,Cash,8
T108179,2026-08-18,S02,P203,5,95.0,0.0,0,C0510,UPI,13
T108180,2026-08-18,S02,P203,6,95.0,0.0,0,C0755,Card,11
T108181,2026-08-18,S02,P204,5,165.0,0.0,0,C0712,UPI,9
T108182,2026-08-18,S02,P204,4,165.0,0.0,0,C0250,Card,13
T108183,2026-08-18,S02,P301,7,50.0,0.0,0,C0575,Card,13
T108184,2026-08-18,S02,P301,7,50.0,0.0,0,C0484,UPI,17
T108185,2026-08-18,S02,P301,12,50.0,0.0,0,C0068,UPI,9
T108186,2026-08-18,S02,P301,13,50.0,0.0,0,C0201,Card,18
T108187,2026-08-18,S02,P302,6,85.0,0.0,0,C0950,UPI,13
T108188,2026-08-18,S02,P302,6,85.0,0.0,0,C1199,UPI,13
T108189,2026-08-18,S02,P302,8,85.0,0.0,0,C0171,UPI,9
T108190,2026-08-18,S02,P303,7,110.0,0.0,0,C0689,Cash,20
T108191,2026-08-18,S02,P303,5,110.0,0.0,0,C0286,Card,9
T108192,2026-08-18,S02,P304,9,25.0,0.0,0,C0849,UPI,9
T108193,2026-08-18,S02,P304,14,25.0,0.0,0,C0592,UPI,20
T108194,2026-08-18,S02,P304,15,25.0,0.0,0,C1176,UPI,13
T108195,2026-08-18,S02,P304,8,25.0,0.0,0,C0958,UPI,11
T108196,2026-08-18,S02,P401,8,35.0,0.0,0,C0716,Card,18
T108197,2026-08-18,S02,P401,9,35.0,0.0,0,C0380,UPI,9
T108198,2026-08-18,S02,P401,11,35.0,0.0,0,C0973,Card,8
T108199,2026-08-18,S02,P401,9,35.0,0.0,0,C0203,UPI,16
T108200,2026-08-18,S02,P402,11,30.0,0.0,0,C0887,UPI,21
T108201,2026-08-18,S02,P402,16,30.0,0.0,0,C1172,Cash,12
T108202,2026-08-18,S02,P402,8,30.0,0.0,0,C0640,UPI,18
T108203,2026-08-18,S02,P402,13,30.0,0.0,0,C0665,Cash,11
T108204,2026-08-18,S02,P403,7,55.0,0.0,0,C0610,UPI,8
T108205,2026-08-18,S02,P403,5,55.0,0.0,0,C0003,UPI,10
T108206,2026-08-18,S02,P403,6,55.0,0.0,0,C0965,UPI,21
T108207,2026-08-18,S02,P403,10,55.0,0.0,0,C0447,UPI,11
T108208,2026-08-18,S02,P501,9,210.0,0.0,0,C0934,Card,21
T108209,2026-08-18,S02,P501,5,210.0,0.0,0,C0205,UPI,13
T108210,2026-08-18,S02,P502,7,145.0,0.0,0,C0571,UPI,9
T108211,2026-08-18,S02,P502,4,145.0,0.0,0,C0193,UPI,18
T108212,2026-08-18,S02,P503,4,95.0,0.0,1,C0290,Card,21
T108213,2026-08-18,S02,P503,4,95.0,0.0,1,C1066,Cash,19
T108214,2026-08-18,S02,P503,10,95.0,0.0,1,C0424,UPI,13
T108215,2026-08-18,S02,P601,8,72.0,10.0,1,C0018,Cash,13
T108216,2026-08-18,S02,P601,7,80.0,0.0,1,C1041,UPI,16
T108217,2026-08-18,S02,P601,7,72.0,10.0,1,C0797,Cash,13
T108218,2026-08-18,S02,P601,4,80.0,0.0,1,C0500,Cash,21
T108219,2026-08-18,S03,P101,8,60.0,0.0,0,C0723,UPI,9
T108220,2026-08-18,S03,P101,4,60.0,0.0,0,C0784,Cash,12
T108221,2026-08-18,S03,P101,7,60.0,0.0,0,C1021,Card,18
T108222,2026-08-18,S03,P102,7,45.0,0.0,0,C1134,UPI,19
T108223,2026-08-18,S03,P102,7,45.0,0.0,0,C0267,Card,12
T108224,2026-08-18,S03,P103,4,95.0,0.0,1,C0205,UPI,17
T108225,2026-08-18,S03,P104,3,145.0,0.0,0,C0428,UPI,21
T108226,2026-08-18,S03,P201,7,120.0,0.0,0,C0084,Card,8
T108227,2026-08-18,S03,P202,5,42.0,0.0,0,C0982,UPI,12
T108228,2026-08-18,S03,P202,5,42.0,0.0,0,C0992,Card,10
T108229,2026-08-18,S03,P202,8,42.0,0.0,0,C1075,UPI,12
T108230,2026-08-18,S03,P203,5,95.0,0.0,0,C0722,UPI,19
T108231,2026-08-18,S03,P204,5,165.0,0.0,0,C0156,Cash,12
T108232,2026-08-18,S03,P301,9,50.0,0.0,0,C0123,UPI,13
T108233,2026-08-18,S03,P301,7,50.0,0.0,0,C0588,Card,19
T108234,2026-08-18,S03,P302,3,80.75,5.0,1,C0725,UPI,20
T108235,2026-08-18,S03,P302,6,85.0,0.0,1,C0279,UPI,19
T108236,2026-08-18,S03,P303,6,110.0,0.0,0,C0847,UPI,20
T108237,2026-08-18,S03,P304,10,25.0,0.0,0,C0158,UPI,8
T108238,2026-08-18,S03,P304,5,25.0,0.0,0,C0313,Card,16
T108239,2026-08-18,S03,P401,8,35.0,0.0,0,C0749,UPI,16
T108240,2026-08-18,S03,P401,6,35.0,0.0,0,C0310,UPI,10
T108241,2026-08-18,S03,P402,7,30.0,0.0,0,C0602,UPI,12
T108242,2026-08-18,S03,P402,7,30.0,0.0,0,C0780,UPI,11
T108243,2026-08-18,S03,P402,4,30.0,0.0,0,C0696,Card,16
T108244,2026-08-18,S03,P402,7,30.0,0.0,0,C1136,Card,13
T108245,2026-08-18,S03,P403,5,55.0,0.0,1,C0703,Card,13
T108246,2026-08-18,S03,P403,9,52.25,5.0,1,C0952,UPI,11
T108247,2026-08-18,S03,P501,5,210.0,0.0,0,C1013,Card,16
T108248,2026-08-18,S03,P501,4,210.0,0.0,0,C1116,UPI,13
T108249,2026-08-18,S03,P502,8,145.0,0.0,0,C0364,UPI,8
T108250,2026-08-18,S03,P503,7,95.0,0.0,0,C1068,UPI,10
T108251,2026-08-18,S03,P601,6,80.0,0.0,0,C0683,Card,19
T108252,2026-08-18,S03,P601,5,80.0,0.0,0,C0550,Cash,16
T108253,2026-08-18,S04,P101,6,60.0,0.0,0,C1085,UPI,18
T108254,2026-08-18,S04,P101,10,60.0,0.0,0,C0646,Card,10
T108255,2026-08-18,S04,P101,4,60.0,0.0,0,C0876,Card,8
T108256,2026-08-18,S04,P102,9,45.0,0.0,0,C0838,Card,16
T108257,2026-08-18,S04,P102,5,45.0,0.0,0,C0781,Cash,18
T108258,2026-08-18,S04,P102,6,45.0,0.0,0,C0315,UPI,18
T108259,2026-08-18,S04,P103,6,95.0,0.0,0,C0546,Card,13
T108260,2026-08-18,S04,P103,5,95.0,0.0,0,C0151,Cash,11
T108261,2026-08-18,S04,P104,3,145.0,0.0,0,C0056,UPI,20
T108262,2026-08-18,S04,P104,6,145.0,0.0,0,C0464,UPI,17
T108263,2026-08-18,S04,P201,5,120.0,0.0,0,C1160,Card,8
T108264,2026-08-18,S04,P202,4,42.0,0.0,0,C0842,UPI,16
T108265,2026-08-18,S04,P202,10,42.0,0.0,0,C0880,UPI,9
T108266,2026-08-18,S04,P203,7,95.0,0.0,0,C0666,Cash,18
T108267,2026-08-18,S04,P203,6,95.0,0.0,0,C1145,Cash,21
T108268,2026-08-18,S04,P204,6,165.0,0.0,0,C0665,UPI,16
T108269,2026-08-18,S04,P301,4,50.0,0.0,1,C0778,UPI,9
T108270,2026-08-18,S04,P301,5,50.0,0.0,1,C0307,UPI,8
T108271,2026-08-18,S04,P301,8,50.0,0.0,1,C0380,UPI,9
T108272,2026-08-18,S04,P302,7,85.0,0.0,0,C1122,Card,8
T108273,2026-08-18,S04,P303,4,110.0,0.0,0,C0765,Cash,16
T108274,2026-08-18,S04,P304,10,25.0,0.0,0,C1052,UPI,18
T108275,2026-08-18,S04,P304,6,25.0,0.0,0,C0285,Card,9
T108276,2026-08-18,S04,P304,8,25.0,0.0,0,C0914,UPI,16
T108277,2026-08-18,S04,P401,5,35.0,0.0,0,C0365,Card,10
T108278,2026-08-18,S04,P401,8,35.0,0.0,0,C0977,UPI,18
T108279,2026-08-18,S04,P401,7,35.0,0.0,0,C0266,Card,9
T108280,2026-08-18,S04,P401,5,35.0,0.0,0,C0257,Card,20
T108281,2026-08-18,S04,P402,5,30.0,0.0,0,C0195,Card,10
T108282,2026-08-18,S04,P402,5,30.0,0.0,0,C0542,UPI,21
T108283,2026-08-18,S04,P402,7,30.0,0.0,0,C0122,UPI,19
T108284,2026-08-18,S04,P403,8,55.0,0.0,0,C0852,UPI,13
T108285,2026-08-18,S04,P403,6,55.0,0.0,0,C0013,Card,19
T108286,2026-08-18,S04,P501,7,210.0,0.0,0,C0993,Card,10
T108287,2026-08-18,S04,P501,7,210.0,0.0,0,C0723,UPI,9
T108288,2026-08-18,S04,P502,8,145.0,0.0,0,C0151,Card,11
T108289,2026-08-18,S04,P502,5,145.0,0.0,0,C0139,Card,13
T108290,2026-08-18,S04,P503,7,95.0,0.0,0,C0010,Card,20
T108291,2026-08-18,S04,P601,6,80.0,0.0,0,C0606,UPI,12
T108292,2026-08-18,S04,P601,3,80.0,0.0,0,C1113,UPI,16
T108293,2026-08-19,S01,P101,5,60.0,0.0,0,C1028,UPI,16
T108294,2026-08-19,S01,P101,8,60.0,0.0,0,C0973,UPI,18
T108295,2026-08-19,S01,P101,7,60.0,0.0,0,C0010,UPI,9
T108296,2026-08-19,S01,P102,8,45.0,0.0,0,C0917,Card,12
T108297,2026-08-19,S01,P102,7,45.0,0.0,0,C0751,UPI,20
T108298,2026-08-19,S01,P103,8,95.0,0.0,0,C1078,UPI,20
T108299,2026-08-19,S01,P104,4,145.0,0.0,0,C0602,Cash,21
T108300,2026-08-19,S01,P201,7,120.0,0.0,0,C0458,Card,21
T108301,2026-08-19,S01,P202,5,42.0,0.0,0,C0386,Card,17
T108302,2026-08-19,S01,P202,6,42.0,0.0,0,C0360,Card,10
T108303,2026-08-19,S01,P202,8,42.0,0.0,0,C1090,UPI,18
T108304,2026-08-19,S01,P202,7,42.0,0.0,0,C0022,Card,8
T108305,2026-08-19,S01,P203,8,95.0,0.0,0,C0610,Card,8
T108306,2026-08-19,S01,P204,2,165.0,0.0,0,C0978,UPI,18
T108307,2026-08-19,S01,P301,5,50.0,0.0,0,C0499,UPI,20
T108308,2026-08-19,S01,P301,10,50.0,0.0,0,C1114,UPI,18
T108309,2026-08-19,S01,P302,8,85.0,0.0,1,C0994,Cash,18
T108310,2026-08-19,S01,P302,4,85.0,0.0,1,C0666,UPI,13
T108311,2026-08-19,S01,P303,7,110.0,0.0,0,C0807,UPI,20
T108312,2026-08-19,S01,P304,8,21.25,15.0,1,C0398,UPI,12
T108313,2026-08-19,S01,P304,6,25.0,0.0,1,C0174,UPI,12
T108314,2026-08-19,S01,P304,11,25.0,0.0,1,C0178,UPI,18
T108315,2026-08-19,S01,P304,7,23.75,5.0,1,C1139,UPI,8
T108316,2026-08-19,S01,P401,4,35.0,0.0,0,C0158,UPI,17
T108317,2026-08-19,S01,P401,7,35.0,0.0,0,C0349,Card,10
T108318,2026-08-19,S01,P401,9,35.0,0.0,0,C0948,Card,11
T108319,2026-08-19,S01,P402,6,30.0,0.0,0,C0097,UPI,8
T108320,2026-08-19,S01,P402,10,30.0,0.0,0,C1008,UPI,8
T108321,2026-08-19,S01,P402,7,30.0,0.0,0,C0399,Cash,8
T108322,2026-08-19,S01,P402,9,30.0,0.0,0,C1088,UPI,18
T108323,2026-08-19,S01,P403,5,55.0,0.0,0,C1094,UPI,19
T108324,2026-08-19,S01,P403,11,55.0,0.0,0,C0556,UPI,8
T108325,2026-08-19,S01,P403,5,55.0,0.0,0,C0460,UPI,17
T108326,2026-08-19,S01,P501,9,210.0,0.0,1,C0676,Cash,9
T108327,2026-08-19,S01,P501,6,210.0,0.0,1,C0931,UPI,9
T108328,2026-08-19,S01,P502,8,145.0,0.0,0,C0571,Card,10
T108329,2026-08-19,S01,P503,5,95.0,0.0,0,C0012,UPI,9
T108330,2026-08-19,S01,P503,9,95.0,0.0,0,C1140,UPI,19
T108331,2026-08-19,S01,P601,6,80.0,0.0,0,C0517,UPI,8
T108332,2026-08-19,S01,P601,8,80.0,0.0,0,C0512,UPI,12
T108333,2026-08-19,S02,P101,9,60.0,0.0,0,C0235,Cash,20
T108334,2026-08-19,S02,P101,5,60.0,0.0,0,C0456,Card,13
T108335,2026-08-19,S02,P101,8,60.0,0.0,0,C0410,UPI,16
T108336,2026-08-19,S02,P101,6,60.0,0.0,0,C1169,UPI,10
T108337,2026-08-19,S02,P102,10,45.0,0.0,0,C0051,Card,12
T108338,2026-08-19,S02,P102,5,45.0,0.0,0,C0035,Cash,12
T108339,2026-08-19,S02,P102,9,45.0,0.0,0,C0339,Card,17
T108340,2026-08-19,S02,P103,6,95.0,0.0,0,C0656,Card,10
T108341,2026-08-19,S02,P103,4,95.0,0.0,0,C1088,UPI,9
T108342,2026-08-19,S02,P104,8,145.0,0.0,0,C0961,UPI,12
T108343,2026-08-19,S02,P201,7,120.0,0.0,0,C0570,UPI,17
T108344,2026-08-19,S02,P202,5,42.0,0.0,0,C0745,UPI,13
T108345,2026-08-19,S02,P202,10,42.0,0.0,0,C0903,Cash,20
T108346,2026-08-19,S02,P202,8,42.0,0.0,0,C1035,Card,20
T108347,2026-08-19,S02,P202,5,42.0,0.0,0,C0071,Card,11
T108348,2026-08-19,S02,P203,7,95.0,0.0,0,C1039,UPI,9
T108349,2026-08-19,S02,P203,6,95.0,0.0,0,C1044,UPI,10
T108350,2026-08-19,S02,P204,6,165.0,0.0,0,C0330,UPI,9
T108351,2026-08-19,S02,P301,10,50.0,0.0,0,C0993,UPI,21
T108352,2026-08-19,S02,P301,4,50.0,0.0,0,C0272,Card,13
T108353,2026-08-19,S02,P301,9,50.0,0.0,0,C0089,UPI,16
T108354,2026-08-19,S02,P301,6,50.0,0.0,0,C0139,UPI,19
T108355,2026-08-19,S02,P302,6,76.5,10.0,1,C0590,Card,16
T108356,2026-08-19,S02,P302,7,80.75,5.0,1,C0627,Card,17
T108357,2026-08-19,S02,P302,5,80.75,5.0,1,C0563,UPI,13
T108358,2026-08-19,S02,P303,6,110.0,0.0,0,C0745,UPI,13
T108359,2026-08-19,S02,P304,5,25.0,0.0,1,C0473,UPI,8
T108360,2026-08-19,S02,P304,13,25.0,0.0,1,C0417,UPI,18
T108361,2026-08-19,S02,P304,8,25.0,0.0,1,C0547,Card,20
T108362,2026-08-19,S02,P304,8,25.0,0.0,1,C0885,UPI,11
T108363,2026-08-19,S02,P401,10,35.0,0.0,0,C0654,Card,10
T108364,2026-08-19,S02,P401,8,35.0,0.0,0,C0061,Card,8
T108365,2026-08-19,S02,P401,5,35.0,0.0,0,C0482,Card,12
T108366,2026-08-19,S02,P402,13,30.0,0.0,0,C0548,Cash,16
T108367,2026-08-19,S02,P402,9,30.0,0.0,0,C0897,Card,20
T108368,2026-08-19,S02,P402,10,30.0,0.0,0,C0018,UPI,18
T108369,2026-08-19,S02,P402,6,30.0,0.0,0,C0736,UPI,10
T108370,2026-08-19,S02,P403,10,55.0,0.0,0,C0977,Card,11
T108371,2026-08-19,S02,P403,7,55.0,0.0,0,C1028,UPI,18
T108372,2026-08-19,S02,P403,7,55.0,0.0,0,C0241,UPI,13
T108373,2026-08-19,S02,P403,10,55.0,0.0,0,C0896,UPI,19
T108374,2026-08-19,S02,P501,8,210.0,0.0,0,C0875,UPI,20
T108375,2026-08-19,S02,P501,7,210.0,0.0,0,C0383,UPI,18
T108376,2026-08-19,S02,P501,6,210.0,0.0,0,C1072,UPI,13
T108377,2026-08-19,S02,P502,4,145.0,0.0,0,C0936,UPI,21
T108378,2026-08-19,S02,P502,9,145.0,0.0,0,C0567,UPI,20
T108379,2026-08-19,S02,P503,8,95.0,0.0,0,C0429,Cash,12
T108380,2026-08-19,S02,P503,5,95.0,0.0,0,C0268,Card,9
T108381,2026-08-19,S02,P601,5,80.0,0.0,0,C1046,UPI,13
T108382,2026-08-19,S02,P601,11,80.0,0.0,0,C0521,UPI,21
T108383,2026-08-19,S02,P601,4,80.0,0.0,0,C0798,Card,12
T108384,2026-08-19,S02,P601,9,80.0,0.0,0,C0689,Cash,21
T108385,2026-08-19,S03,P101,9,60.0,0.0,0,C0255,UPI,18
T108386,2026-08-19,S03,P101,4,60.0,0.0,0,C0900,UPI,8
T108387,2026-08-19,S03,P101,6,60.0,0.0,0,C0830,UPI,18
T108388,2026-08-19,S03,P102,3,45.0,0.0,0,C0108,UPI,19
T108389,2026-08-19,S03,P102,6,45.0,0.0,0,C0274,Card,11
T108390,2026-08-19,S03,P103,4,95.0,0.0,0,C0588,UPI,21
T108391,2026-08-19,S03,P104,2,145.0,0.0,0,C0714,UPI,10
T108392,2026-08-19,S03,P201,6,114.0,5.0,1,C1019,Card,11
T108393,2026-08-19,S03,P202,10,42.0,0.0,0,C0763,UPI,9
T108394,2026-08-19,S03,P202,6,42.0,0.0,0,C0247,Cash,19
T108395,2026-08-19,S03,P203,4,90.25,5.0,1,C0869,Cash,16
T108396,2026-08-19,S03,P204,5,165.0,0.0,0,C0146,Card,10
T108397,2026-08-19,S03,P301,7,50.0,0.0,0,C0175,UPI,18
T108398,2026-08-19,S03,P301,6,50.0,0.0,0,C0605,UPI,20
T108399,2026-08-19,S03,P302,7,85.0,0.0,0,C0247,UPI,10
T108400,2026-08-19,S03,P303,7,110.0,0.0,1,C0705,Cash,16
T108401,2026-08-19,S03,P304,5,25.0,0.0,0,C0946,Card,17
T108402,2026-08-19,S03,P304,6,25.0,0.0,0,C1018,Cash,10
T108403,2026-08-19,S03,P304,11,25.0,0.0,0,C1050,UPI,9
T108404,2026-08-19,S03,P401,8,33.25,5.0,1,C0824,Cash,18
T108405,2026-08-19,S03,P401,5,31.5,10.0,1,C1091,Card,20
T108406,2026-08-19,S03,P401,10,29.75,15.0,1,C0731,Card,19
T108407,2026-08-19,S03,P402,7,30.0,0.0,0,C0911,UPI,19
T108408,2026-08-19,S03,P402,6,30.0,0.0,0,C0444,UPI,13
T108409,2026-08-19,S03,P402,8,30.0,0.0,0,C0163,UPI,16
T108410,2026-08-19,S03,P403,9,55.0,0.0,0,C1025,UPI,12
T108411,2026-08-19,S03,P403,4,55.0,0.0,0,C0964,UPI,12
T108412,2026-08-19,S03,P501,8,210.0,0.0,0,C0104,Card,9
T108413,2026-08-19,S03,P502,1,145.0,0.0,0,C0366,UPI,9
T108414,2026-08-19,S03,P503,4,95.0,0.0,0,C1060,Cash,13
T108415,2026-08-19,S03,P503,6,95.0,0.0,0,C0395,UPI,11
T108416,2026-08-19,S03,P601,8,80.0,0.0,0,C0915,UPI,13
T108417,2026-08-19,S03,P601,5,80.0,0.0,0,C0270,UPI,13
T108418,2026-08-19,S04,P101,8,60.0,0.0,0,C0654,Card,17
T108419,2026-08-19,S04,P101,5,60.0,0.0,0,C0902,UPI,21
T108420,2026-08-19,S04,P102,5,45.0,0.0,0,C1124,Card,20
T108421,2026-08-19,S04,P102,8,45.0,0.0,0,C0888,UPI,21
T108422,2026-08-19,S04,P103,5,95.0,0.0,0,C0709,Cash,9
T108423,2026-08-19,S04,P104,6,145.0,0.0,0,C1028,UPI,9
T108424,2026-08-19,S04,P201,6,108.0,10.0,1,C0040,Card,18
T108425,2026-08-19,S04,P202,5,42.0,0.0,0,C0305,UPI,13
T108426,2026-08-19,S04,P202,5,42.0,0.0,0,C0202,Card,11
T108427,2026-08-19,S04,P203,3,95.0,0.0,0,C0828,Card,13
T108428,2026-08-19,S04,P204,8,165.0,0.0,1,C0252,UPI,20
T108429,2026-08-19,S04,P301,7,50.0,0.0,0,C0730,UPI,13
T108430,2026-08-19,S04,P301,4,50.0,0.0,0,C0077,Cash,11
T108431,2026-08-19,S04,P302,6,85.0,0.0,1,C0516,UPI,20
T108432,2026-08-19,S04,P302,3,85.0,0.0,1,C0602,UPI,11
T108433,2026-08-19,S04,P303,5,110.0,0.0,0,C0580,UPI,21
T108434,2026-08-19,S04,P303,5,110.0,0.0,0,C0848,Cash,12
T108435,2026-08-19,S04,P304,10,23.75,5.0,1,C0796,UPI,18
T108436,2026-08-19,S04,P304,4,22.5,10.0,1,C0917,Card,18
T108437,2026-08-19,S04,P304,7,25.0,0.0,1,C0100,UPI,20
T108438,2026-08-19,S04,P401,8,35.0,0.0,1,C1092,Cash,8
T108439,2026-08-19,S04,P401,5,33.25,5.0,1,C0419,UPI,11
T108440,2026-08-19,S04,P401,5,35.0,0.0,1,C0667,UPI,18
T108441,2026-08-19,S04,P402,7,30.0,0.0,0,C0131,UPI,20
T108442,2026-08-19,S04,P402,6,30.0,0.0,0,C0486,Card,19
T108443,2026-08-19,S04,P402,7,30.0,0.0,0,C0247,Card,9
T108444,2026-08-19,S04,P403,6,55.0,0.0,0,C0941,Card,20
T108445,2026-08-19,S04,P403,7,55.0,0.0,0,C0080,UPI,16
T108446,2026-08-19,S04,P501,3,210.0,0.0,0,C1193,Card,11
T108447,2026-08-19,S04,P501,6,210.0,0.0,0,C0766,Cash,21
T108448,2026-08-19,S04,P502,6,145.0,0.0,0,C0337,UPI,21
T108449,2026-08-19,S04,P503,4,90.25,5.0,1,C0820,UPI,16
T108450,2026-08-19,S04,P503,10,95.0,0.0,1,C0473,Cash,10
T108451,2026-08-19,S04,P601,9,80.0,0.0,0,C0049,Cash,21
T108452,2026-08-19,S04,P601,5,80.0,0.0,0,C1119,Card,11
T108453,2026-08-20,S01,P101,8,60.0,0.0,0,C0870,Card,19
T108454,2026-08-20,S01,P101,6,60.0,0.0,0,C0852,Card,17
T108455,2026-08-20,S01,P102,9,45.0,0.0,0,C0909,Card,21
T108456,2026-08-20,S01,P102,7,45.0,0.0,0,C0949,Card,11
T108457,2026-08-20,S01,P102,8,45.0,0.0,0,C1096,UPI,10
T108458,2026-08-20,S01,P103,8,95.0,0.0,0,C0257,UPI,9
T108459,2026-08-20,S01,P104,8,145.0,0.0,0,C1164,UPI,16
T108460,2026-08-20,S01,P201,5,120.0,0.0,0,C0529,UPI,11
T108461,2026-08-20,S01,P201,4,120.0,0.0,0,C0436,Card,8
T108462,2026-08-20,S01,P202,7,42.0,0.0,0,C0463,UPI,13
T108463,2026-08-20,S01,P202,6,42.0,0.0,0,C0892,Card,11
T108464,2026-08-20,S01,P202,4,42.0,0.0,0,C0155,UPI,8
T108465,2026-08-20,S01,P203,4,95.0,0.0,0,C1028,Cash,13
T108466,2026-08-20,S01,P203,8,95.0,0.0,0,C0256,UPI,18
T108467,2026-08-20,S01,P204,6,165.0,0.0,0,C0410,UPI,19
T108468,2026-08-20,S01,P301,9,50.0,0.0,0,C0135,Card,9
T108469,2026-08-20,S01,P301,6,50.0,0.0,0,C0477,UPI,17
T108470,2026-08-20,S01,P301,4,50.0,0.0,0,C0494,UPI,20
T108471,2026-08-20,S01,P301,7,50.0,0.0,0,C0063,Cash,13
T108472,2026-08-20,S01,P302,5,85.0,0.0,0,C0711,Cash,21
T108473,2026-08-20,S01,P302,9,85.0,0.0,0,C0932,Card,16
T108474,2026-08-20,S01,P303,5,110.0,0.0,0,C0265,Card,20
T108475,2026-08-20,S01,P303,4,110.0,0.0,0,C0481,Card,10
T108476,2026-08-20,S01,P304,8,25.0,0.0,0,C0332,Cash,17
T108477,2026-08-20,S01,P304,6,25.0,0.0,0,C0192,Card,12
T108478,2026-08-20,S01,P304,6,25.0,0.0,0,C0035,UPI,19
T108479,2026-08-20,S01,P304,7,25.0,0.0,0,C0332,UPI,16
T108480,2026-08-20,S01,P401,10,35.0,0.0,0,C0027,UPI,16
T108481,2026-08-20,S01,P401,6,35.0,0.0,0,C0317,Cash,8
T108482,2026-08-20,S01,P401,6,35.0,0.0,0,C1072,Cash,8
T108483,2026-08-20,S01,P402,7,30.0,0.0,0,C1003,Card,12
T108484,2026-08-20,S01,P402,6,30.0,0.0,0,C0558,Card,21
T108485,2026-08-20,S01,P402,8,30.0,0.0,0,C0656,UPI,13
T108486,2026-08-20,S01,P402,8,30.0,0.0,0,C0616,Card,12
T108487,2026-08-20,S01,P403,6,55.0,0.0,1,C1166,UPI,12
T108488,2026-08-20,S01,P403,7,52.25,5.0,1,C1109,Cash,9
T108489,2026-08-20,S01,P501,4,178.5,15.0,1,C0328,UPI,19
T108490,2026-08-20,S01,P501,8,210.0,0.0,1,C0772,UPI,12
T108491,2026-08-20,S01,P502,4,145.0,0.0,0,C0716,UPI,9
T108492,2026-08-20,S01,P503,5,95.0,0.0,0,C0584,UPI,9
T108493,2026-08-20,S01,P503,6,95.0,0.0,0,C0017,Card,19
T108494,2026-08-20,S01,P601,5,80.0,0.0,0,C1048,Card,19
T108495,2026-08-20,S01,P601,5,80.0,0.0,0,C0319,Cash,13
T108496,2026-08-20,S02,P101,14,54.0,10.0,1,C0542,UPI,16
T108497,2026-08-20,S02,P101,7,60.0,0.0,1,C0386,Card,16
T108498,2026-08-20,S02,P101,7,57.0,5.0,1,C0588,UPI,10
T108499,2026-08-20,S02,P101,12,57.0,5.0,1,C1171,Card,13
T108500,2026-08-20,S02,P102,7,45.0,0.0,0,C0928,UPI,17
T108501,2026-08-20,S02,P102,4,45.0,0.0,0,C0747,Card,13
T108502,2026-08-20,S02,P103,3,95.0,0.0,0,C0533,UPI,19
T108503,2026-08-20,S02,P103,6,95.0,0.0,0,C1098,Card,20
T108504,2026-08-20,S02,P104,5,145.0,0.0,0,C0243,Card,11
T108505,2026-08-20,S02,P201,7,120.0,0.0,0,C0861,UPI,16
T108506,2026-08-20,S02,P201,5,120.0,0.0,0,C0791,UPI,9
T108507,2026-08-20,S02,P202,4,42.0,0.0,0,C0603,Cash,19
T108508,2026-08-20,S02,P202,7,42.0,0.0,0,C1195,Card,19
T108509,2026-08-20,S02,P202,9,42.0,0.0,0,C0267,Cash,19
T108510,2026-08-20,S02,P202,7,42.0,0.0,0,C0753,Cash,8
T108511,2026-08-20,S02,P203,5,95.0,0.0,0,C0557,Cash,9
T108512,2026-08-20,S02,P203,8,95.0,0.0,0,C1158,Card,20
T108513,2026-08-20,S02,P204,7,165.0,0.0,0,C0324,UPI,20
T108514,2026-08-20,S02,P204,6,165.0,0.0,0,C1065,UPI,10
T108515,2026-08-20,S02,P301,9,50.0,0.0,0,C0322,Card,13
T108516,2026-08-20,S02,P301,9,50.0,0.0,0,C0750,UPI,9
T108517,2026-08-20,S02,P301,9,50.0,0.0,0,C1185,UPI,17
T108518,2026-08-20,S02,P301,14,50.0,0.0,0,C0573,UPI,9
T108519,2026-08-20,S02,P302,9,85.0,0.0,0,C0879,UPI,12
T108520,2026-08-20,S02,P302,6,85.0,0.0,0,C1193,Cash,16
T108521,2026-08-20,S02,P303,4,110.0,0.0,0,C0984,Card,8
T108522,2026-08-20,S02,P303,5,110.0,0.0,0,C0547,Card,20
T108523,2026-08-20,S02,P304,13,25.0,0.0,0,C0097,Card,9
T108524,2026-08-20,S02,P304,10,25.0,0.0,0,C0980,UPI,12
T108525,2026-08-20,S02,P304,7,25.0,0.0,0,C0682,Card,18
T108526,2026-08-20,S02,P304,10,25.0,0.0,0,C0750,Cash,20
T108527,2026-08-20,S02,P401,7,33.25,5.0,1,C0264,Card,21
T108528,2026-08-20,S02,P401,11,35.0,0.0,1,C1067,UPI,13
T108529,2026-08-20,S02,P401,11,35.0,0.0,1,C0652,UPI,16
T108530,2026-08-20,S02,P401,14,29.75,15.0,1,C0896,Card,12
T108531,2026-08-20,S02,P402,9,30.0,0.0,1,C0980,UPI,21
T108532,2026-08-20,S02,P402,10,30.0,0.0,1,C0657,UPI,21
T108533,2026-08-20,S02,P402,9,30.0,0.0,1,C0952,Card,8
T108534,2026-08-20,S02,P402,8,30.0,0.0,1,C0270,Card,9
T108535,2026-08-20,S02,P403,7,55.0,0.0,0,C0449,Cash,17
T108536,2026-08-20,S02,P403,8,55.0,0.0,0,C0522,Cash,20
T108537,2026-08-20,S02,P403,8,55.0,0.0,0,C0533,UPI,20
T108538,2026-08-20,S02,P403,3,55.0,0.0,0,C0556,UPI,12
T108539,2026-08-20,S02,P501,10,210.0,0.0,1,C0252,Card,13
T108540,2026-08-20,S02,P501,5,199.5,5.0,1,C0294,Card,17
T108541,2026-08-20,S02,P502,8,145.0,0.0,0,C0024,UPI,16
T108542,2026-08-20,S02,P502,6,145.0,0.0,0,C1064,UPI,13
T108543,2026-08-20,S02,P503,4,95.0,0.0,0,C0807,Card,20
T108544,2026-08-20,S02,P503,10,95.0,0.0,0,C0244,UPI,11
T108545,2026-08-20,S02,P601,6,80.0,0.0,0,C0429,Cash,19
T108546,2026-08-20,S02,P601,9,80.0,0.0,0,C1198,Card,20
T108547,2026-08-20,S02,P601,9,80.0,0.0,0,C0462,Card,11
T108548,2026-08-20,S03,P101,7,60.0,0.0,0,C0679,UPI,18
T108549,2026-08-20,S03,P101,9,60.0,0.0,0,C1099,Cash,9
T108550,2026-08-20,S03,P102,4,45.0,0.0,0,C0445,Card,12
T108551,2026-08-20,S03,P102,7,45.0,0.0,0,C1100,Card,10
T108552,2026-08-20,S03,P103,5,95.0,0.0,0,C0173,Card,11
T108553,2026-08-20,S03,P104,3,145.0,0.0,0,C0006,UPI,10
T108554,2026-08-20,S03,P201,4,120.0,0.0,0,C0338,UPI,21
T108555,2026-08-20,S03,P202,6,42.0,0.0,0,C0751,Card,9
T108556,2026-08-20,S03,P203,6,95.0,0.0,0,C0645,Cash,18
T108557,2026-08-20,S03,P204,6,165.0,0.0,0,C0212,UPI,9
T108558,2026-08-20,S03,P301,4,50.0,0.0,0,C0350,UPI,20
T108559,2026-08-20,S03,P301,8,50.0,0.0,0,C0870,Cash,20
T108560,2026-08-20,S03,P302,5,85.0,0.0,1,C0873,Card,13
T108561,2026-08-20,S03,P302,7,76.5,10.0,1,C0464,Cash,20
T108562,2026-08-20,S03,P303,4,110.0,0.0,0,C0165,Cash,20
T108563,2026-08-20,S03,P304,6,25.0,0.0,0,C0750,Card,16
T108564,2026-08-20,S03,P304,8,25.0,0.0,0,C0876,UPI,18
T108565,2026-08-20,S03,P304,6,25.0,0.0,0,C0256,Cash,21
T108566,2026-08-20,S03,P401,5,35.0,0.0,0,C0438,UPI,17
T108567,2026-08-20,S03,P401,4,35.0,0.0,0,C0510,UPI,9
T108568,2026-08-20,S03,P401,8,35.0,0.0,0,C0692,Cash,9
T108569,2026-08-20,S03,P402,6,30.0,0.0,0,C1039,UPI,20
T108570,2026-08-20,S03,P402,7,30.0,0.0,0,C0455,UPI,9
T108571,2026-08-20,S03,P402,8,30.0,0.0,0,C0822,Card,18
T108572,2026-08-20,S03,P403,9,55.0,0.0,0,C0201,Card,13
T108573,2026-08-20,S03,P403,6,55.0,0.0,0,C0783,UPI,12
T108574,2026-08-20,S03,P501,3,210.0,0.0,0,C0819,Cash,9
T108575,2026-08-20,S03,P501,6,210.0,0.0,0,C0140,Cash,17
T108576,2026-08-20,S03,P502,5,145.0,0.0,0,C0332,Cash,19
T108577,2026-08-20,S03,P502,4,145.0,0.0,0,C0626,Card,13
T108578,2026-08-20,S03,P503,7,95.0,0.0,0,C0620,UPI,10
T108579,2026-08-20,S03,P503,5,95.0,0.0,0,C0689,Cash,16
T108580,2026-08-20,S03,P601,4,80.0,0.0,0,C0800,Card,19
T108581,2026-08-20,S03,P601,6,80.0,0.0,0,C0794,UPI,20
T108582,2026-08-20,S04,P101,8,60.0,0.0,0,C0065,UPI,11
T108583,2026-08-20,S04,P101,6,60.0,0.0,0,C0909,UPI,17
T108584,2026-08-20,S04,P102,8,45.0,0.0,1,C0079,Card,21
T108585,2026-08-20,S04,P102,5,45.0,0.0,1,C1041,UPI,12
T108586,2026-08-20,S04,P103,6,95.0,0.0,0,C0336,UPI,11
T108587,2026-08-20,S04,P104,2,145.0,0.0,0,C1018,Card,21
T108588,2026-08-20,S04,P201,6,120.0,0.0,0,C0198,Card,20
T108589,2026-08-20,S04,P202,4,42.0,0.0,0,C0846,UPI,11
T108590,2026-08-20,S04,P202,5,42.0,0.0,0,C0156,Card,19
T108591,2026-08-20,S04,P202,8,42.0,0.0,0,C0937,Card,19
T108592,2026-08-20,S04,P203,7,95.0,0.0,1,C1001,UPI,8
T108593,2026-08-20,S04,P203,3,85.5,10.0,1,C0471,UPI,11
T108594,2026-08-20,S04,P204,3,165.0,0.0,0,C0568,Card,16
T108595,2026-08-20,S04,P301,7,50.0,0.0,0,C0303,Card,12
T108596,2026-08-20,S04,P301,9,50.0,0.0,0,C0014,Cash,17
T108597,2026-08-20,S04,P301,6,50.0,0.0,0,C0001,Cash,11
T108598,2026-08-20,S04,P302,6,85.0,0.0,0,C0708,Card,9
T108599,2026-08-20,S04,P302,5,85.0,0.0,0,C0784,Cash,20
T108600,2026-08-20,S04,P303,5,110.0,0.0,0,C0505,Card,10
T108601,2026-08-20,S04,P304,10,25.0,0.0,0,C0541,UPI,13
T108602,2026-08-20,S04,P304,6,25.0,0.0,0,C1048,UPI,19
T108603,2026-08-20,S04,P401,8,35.0,0.0,0,C0053,Card,16
T108604,2026-08-20,S04,P401,9,35.0,0.0,0,C0358,Card,13
T108605,2026-08-20,S04,P401,4,35.0,0.0,0,C0760,Cash,21
T108606,2026-08-20,S04,P402,7,30.0,0.0,1,C1178,UPI,17
T108607,2026-08-20,S04,P402,7,30.0,0.0,1,C0882,UPI,17
T108608,2026-08-20,S04,P402,9,30.0,0.0,1,C0314,Card,13
T108609,2026-08-20,S04,P402,5,27.0,10.0,1,C0601,Cash,9
T108610,2026-08-20,S04,P403,9,55.0,0.0,0,C0736,Card,8
T108611,2026-08-20,S04,P403,5,55.0,0.0,0,C0844,Card,10
T108612,2026-08-20,S04,P501,5,210.0,0.0,0,C0334,Cash,19
T108613,2026-08-20,S04,P501,6,210.0,0.0,0,C0308,UPI,8
T108614,2026-08-20,S04,P502,4,145.0,0.0,0,C0960,UPI,9
T108615,2026-08-20,S04,P502,6,145.0,0.0,0,C1137,UPI,13
T108616,2026-08-20,S04,P503,5,95.0,0.0,0,C1200,UPI,10
T108617,2026-08-20,S04,P503,7,95.0,0.0,0,C0355,Cash,19
T108618,2026-08-20,S04,P601,4,80.0,0.0,0,C0287,Cash,17
T108619,2026-08-20,S04,P601,5,80.0,0.0,0,C1020,Cash,13
T108620,2026-08-21,S01,P101,9,60.0,0.0,1,C0153,Card,16
T108621,2026-08-21,S01,P101,7,57.0,5.0,1,C0311,Card,12
T108622,2026-08-21,S01,P101,5,60.0,0.0,1,C0669,Card,21
T108623,2026-08-21,S01,P102,5,45.0,0.0,0,C0761,Card,16
T108624,2026-08-21,S01,P102,8,45.0,0.0,0,C0050,UPI,16
T108625,2026-08-21,S01,P102,8,45.0,0.0,0,C0498,UPI,19
T108626,2026-08-21,S01,P103,6,95.0,0.0,0,C1102,UPI,13
T108627,2026-08-21,S01,P104,6,145.0,0.0,0,C0531,UPI,17
T108628,2026-08-21,S01,P104,3,145.0,0.0,0,C0133,Card,9
T108629,2026-08-21,S01,P201,7,120.0,0.0,0,C1032,UPI,17
T108630,2026-08-21,S01,P202,7,42.0,0.0,0,C0430,UPI,11
T108631,2026-08-21,S01,P202,6,42.0,0.0,0,C0756,UPI,8
T108632,2026-08-21,S01,P203,5,95.0,0.0,0,C0531,UPI,8
T108633,2026-08-21,S01,P203,4,95.0,0.0,0,C0903,Card,11
T108634,2026-08-21,S01,P204,5,165.0,0.0,0,C0755,Cash,17
T108635,2026-08-21,S01,P301,8,50.0,0.0,0,C1124,Card,8
T108636,2026-08-21,S01,P301,4,50.0,0.0,0,C0315,UPI,11
T108637,2026-08-21,S01,P301,8,50.0,0.0,0,C0439,Cash,20
T108638,2026-08-21,S01,P302,5,85.0,0.0,0,C0245,Card,21
T108639,2026-08-21,S01,P302,9,85.0,0.0,0,C0122,UPI,9
T108640,2026-08-21,S01,P303,7,110.0,0.0,0,C0019,Card,20
T108641,2026-08-21,S01,P303,3,110.0,0.0,0,C0700,UPI,17
T108642,2026-08-21,S01,P304,6,25.0,0.0,0,C0376,UPI,8
T108643,2026-08-21,S01,P304,7,25.0,0.0,0,C0852,Card,16
T108644,2026-08-21,S01,P304,7,25.0,0.0,0,C1048,UPI,10
T108645,2026-08-21,S01,P304,7,25.0,0.0,0,C0919,Card,9
T108646,2026-08-21,S01,P401,8,35.0,0.0,0,C0325,Card,8
T108647,2026-08-21,S01,P401,5,35.0,0.0,0,C1132,Card,16
T108648,2026-08-21,S01,P401,7,35.0,0.0,0,C0912,Card,13
T108649,2026-08-21,S01,P402,5,30.0,0.0,0,C1088,UPI,16
T108650,2026-08-21,S01,P402,7,30.0,0.0,0,C0017,UPI,9
T108651,2026-08-21,S01,P402,7,30.0,0.0,0,C0366,Cash,19
T108652,2026-08-21,S01,P402,13,30.0,0.0,0,C0816,Cash,13
T108653,2026-08-21,S01,P403,5,49.5,10.0,1,C0192,Card,13
T108654,2026-08-21,S01,P403,6,55.0,0.0,1,C0551,UPI,12
T108655,2026-08-21,S01,P403,9,55.0,0.0,1,C0157,Cash,18
T108656,2026-08-21,S01,P501,3,210.0,0.0,0,C0541,Card,11
T108657,2026-08-21,S01,P502,7,145.0,0.0,0,C0190,UPI,21
T108658,2026-08-21,S01,P503,8,95.0,0.0,0,C0854,UPI,10
T108659,2026-08-21,S01,P503,6,95.0,0.0,0,C0519,UPI,16
T108660,2026-08-21,S01,P601,4,80.0,0.0,0,C1062,Card,19
T108661,2026-08-21,S01,P601,5,80.0,0.0,0,C0141,UPI,21
T108662,2026-08-21,S01,P601,10,80.0,0.0,0,C1012,Card,9
T108663,2026-08-21,S02,P101,8,60.0,0.0,0,C0305,UPI,10
T108664,2026-08-21,S02,P101,6,60.0,0.0,0,C0037,Card,18
T108665,2026-08-21,S02,P101,6,60.0,0.0,0,C0175,Cash,8
T108666,2026-08-21,S02,P101,10,60.0,0.0,0,C0338,Card,18
T108667,2026-08-21,S02,P102,10,45.0,0.0,0,C0131,Card,21
T108668,2026-08-21,S02,P102,6,45.0,0.0,0,C0334,Card,17
T108669,2026-08-21,S02,P102,8,45.0,0.0,0,C0687,Card,21
T108670,2026-08-21,S02,P102,6,45.0,0.0,0,C0435,UPI,11
T108671,2026-08-21,S02,P103,7,95.0,0.0,0,C0601,UPI,9
T108672,2026-08-21,S02,P103,5,95.0,0.0,0,C0693,UPI,21
T108673,2026-08-21,S02,P104,7,145.0,0.0,0,C0229,UPI,12
T108674,2026-08-21,S02,P201,4,120.0,0.0,0,C1012,UPI,18
T108675,2026-08-21,S02,P202,9,42.0,0.0,0,C0556,Cash,19
T108676,2026-08-21,S02,P202,7,42.0,0.0,0,C0480,Card,13
T108677,2026-08-21,S02,P202,7,42.0,0.0,0,C0228,Card,12
T108678,2026-08-21,S02,P203,8,95.0,0.0,0,C0612,Cash,20
T108679,2026-08-21,S02,P204,7,165.0,0.0,0,C0915,Cash,10
T108680,2026-08-21,S02,P301,8,50.0,0.0,0,C1048,UPI,10
T108681,2026-08-21,S02,P301,5,50.0,0.0,0,C0688,Card,13
T108682,2026-08-21,S02,P301,10,50.0,0.0,0,C0809,UPI,12
T108683,2026-08-21,S02,P301,7,50.0,0.0,0,C0054,Card,12
T108684,2026-08-21,S02,P302,7,85.0,0.0,0,C0753,Card,11
T108685,2026-08-21,S02,P302,8,85.0,0.0,0,C0703,UPI,21
T108686,2026-08-21,S02,P302,7,85.0,0.0,0,C0859,UPI,10
T108687,2026-08-21,S02,P303,5,110.0,0.0,0,C0519,Cash,20
T108688,2026-08-21,S02,P303,9,110.0,0.0,0,C0435,Card,21
T108689,2026-08-21,S02,P304,6,25.0,0.0,0,C0827,UPI,12
T108690,2026-08-21,S02,P304,10,25.0,0.0,0,C0390,UPI,13
T108691,2026-08-21,S02,P304,9,25.0,0.0,0,C0467,Card,12
T108692,2026-08-21,S02,P304,10,25.0,0.0,0,C1076,Card,12
T108693,2026-08-21,S02,P401,12,35.0,0.0,0,C0205,Cash,21
T108694,2026-08-21,S02,P401,9,35.0,0.0,0,C0946,Cash,21
T108695,2026-08-21,S02,P401,13,35.0,0.0,0,C0730,Card,17
T108696,2026-08-21,S02,P401,13,35.0,0.0,0,C0752,UPI,10
T108697,2026-08-21,S02,P402,9,25.5,15.0,1,C0401,UPI,20
T108698,2026-08-21,S02,P402,11,30.0,0.0,1,C1037,UPI,17
T108699,2026-08-21,S02,P402,10,27.0,10.0,1,C1168,Cash,16
T108700,2026-08-21,S02,P402,20,30.0,0.0,1,C0382,UPI,19
T108701,2026-08-21,S02,P403,5,55.0,0.0,0,C0367,UPI,17
T108702,2026-08-21,S02,P403,11,55.0,0.0,0,C0905,Card,21
T108703,2026-08-21,S02,P403,10,55.0,0.0,0,C1079,UPI,13
T108704,2026-08-21,S02,P403,6,55.0,0.0,0,C1133,UPI,18
T108705,2026-08-21,S02,P501,7,210.0,0.0,0,C1184,Card,9
T108706,2026-08-21,S02,P501,3,210.0,0.0,0,C0558,Card,18
T108707,2026-08-21,S02,P502,3,145.0,0.0,0,C1179,Card,16
T108708,2026-08-21,S02,P502,7,145.0,0.0,0,C0733,UPI,17
T108709,2026-08-21,S02,P503,5,95.0,0.0,0,C0828,Card,17
T108710,2026-08-21,S02,P503,9,95.0,0.0,0,C0692,UPI,12
T108711,2026-08-21,S02,P601,8,72.0,10.0,1,C0285,Card,19
T108712,2026-08-21,S02,P601,10,80.0,0.0,1,C0777,UPI,10
T108713,2026-08-21,S02,P601,7,76.0,5.0,1,C0457,UPI,13
T108714,2026-08-21,S02,P601,5,76.0,5.0,1,C0144,Cash,12
T108715,2026-08-21,S03,P101,4,60.0,0.0,0,C0539,Card,8
T108716,2026-08-21,S03,P101,8,60.0,0.0,0,C0932,UPI,18
T108717,2026-08-21,S03,P102,6,45.0,0.0,0,C0009,UPI,18
T108718,2026-08-21,S03,P102,5,45.0,0.0,0,C0829,UPI,17
T108719,2026-08-21,S03,P103,5,95.0,0.0,0,C0267,Card,9
T108720,2026-08-21,S03,P104,1,145.0,0.0,0,C0985,Card,17
T108721,2026-08-21,S03,P201,5,120.0,0.0,0,C0219,Cash,16
T108722,2026-08-21,S03,P202,8,42.0,0.0,1,C0360,Cash,12
T108723,2026-08-21,S03,P203,7,95.0,0.0,0,C0459,Card,11
T108724,2026-08-21,S03,P204,3,165.0,0.0,0,C0371,UPI,13
T108725,2026-08-21,S03,P301,8,50.0,0.0,0,C0074,UPI,9
T108726,2026-08-21,S03,P301,4,50.0,0.0,0,C0053,Card,19
T108727,2026-08-21,S03,P302,5,85.0,0.0,0,C0451,Card,21
T108728,2026-08-21,S03,P302,7,85.0,0.0,0,C0257,UPI,11
T108729,2026-08-21,S03,P303,6,110.0,0.0,0,C0505,UPI,21
T108730,2026-08-21,S03,P304,5,25.0,0.0,0,C0273,Card,8
T108731,2026-08-21,S03,P304,7,25.0,0.0,0,C0521,UPI,10
T108732,2026-08-21,S03,P304,7,25.0,0.0,0,C1107,UPI,17
T108733,2026-08-21,S03,P401,6,35.0,0.0,0,C0286,UPI,18
T108734,2026-08-21,S03,P401,8,35.0,0.0,0,C0661,UPI,10
T108735,2026-08-21,S03,P402,8,30.0,0.0,0,C0685,Cash,8
T108736,2026-08-21,S03,P402,6,30.0,0.0,0,C0920,UPI,13
T108737,2026-08-21,S03,P402,6,30.0,0.0,0,C0298,Cash,21
T108738,2026-08-21,S03,P402,5,30.0,0.0,0,C0811,Cash,11
T108739,2026-08-21,S03,P403,9,55.0,0.0,0,C0908,UPI,16
T108740,2026-08-21,S03,P403,6,55.0,0.0,0,C0237,Card,8
T108741,2026-08-21,S03,P501,8,210.0,0.0,1,C1003,UPI,13
T108742,2026-08-21,S03,P502,8,145.0,0.0,0,C0592,UPI,12
T108743,2026-08-21,S03,P503,8,95.0,0.0,0,C0611,Cash,13
T108744,2026-08-21,S03,P601,6,80.0,0.0,0,C0213,UPI,10
T108745,2026-08-21,S03,P601,5,80.0,0.0,0,C0531,UPI,20
T108746,2026-08-21,S04,P101,7,60.0,0.0,0,C0199,UPI,13
T108747,2026-08-21,S04,P101,8,60.0,0.0,0,C0636,Card,11
T108748,2026-08-21,S04,P101,7,60.0,0.0,0,C1170,Card,17
T108749,2026-08-21,S04,P102,8,45.0,0.0,0,C1030,Cash,20
T108750,2026-08-21,S04,P102,5,45.0,0.0,0,C1094,Card,18
T108751,2026-08-21,S04,P103,7,95.0,0.0,0,C0754,Card,11
T108752,2026-08-21,S04,P103,4,95.0,0.0,0,C0392,UPI,17
T108753,2026-08-21,S04,P104,4,130.5,10.0,1,C0350,Card,19
T108754,2026-08-21,S04,P201,7,120.0,0.0,0,C0277,UPI,11
T108755,2026-08-21,S04,P202,7,42.0,0.0,0,C0171,UPI,12
T108756,2026-08-21,S04,P202,7,42.0,0.0,0,C1115,UPI,19
T108757,2026-08-21,S04,P202,3,42.0,0.0,0,C0409,Card,10
T108758,2026-08-21,S04,P203,5,95.0,0.0,0,C0465,UPI,9
T108759,2026-08-21,S04,P203,7,95.0,0.0,0,C0988,Card,16
T108760,2026-08-21,S04,P204,1,165.0,0.0,0,C0501,Card,19
T108761,2026-08-21,S04,P301,5,50.0,0.0,0,C0054,UPI,16
T108762,2026-08-21,S04,P301,5,50.0,0.0,0,C1006,Card,13
T108763,2026-08-21,S04,P301,8,50.0,0.0,0,C0986,Cash,13
T108764,2026-08-21,S04,P302,5,85.0,0.0,0,C0546,Card,19
T108765,2026-08-21,S04,P302,8,85.0,0.0,0,C0388,Cash,17
T108766,2026-08-21,S04,P302,4,85.0,0.0,0,C0541,UPI,9
T108767,2026-08-21,S04,P303,5,110.0,0.0,0,C0951,Card,18
T108768,2026-08-21,S04,P303,4,110.0,0.0,0,C0654,UPI,21
T108769,2026-08-21,S04,P304,10,25.0,0.0,0,C0708,Card,19
T108770,2026-08-21,S04,P304,5,25.0,0.0,0,C0755,UPI,19
T108771,2026-08-21,S04,P304,7,25.0,0.0,0,C0288,UPI,16
T108772,2026-08-21,S04,P401,7,35.0,0.0,0,C0985,UPI,20
T108773,2026-08-21,S04,P401,8,35.0,0.0,0,C1116,UPI,8
T108774,2026-08-21,S04,P402,9,30.0,0.0,0,C0386,Card,17
T108775,2026-08-21,S04,P402,4,30.0,0.0,0,C0641,UPI,11
T108776,2026-08-21,S04,P402,10,30.0,0.0,0,C0951,UPI,8
T108777,2026-08-21,S04,P403,5,55.0,0.0,0,C0716,UPI,21
T108778,2026-08-21,S04,P403,5,55.0,0.0,0,C0819,Cash,9
T108779,2026-08-21,S04,P501,6,210.0,0.0,0,C0866,Card,18
T108780,2026-08-21,S04,P501,4,210.0,0.0,0,C0155,Cash,10
T108781,2026-08-21,S04,P502,3,145.0,0.0,0,C0966,UPI,12
T108782,2026-08-21,S04,P503,5,95.0,0.0,0,C0605,Card,21
T108783,2026-08-21,S04,P503,7,95.0,0.0,0,C0830,UPI,21
T108784,2026-08-21,S04,P601,8,80.0,0.0,0,C0439,Card,9
T108785,2026-08-21,S04,P601,7,80.0,0.0,0,C0625,Card,10
T108786,2026-08-22,S01,P101,8,60.0,0.0,0,C0983,Card,8
T108787,2026-08-22,S01,P101,8,60.0,0.0,0,C0969,UPI,11
T108788,2026-08-22,S01,P101,4,60.0,0.0,0,C0790,Card,18
T108789,2026-08-22,S01,P101,8,60.0,0.0,0,C0549,UPI,9
T108790,2026-08-22,S01,P102,10,45.0,0.0,0,C0580,UPI,8
T108791,2026-08-22,S01,P102,7,45.0,0.0,0,C0726,Card,10
T108792,2026-08-22,S01,P102,6,45.0,0.0,0,C0310,UPI,8
T108793,2026-08-22,S01,P103,9,95.0,0.0,0,C1027,Card,21
T108794,2026-08-22,S01,P103,4,95.0,0.0,0,C0613,Card,11
T108795,2026-08-22,S01,P104,7,145.0,0.0,0,C0162,Cash,17
T108796,2026-08-22,S01,P201,8,120.0,0.0,0,C1104,Card,9
T108797,2026-08-22,S01,P202,5,42.0,0.0,0,C0392,Card,13
T108798,2026-08-22,S01,P202,5,42.0,0.0,0,C0447,Card,17
T108799,2026-08-22,S01,P202,6,42.0,0.0,0,C1038,UPI,8
T108800,2026-08-22,S01,P202,9,42.0,0.0,0,C0728,UPI,16
T108801,2026-08-22,S01,P203,3,95.0,0.0,0,C0710,UPI,20
T108802,2026-08-22,S01,P204,6,165.0,0.0,0,C0783,Cash,21
T108803,2026-08-22,S01,P301,5,50.0,0.0,0,C0111,UPI,20
T108804,2026-08-22,S01,P301,11,50.0,0.0,0,C0167,UPI,16
T108805,2026-08-22,S01,P302,5,85.0,0.0,0,C0725,Card,11
T108806,2026-08-22,S01,P302,5,85.0,0.0,0,C0871,Card,21
T108807,2026-08-22,S01,P302,11,85.0,0.0,0,C0347,Card,12
T108808,2026-08-22,S01,P303,7,99.0,10.0,1,C0715,UPI,17
T108809,2026-08-22,S01,P304,14,25.0,0.0,0,C0209,UPI,21
T108810,2026-08-22,S01,P304,5,25.0,0.0,0,C0543,Card,12
T108811,2026-08-22,S01,P304,10,25.0,0.0,0,C0801,UPI,10
T108812,2026-08-22,S01,P304,10,25.0,0.0,0,C0366,UPI,13
T108813,2026-08-22,S01,P401,11,35.0,0.0,0,C0878,Card,8
T108814,2026-08-22,S01,P401,7,35.0,0.0,0,C0021,Cash,13
T108815,2026-08-22,S01,P401,8,35.0,0.0,0,C0928,Card,20
T108816,2026-08-22,S01,P401,7,35.0,0.0,0,C0424,UPI,20
T108817,2026-08-22,S01,P402,7,30.0,0.0,0,C0936,UPI,11
T108818,2026-08-22,S01,P402,9,30.0,0.0,0,C1077,UPI,21
T108819,2026-08-22,S01,P402,11,30.0,0.0,0,C0293,Card,18
T108820,2026-08-22,S01,P402,6,30.0,0.0,0,C0435,UPI,16
T108821,2026-08-22,S01,P403,9,55.0,0.0,1,C0366,UPI,20
T108822,2026-08-22,S01,P403,7,52.25,5.0,1,C0297,UPI,12
T108823,2026-08-22,S01,P501,10,210.0,0.0,0,C1076,UPI,12
T108824,2026-08-22,S01,P501,4,210.0,0.0,0,C0886,UPI,9
T108825,2026-08-22,S01,P502,7,145.0,0.0,0,C0366,Cash,19
T108826,2026-08-22,S01,P503,3,95.0,0.0,0,C0381,UPI,10
T108827,2026-08-22,S01,P503,7,95.0,0.0,0,C1164,UPI,21
T108828,2026-08-22,S01,P601,6,80.0,0.0,0,C0773,Cash,21
T108829,2026-08-22,S01,P601,8,80.0,0.0,0,C0980,Card,20
T108830,2026-08-22,S01,P601,4,80.0,0.0,0,C0611,UPI,19
T108831,2026-08-22,S02,P101,13,60.0,0.0,0,C0801,Cash,8
T108832,2026-08-22,S02,P101,10,60.0,0.0,0,C0979,UPI,13
T108833,2026-08-22,S02,P101,8,60.0,0.0,0,C0141,UPI,11
T108834,2026-08-22,S02,P101,8,60.0,0.0,0,C0221,Card,19
T108835,2026-08-22,S02,P102,11,45.0,0.0,0,C0173,UPI,11
T108836,2026-08-22,S02,P102,5,45.0,0.0,0,C0545,UPI,19
T108837,2026-08-22,S02,P102,8,45.0,0.0,0,C0126,UPI,9
T108838,2026-08-22,S02,P103,6,95.0,0.0,0,C0216,UPI,20
T108839,2026-08-22,S02,P103,8,95.0,0.0,0,C0072,UPI,18
T108840,2026-08-22,S02,P103,4,95.0,0.0,0,C0052,UPI,17
T108841,2026-08-22,S02,P104,7,145.0,0.0,0,C0499,UPI,17
T108842,2026-08-22,S02,P201,5,120.0,0.0,0,C1026,Card,16
T108843,2026-08-22,S02,P201,9,120.0,0.0,0,C0880,UPI,18
T108844,2026-08-22,S02,P202,5,42.0,0.0,0,C0188,Cash,18
T108845,2026-08-22,S02,P202,11,42.0,0.0,0,C1182,UPI,17
T108846,2026-08-22,S02,P202,7,42.0,0.0,0,C0999,Card,18
T108847,2026-08-22,S02,P202,6,42.0,0.0,0,C0309,Card,11
T108848,2026-08-22,S02,P203,4,85.5,10.0,1,C0033,Cash,13
T108849,2026-08-22,S02,P203,7,90.25,5.0,1,C0319,Cash,8
T108850,2026-08-22,S02,P203,7,95.0,0.0,1,C0052,UPI,11
T108851,2026-08-22,S02,P204,7,165.0,0.0,0,C0244,Cash,21
T108852,2026-08-22,S02,P301,8,50.0,0.0,0,C0763,UPI,9
T108853,2026-08-22,S02,P301,6,50.0,0.0,0,C0134,UPI,17
T108854,2026-08-22,S02,P301,5,50.0,0.0,0,C0161,UPI,19
T108855,2026-08-22,S02,P301,11,50.0,0.0,0,C0105,UPI,9
T108856,2026-08-22,S02,P302,8,85.0,0.0,0,C0291,UPI,17
T108857,2026-08-22,S02,P302,8,85.0,0.0,0,C0552,Card,13
T108858,2026-08-22,S02,P303,6,110.0,0.0,1,C0279,UPI,10
T108859,2026-08-22,S02,P304,8,23.75,5.0,1,C0584,UPI,11
T108860,2026-08-22,S02,P304,7,25.0,0.0,1,C0982,UPI,12
T108861,2026-08-22,S02,P304,15,25.0,0.0,1,C0831,UPI,16
T108862,2026-08-22,S02,P304,12,25.0,0.0,1,C0278,Cash,19
T108863,2026-08-22,S02,P401,15,33.25,5.0,1,C1090,Cash,12
T108864,2026-08-22,S02,P401,10,31.5,10.0,1,C0199,Card,17
T108865,2026-08-22,S02,P401,9,35.0,0.0,1,C1193,Card,17
T108866,2026-08-22,S02,P401,9,33.25,5.0,1,C0878,UPI,17
T108867,2026-08-22,S02,P402,16,30.0,0.0,0,C0810,UPI,12
T108868,2026-08-22,S02,P402,18,30.0,0.0,0,C0461,Card,21
T108869,2026-08-22,S02,P402,9,30.0,0.0,0,C0289,Card,20
T108870,2026-08-22,S02,P402,17,30.0,0.0,0,C1005,UPI,8
T108871,2026-08-22,S02,P403,4,55.0,0.0,0,C0771,UPI,10
T108872,2026-08-22,S02,P403,4,55.0,0.0,0,C0677,UPI,18
T108873,2026-08-22,S02,P403,7,55.0,0.0,0,C0737,Card,10
T108874,2026-08-22,S02,P403,10,55.0,0.0,0,C0835,UPI,16
T108875,2026-08-22,S02,P501,7,210.0,0.0,1,C0386,Cash,18
T108876,2026-08-22,S02,P501,5,210.0,0.0,1,C0665,Card,20
T108877,2026-08-22,S02,P501,6,178.5,15.0,1,C0028,UPI,17
T108878,2026-08-22,S02,P502,10,145.0,0.0,0,C0547,Card,10
T108879,2026-08-22,S02,P502,6,145.0,0.0,0,C0010,Card,20
T108880,2026-08-22,S02,P503,5,95.0,0.0,1,C1151,UPI,21
T108881,2026-08-22,S02,P503,8,95.0,0.0,1,C0266,UPI,20
T108882,2026-08-22,S02,P503,8,95.0,0.0,1,C0823,UPI,10
T108883,2026-08-22,S02,P503,6,95.0,0.0,1,C0572,UPI,8
T108884,2026-08-22,S02,P601,6,80.0,0.0,0,C0218,UPI,17
T108885,2026-08-22,S02,P601,10,80.0,0.0,0,C0040,Cash,16
T108886,2026-08-22,S02,P601,8,80.0,0.0,0,C1049,Card,20
T108887,2026-08-22,S03,P101,7,60.0,0.0,0,C0573,UPI,13
T108888,2026-08-22,S03,P101,5,60.0,0.0,0,C1199,Cash,21
T108889,2026-08-22,S03,P101,8,60.0,0.0,0,C0786,UPI,16
T108890,2026-08-22,S03,P102,10,45.0,0.0,0,C0682,UPI,18
T108891,2026-08-22,S03,P102,5,45.0,0.0,0,C0243,UPI,8
T108892,2026-08-22,S03,P103,6,95.0,0.0,0,C0392,Card,13
T108893,2026-08-22,S03,P104,3,145.0,0.0,0,C1036,Card,10
T108894,2026-08-22,S03,P201,6,120.0,0.0,0,C1069,Cash,17
T108895,2026-08-22,S03,P202,10,42.0,0.0,0,C0285,Card,10
T108896,2026-08-22,S03,P202,6,42.0,0.0,0,C0824,UPI,21
T108897,2026-08-22,S03,P203,1,95.0,0.0,0,C0061,UPI,17
T108898,2026-08-22,S03,P204,6,165.0,0.0,1,C0233,UPI,21
T108899,2026-08-22,S03,P301,10,50.0,0.0,0,C0154,Card,19
T108900,2026-08-22,S03,P301,5,50.0,0.0,0,C0008,Cash,11
T108901,2026-08-22,S03,P302,4,85.0,0.0,0,C1131,UPI,12
T108902,2026-08-22,S03,P302,5,85.0,0.0,0,C0856,Cash,16
T108903,2026-08-22,S03,P303,3,110.0,0.0,0,C0236,UPI,10
T108904,2026-08-22,S03,P303,6,110.0,0.0,0,C0623,UPI,11
T108905,2026-08-22,S03,P304,10,25.0,0.0,0,C0607,UPI,13
T108906,2026-08-22,S03,P304,7,25.0,0.0,0,C0977,UPI,21
T108907,2026-08-22,S03,P304,6,25.0,0.0,0,C1131,Card,16
T108908,2026-08-22,S03,P401,6,35.0,0.0,0,C1120,UPI,12
T108909,2026-08-22,S03,P401,7,35.0,0.0,0,C0298,Card,20
T108910,2026-08-22,S03,P401,4,35.0,0.0,0,C0140,Cash,13
T108911,2026-08-22,S03,P401,8,35.0,0.0,0,C0010,Card,10
T108912,2026-08-22,S03,P402,8,30.0,0.0,0,C0445,Card,11
T108913,2026-08-22,S03,P402,6,30.0,0.0,0,C0240,UPI,12
T108914,2026-08-22,S03,P402,4,30.0,0.0,0,C0926,UPI,18
T108915,2026-08-22,S03,P403,7,55.0,0.0,0,C0019,Card,16
T108916,2026-08-22,S03,P403,7,55.0,0.0,0,C0070,Card,13
T108917,2026-08-22,S03,P403,7,55.0,0.0,0,C0844,Card,13
T108918,2026-08-22,S03,P501,4,210.0,0.0,1,C0451,UPI,20
T108919,2026-08-22,S03,P501,10,210.0,0.0,1,C0679,Card,11
T108920,2026-08-22,S03,P502,8,145.0,0.0,0,C1015,UPI,11
T108921,2026-08-22,S03,P503,4,95.0,0.0,0,C0100,Card,18
T108922,2026-08-22,S03,P503,5,95.0,0.0,0,C0718,UPI,13
T108923,2026-08-22,S03,P601,8,80.0,0.0,0,C0816,Card,17
T108924,2026-08-22,S03,P601,7,80.0,0.0,0,C0321,UPI,20
T108925,2026-08-22,S04,P101,9,60.0,0.0,0,C0717,UPI,19
T108926,2026-08-22,S04,P101,6,60.0,0.0,0,C0548,UPI,13
T108927,2026-08-22,S04,P101,7,60.0,0.0,0,C0571,UPI,12
T108928,2026-08-22,S04,P102,5,45.0,0.0,0,C0934,Card,19
T108929,2026-08-22,S04,P102,7,45.0,0.0,0,C0275,Card,13
T108930,2026-08-22,S04,P103,2,95.0,0.0,0,C1042,UPI,18
T108931,2026-08-22,S04,P104,6,145.0,0.0,0,C0427,Cash,13
T108932,2026-08-22,S04,P201,7,120.0,0.0,0,C0867,Card,12
T108933,2026-08-22,S04,P202,9,42.0,0.0,0,C1191,UPI,20
T108934,2026-08-22,S04,P202,5,42.0,0.0,0,C0607,Card,9
T108935,2026-08-22,S04,P202,7,42.0,0.0,0,C0766,Card,16
T108936,2026-08-22,S04,P202,4,42.0,0.0,0,C0212,UPI,21
T108937,2026-08-22,S04,P203,3,95.0,0.0,0,C0237,UPI,12
T108938,2026-08-22,S04,P203,8,95.0,0.0,0,C0325,UPI,13
T108939,2026-08-22,S04,P204,1,165.0,0.0,0,C0381,Card,8
T108940,2026-08-22,S04,P301,8,50.0,0.0,0,C0442,UPI,13
T108941,2026-08-22,S04,P301,6,50.0,0.0,0,C0267,UPI,8
T108942,2026-08-22,S04,P302,6,85.0,0.0,0,C0925,UPI,21
T108943,2026-08-22,S04,P302,8,85.0,0.0,0,C0103,Cash,20
T108944,2026-08-22,S04,P303,7,110.0,0.0,0,C0419,Cash,19
T108945,2026-08-22,S04,P303,4,110.0,0.0,0,C0683,Card,12
T108946,2026-08-22,S04,P304,10,25.0,0.0,0,C0976,UPI,9
T108947,2026-08-22,S04,P304,9,25.0,0.0,0,C0321,Cash,18
T108948,2026-08-22,S04,P304,4,25.0,0.0,0,C0701,UPI,21
T108949,2026-08-22,S04,P304,9,25.0,0.0,0,C0941,UPI,9
T108950,2026-08-22,S04,P401,6,35.0,0.0,0,C0556,Card,12
T108951,2026-08-22,S04,P401,9,35.0,0.0,0,C0369,Cash,11
T108952,2026-08-22,S04,P401,3,35.0,0.0,0,C1101,UPI,17
T108953,2026-08-22,S04,P401,7,35.0,0.0,0,C0376,UPI,19
T108954,2026-08-22,S04,P402,7,30.0,0.0,0,C0286,Card,8
T108955,2026-08-22,S04,P402,5,30.0,0.0,0,C0587,Cash,21
T108956,2026-08-22,S04,P402,10,30.0,0.0,0,C0438,UPI,21
T108957,2026-08-22,S04,P402,6,30.0,0.0,0,C0301,Card,8
T108958,2026-08-22,S04,P403,5,55.0,0.0,0,C0562,Card,10
T108959,2026-08-22,S04,P403,11,55.0,0.0,0,C0816,UPI,10
T108960,2026-08-22,S04,P403,8,55.0,0.0,0,C0454,UPI,8
T108961,2026-08-22,S04,P501,4,210.0,0.0,0,C0054,UPI,17
T108962,2026-08-22,S04,P501,6,210.0,0.0,0,C0482,Card,21
T108963,2026-08-22,S04,P502,6,145.0,0.0,0,C0365,Card,8
T108964,2026-08-22,S04,P502,5,145.0,0.0,0,C0167,Cash,8
T108965,2026-08-22,S04,P503,3,95.0,0.0,0,C0210,UPI,10
T108966,2026-08-22,S04,P503,6,95.0,0.0,0,C0215,Cash,9
T108967,2026-08-22,S04,P601,7,80.0,0.0,0,C0954,UPI,16
T108968,2026-08-22,S04,P601,5,80.0,0.0,0,C0089,UPI,19
T108969,2026-08-22,S04,P601,5,80.0,0.0,0,C0562,Cash,9
T108970,2026-08-23,S01,P101,9,60.0,0.0,0,C0510,UPI,8
T108971,2026-08-23,S01,P101,8,60.0,0.0,0,C0540,UPI,8
T108972,2026-08-23,S01,P101,6,60.0,0.0,0,C0770,Card,9
T108973,2026-08-23,S01,P102,5,45.0,0.0,1,C0421,UPI,12
T108974,2026-08-23,S01,P102,6,45.0,0.0,1,C0496,Card,12
T108975,2026-08-23,S01,P103,5,95.0,0.0,0,C0441,UPI,8
T108976,2026-08-23,S01,P103,6,95.0,0.0,0,C0452,Cash,16
T108977,2026-08-23,S01,P104,5,145.0,0.0,0,C0494,UPI,12
T108978,2026-08-23,S01,P201,6,120.0,0.0,0,C0437,Card,17
T108979,2026-08-23,S01,P202,8,42.0,0.0,0,C0597,Card,11
T108980,2026-08-23,S01,P202,7,42.0,0.0,0,C0899,Cash,16
T108981,2026-08-23,S01,P202,4,42.0,0.0,0,C1104,UPI,12
T108982,2026-08-23,S01,P203,5,95.0,0.0,0,C0194,Card,8
T108983,2026-08-23,S01,P203,7,95.0,0.0,0,C1150,Card,12
T108984,2026-08-23,S01,P204,3,165.0,0.0,0,C0214,Card,19
T108985,2026-08-23,S01,P301,5,50.0,0.0,0,C0789,UPI,18
T108986,2026-08-23,S01,P301,11,50.0,0.0,0,C0052,Cash,9
T108987,2026-08-23,S01,P302,4,85.0,0.0,0,C0523,Card,18
T108988,2026-08-23,S01,P302,9,85.0,0.0,0,C0085,UPI,11
T108989,2026-08-23,S01,P303,8,110.0,0.0,1,C0043,UPI,10
T108990,2026-08-23,S01,P304,12,25.0,0.0,0,C0377,Cash,8
T108991,2026-08-23,S01,P304,7,25.0,0.0,0,C0862,Card,21
T108992,2026-08-23,S01,P304,13,25.0,0.0,0,C0716,UPI,18
T108993,2026-08-23,S01,P304,7,25.0,0.0,0,C1098,UPI,12
T108994,2026-08-23,S01,P401,9,35.0,0.0,0,C0796,UPI,17
T108995,2026-08-23,S01,P401,5,35.0,0.0,0,C0231,UPI,11
T108996,2026-08-23,S01,P401,5,35.0,0.0,0,C0555,UPI,19
T108997,2026-08-23,S01,P401,7,35.0,0.0,0,C0203,UPI,19
T108998,2026-08-23,S01,P402,7,30.0,0.0,0,C0672,UPI,12
T108999,2026-08-23,S01,P402,8,30.0,0.0,0,C0396,Card,13
T109000,2026-08-23,S01,P402,14,30.0,0.0,0,C0559,UPI,13
T109001,2026-08-23,S01,P402,7,30.0,0.0,0,C1021,UPI,13
T109002,2026-08-23,S01,P403,8,55.0,0.0,0,C0593,UPI,20
T109003,2026-08-23,S01,P403,7,55.0,0.0,0,C0655,UPI,16
T109004,2026-08-23,S01,P403,6,55.0,0.0,0,C0312,UPI,16
T109005,2026-08-23,S01,P501,7,210.0,0.0,0,C0694,UPI,10
T109006,2026-08-23,S01,P502,6,145.0,0.0,0,C0278,Card,10
T109007,2026-08-23,S01,P502,3,145.0,0.0,0,C0067,Cash,18
T109008,2026-08-23,S01,P503,4,95.0,0.0,0,C0916,Card,12
T109009,2026-08-23,S01,P503,9,95.0,0.0,0,C0892,Card,17
T109010,2026-08-23,S01,P601,7,80.0,0.0,0,C0657,Cash,13
T109011,2026-08-23,S01,P601,8,80.0,0.0,0,C0228,Card,9
T109012,2026-08-23,S01,P601,4,80.0,0.0,0,C0975,Card,10
T109013,2026-08-23,S02,P101,12,60.0,0.0,0,C0464,UPI,17
T109014,2026-08-23,S02,P101,12,60.0,0.0,0,C1072,Card,19
T109015,2026-08-23,S02,P101,9,60.0,0.0,0,C1013,Card,18
T109016,2026-08-23,S02,P101,5,60.0,0.0,0,C0347,Card,20
T109017,2026-08-23,S02,P102,7,45.0,0.0,0,C0764,UPI,11
T109018,2026-08-23,S02,P102,10,45.0,0.0,0,C0475,UPI,9
T109019,2026-08-23,S02,P102,7,45.0,0.0,0,C1100,UPI,13
T109020,2026-08-23,S02,P102,4,45.0,0.0,0,C0863,UPI,17
T109021,2026-08-23,S02,P103,6,95.0,0.0,0,C0691,Card,11
T109022,2026-08-23,S02,P103,8,95.0,0.0,0,C0339,UPI,21
T109023,2026-08-23,S02,P104,4,145.0,0.0,1,C0387,Card,19
T109024,2026-08-23,S02,P201,5,120.0,0.0,0,C0812,Card,8
T109025,2026-08-23,S02,P201,6,120.0,0.0,0,C0857,UPI,17
T109026,2026-08-23,S02,P202,7,42.0,0.0,0,C0009,Card,21
T109027,2026-08-23,S02,P202,6,42.0,0.0,0,C0828,UPI,8
T109028,2026-08-23,S02,P202,6,42.0,0.0,0,C0490,UPI,8
T109029,2026-08-23,S02,P202,13,42.0,0.0,0,C0502,UPI,19
T109030,2026-08-23,S02,P203,7,95.0,0.0,0,C1026,Card,9
T109031,2026-08-23,S02,P203,7,95.0,0.0,0,C0673,UPI,10
T109032,2026-08-23,S02,P204,6,156.75,5.0,1,C0772,Card,8
T109033,2026-08-23,S02,P204,3,156.75,5.0,1,C0285,Card,10
T109034,2026-08-23,S02,P301,7,50.0,0.0,1,C0223,UPI,12
T109035,2026-08-23,S02,P301,8,50.0,0.0,1,C0482,UPI,17
T109036,2026-08-23,S02,P301,11,50.0,0.0,1,C1193,UPI,18
T109037,2026-08-23,S02,P301,7,47.5,5.0,1,C0194,Card,18
T109038,2026-08-23,S02,P302,8,85.0,0.0,0,C0120,Card,12
T109039,2026-08-23,S02,P302,9,85.0,0.0,0,C1037,UPI,11
T109040,2026-08-23,S02,P302,5,85.0,0.0,0,C0412,Card,20
T109041,2026-08-23,S02,P303,7,99.0,10.0,1,C0926,Cash,11
T109042,2026-08-23,S02,P304,7,23.75,5.0,1,C0777,UPI,11
T109043,2026-08-23,S02,P304,7,25.0,0.0,1,C0079,Cash,18
T109044,2026-08-23,S02,P304,17,23.75,5.0,1,C0977,UPI,8
T109045,2026-08-23,S02,P304,11,25.0,0.0,1,C1146,UPI,8
T109046,2026-08-23,S02,P401,13,35.0,0.0,0,C0224,Card,21
T109047,2026-08-23,S02,P401,10,35.0,0.0,0,C0762,UPI,17
T109048,2026-08-23,S02,P401,12,35.0,0.0,0,C0984,Cash,21
T109049,2026-08-23,S02,P401,11,35.0,0.0,0,C0038,Card,19
T109050,2026-08-23,S02,P402,18,30.0,0.0,0,C0782,UPI,20
T109051,2026-08-23,S02,P402,14,30.0,0.0,0,C0750,UPI,20
T109052,2026-08-23,S02,P402,9,30.0,0.0,0,C0818,UPI,16
T109053,2026-08-23,S02,P402,17,30.0,0.0,0,C0162,UPI,12
T109054,2026-08-23,S02,P403,10,55.0,0.0,0,C0067,UPI,13
T109055,2026-08-23,S02,P403,8,55.0,0.0,0,C0105,Card,17
T109056,2026-08-23,S02,P403,5,55.0,0.0,0,C0602,Card,9
T109057,2026-08-23,S02,P501,7,210.0,0.0,1,C0378,Cash,9
T109058,2026-08-23,S02,P501,8,210.0,0.0,1,C0051,Card,20
T109059,2026-08-23,S02,P502,6,145.0,0.0,0,C0177,UPI,16
T109060,2026-08-23,S02,P502,5,145.0,0.0,0,C1033,UPI,19
T109061,2026-08-23,S02,P503,6,95.0,0.0,1,C0654,Card,13
T109062,2026-08-23,S02,P503,10,85.5,10.0,1,C0744,Card,19
T109063,2026-08-23,S02,P601,5,80.0,0.0,1,C1108,UPI,10
T109064,2026-08-23,S02,P601,8,80.0,0.0,1,C0626,UPI,11
T109065,2026-08-23,S02,P601,8,72.0,10.0,1,C0950,UPI,17
T109066,2026-08-23,S02,P601,5,80.0,0.0,1,C0581,Card,18
T109067,2026-08-23,S03,P101,8,60.0,0.0,0,C0370,UPI,17
T109068,2026-08-23,S03,P101,4,60.0,0.0,0,C0258,Card,8
T109069,2026-08-23,S03,P102,6,45.0,0.0,1,C0607,Card,17
T109070,2026-08-23,S03,P102,10,45.0,0.0,1,C0378,UPI,17
T109071,2026-08-23,S03,P103,5,95.0,0.0,0,C1106,Cash,18
T109072,2026-08-23,S03,P104,7,145.0,0.0,0,C0897,Card,8
T109073,2026-08-23,S03,P201,3,120.0,0.0,0,C0063,UPI,16
T109074,2026-08-23,S03,P202,8,42.0,0.0,0,C0842,Card,21
T109075,2026-08-23,S03,P202,4,42.0,0.0,0,C0740,Cash,9
T109076,2026-08-23,S03,P202,7,42.0,0.0,0,C0028,UPI,12
T109077,2026-08-23,S03,P203,7,95.0,0.0,0,C0925,UPI,20
T109078,2026-08-23,S03,P203,4,95.0,0.0,0,C0772,UPI,11
T109079,2026-08-23,S03,P204,3,165.0,0.0,0,C0585,UPI,12
T109080,2026-08-23,S03,P301,8,50.0,0.0,1,C0618,UPI,12
T109081,2026-08-23,S03,P301,7,47.5,5.0,1,C0225,Cash,13
T109082,2026-08-23,S03,P301,6,50.0,0.0,1,C1057,Cash,17
T109083,2026-08-23,S03,P301,5,50.0,0.0,1,C0445,Cash,17
T109084,2026-08-23,S03,P302,5,85.0,0.0,0,C0273,UPI,10
T109085,2026-08-23,S03,P302,5,85.0,0.0,0,C0734,UPI,21
T109086,2026-08-23,S03,P303,8,110.0,0.0,1,C1027,UPI,11
T109087,2026-08-23,S03,P304,4,25.0,0.0,0,C0195,UPI,12
T109088,2026-08-23,S03,P304,6,25.0,0.0,0,C1070,UPI,19
T109089,2026-08-23,S03,P304,7,25.0,0.0,0,C0446,UPI,20
T109090,2026-08-23,S03,P304,8,25.0,0.0,0,C1154,UPI,11
T109091,2026-08-23,S03,P401,7,35.0,0.0,0,C0624,Card,12
T109092,2026-08-23,S03,P401,4,35.0,0.0,0,C1025,UPI,8
T109093,2026-08-23,S03,P401,8,35.0,0.0,0,C0813,UPI,17
T109094,2026-08-23,S03,P402,10,30.0,0.0,0,C0979,Card,19
T109095,2026-08-23,S03,P402,9,30.0,0.0,0,C0551,Card,16
T109096,2026-08-23,S03,P402,4,30.0,0.0,0,C0143,Card,9
T109097,2026-08-23,S03,P402,6,30.0,0.0,0,C0824,UPI,9
T109098,2026-08-23,S03,P403,5,52.25,5.0,1,C1077,Card,8
T109099,2026-08-23,S03,P403,11,52.25,5.0,1,C1197,UPI,10
T109100,2026-08-23,S03,P501,6,210.0,0.0,0,C0108,Cash,11
T109101,2026-08-23,S03,P502,7,145.0,0.0,0,C0990,Cash,10
T109102,2026-08-23,S03,P503,8,95.0,0.0,0,C0147,Card,16
T109103,2026-08-23,S03,P601,8,80.0,0.0,0,C0723,Card,16
T109104,2026-08-23,S03,P601,5,80.0,0.0,0,C0827,UPI,18
T109105,2026-08-23,S04,P101,8,54.0,10.0,1,C0344,Card,8
T109106,2026-08-23,S04,P101,4,57.0,5.0,1,C0353,Card,12
T109107,2026-08-23,S04,P101,5,60.0,0.0,1,C0991,UPI,19
T109108,2026-08-23,S04,P102,4,45.0,0.0,0,C0709,UPI,21
T109109,2026-08-23,S04,P102,5,45.0,0.0,0,C0051,UPI,16
T109110,2026-08-23,S04,P103,6,95.0,0.0,0,C0491,UPI,10
T109111,2026-08-23,S04,P104,3,145.0,0.0,0,C0963,UPI,19
T109112,2026-08-23,S04,P201,6,108.0,10.0,1,C0671,UPI,13
T109113,2026-08-23,S04,P201,4,120.0,0.0,1,C0330,Card,9
T109114,2026-08-23,S04,P202,4,42.0,0.0,0,C0017,Card,17
T109115,2026-08-23,S04,P202,7,42.0,0.0,0,C1175,UPI,12
T109116,2026-08-23,S04,P202,8,42.0,0.0,0,C1006,UPI,19
T109117,2026-08-23,S04,P202,7,42.0,0.0,0,C0385,Card,13
T109118,2026-08-23,S04,P203,3,95.0,0.0,0,C0336,Card,18
T109119,2026-08-23,S04,P203,8,95.0,0.0,0,C1033,Card,18
T109120,2026-08-23,S04,P204,4,165.0,0.0,0,C1021,Card,11
T109121,2026-08-23,S04,P301,8,50.0,0.0,0,C0466,Cash,13
T109122,2026-08-23,S04,P301,5,50.0,0.0,0,C0386,UPI,18
T109123,2026-08-23,S04,P301,6,50.0,0.0,0,C0238,Card,10
T109124,2026-08-23,S04,P301,6,50.0,0.0,0,C1017,Card,16
T109125,2026-08-23,S04,P302,5,85.0,0.0,0,C0744,UPI,16
T109126,2026-08-23,S04,P302,5,85.0,0.0,0,C0837,UPI,12
T109127,2026-08-23,S04,P302,9,85.0,0.0,0,C1099,UPI,9
T109128,2026-08-23,S04,P303,8,110.0,0.0,0,C0156,UPI,13
T109129,2026-08-23,S04,P304,7,25.0,0.0,0,C0849,UPI,12
T109130,2026-08-23,S04,P304,5,25.0,0.0,0,C0457,Card,20
T109131,2026-08-23,S04,P304,11,25.0,0.0,0,C0884,Card,18
T109132,2026-08-23,S04,P304,6,25.0,0.0,0,C1158,UPI,8
T109133,2026-08-23,S04,P401,8,35.0,0.0,0,C0747,UPI,8
T109134,2026-08-23,S04,P401,7,35.0,0.0,0,C0782,UPI,9
T109135,2026-08-23,S04,P401,9,35.0,0.0,0,C1186,UPI,11
T109136,2026-08-23,S04,P401,9,35.0,0.0,0,C0326,UPI,10
T109137,2026-08-23,S04,P402,7,30.0,0.0,0,C1074,UPI,8
T109138,2026-08-23,S04,P402,6,30.0,0.0,0,C0259,UPI,19
T109139,2026-08-23,S04,P402,11,30.0,0.0,0,C0225,Card,18
T109140,2026-08-23,S04,P402,7,30.0,0.0,0,C0484,Card,16
T109141,2026-08-23,S04,P403,8,55.0,0.0,0,C0833,UPI,9
T109142,2026-08-23,S04,P403,6,55.0,0.0,0,C0199,Card,16
T109143,2026-08-23,S04,P403,4,55.0,0.0,0,C0227,Card,12
T109144,2026-08-23,S04,P501,5,210.0,0.0,0,C0609,UPI,8
T109145,2026-08-23,S04,P501,4,210.0,0.0,0,C0678,Card,8
T109146,2026-08-23,S04,P502,5,145.0,0.0,0,C1148,UPI,21
T109147,2026-08-23,S04,P502,4,145.0,0.0,0,C0170,UPI,12
T109148,2026-08-23,S04,P503,8,95.0,0.0,0,C0029,UPI,17
T109149,2026-08-23,S04,P601,9,80.0,0.0,1,C1169,Card,10
T109150,2026-08-23,S04,P601,6,76.0,5.0,1,C1172,Card,16
T109151,2026-08-24,S01,P101,5,60.0,0.0,0,C0402,UPI,9
T109152,2026-08-24,S01,P101,6,60.0,0.0,0,C0381,Card,11
T109153,2026-08-24,S01,P101,6,60.0,0.0,0,C0631,UPI,17
T109154,2026-08-24,S01,P102,9,45.0,0.0,0,C1007,UPI,12
T109155,2026-08-24,S01,P102,8,45.0,0.0,0,C1070,UPI,20
T109156,2026-08-24,S01,P102,5,45.0,0.0,0,C0259,Card,9
T109157,2026-08-24,S01,P102,4,45.0,0.0,0,C1082,Card,19
T109158,2026-08-24,S01,P103,7,95.0,0.0,0,C0479,Card,12
T109159,2026-08-24,S01,P104,4,145.0,0.0,0,C0316,UPI,21
T109160,2026-08-24,S01,P201,4,120.0,0.0,0,C0340,Card,13
T109161,2026-08-24,S01,P201,6,120.0,0.0,0,C0495,UPI,10
T109162,2026-08-24,S01,P202,6,42.0,0.0,0,C0087,Card,13
T109163,2026-08-24,S01,P202,5,42.0,0.0,0,C0657,UPI,12
T109164,2026-08-24,S01,P203,6,95.0,0.0,0,C0882,Card,17
T109165,2026-08-24,S01,P203,6,95.0,0.0,0,C0024,Cash,16
T109166,2026-08-24,S01,P204,6,165.0,0.0,0,C1158,Cash,13
T109167,2026-08-24,S01,P301,7,50.0,0.0,0,C0776,Card,19
T109168,2026-08-24,S01,P301,9,50.0,0.0,0,C1171,UPI,17
T109169,2026-08-24,S01,P302,7,80.75,5.0,1,C0228,UPI,16
T109170,2026-08-24,S01,P302,6,76.5,10.0,1,C0427,UPI,12
T109171,2026-08-24,S01,P303,6,110.0,0.0,0,C0553,UPI,19
T109172,2026-08-24,S01,P304,6,25.0,0.0,1,C0582,Card,17
T109173,2026-08-24,S01,P304,6,23.75,5.0,1,C0233,Card,8
T109174,2026-08-24,S01,P304,8,25.0,0.0,1,C0006,Card,9
T109175,2026-08-24,S01,P304,6,25.0,0.0,1,C0112,UPI,20
T109176,2026-08-24,S01,P401,10,35.0,0.0,0,C1109,UPI,21
T109177,2026-08-24,S01,P401,7,35.0,0.0,0,C0216,Card,18
T109178,2026-08-24,S01,P401,7,35.0,0.0,0,C0903,UPI,12
T109179,2026-08-24,S01,P402,6,30.0,0.0,0,C1133,UPI,17
T109180,2026-08-24,S01,P402,8,30.0,0.0,0,C0812,UPI,9
T109181,2026-08-24,S01,P402,8,30.0,0.0,0,C0080,UPI,9
T109182,2026-08-24,S01,P403,10,55.0,0.0,0,C0496,Card,9
T109183,2026-08-24,S01,P403,5,55.0,0.0,0,C0746,Cash,9
T109184,2026-08-24,S01,P501,5,199.5,5.0,1,C0633,UPI,10
T109185,2026-08-24,S01,P501,5,210.0,0.0,1,C0868,Cash,18
T109186,2026-08-24,S01,P502,5,145.0,0.0,0,C1189,UPI,9
T109187,2026-08-24,S01,P502,4,145.0,0.0,0,C0787,UPI,8
T109188,2026-08-24,S01,P503,8,95.0,0.0,0,C0013,UPI,11
T109189,2026-08-24,S01,P601,5,80.0,0.0,1,C0278,UPI,11
T109190,2026-08-24,S01,P601,6,68.0,15.0,1,C0679,Card,19
T109191,2026-08-24,S01,P601,10,80.0,0.0,1,C0050,UPI,18
T109192,2026-08-24,S01,P601,5,80.0,0.0,1,C0756,Card,19
T109193,2026-08-24,S02,P101,9,60.0,0.0,0,C0566,UPI,8
T109194,2026-08-24,S02,P101,15,60.0,0.0,0,C0932,UPI,20
T109195,2026-08-24,S02,P101,7,60.0,0.0,0,C0069,UPI,12
T109196,2026-08-24,S02,P101,11,60.0,0.0,0,C0471,UPI,20
T109197,2026-08-24,S02,P102,4,45.0,0.0,0,C0507,Card,10
T109198,2026-08-24,S02,P102,9,45.0,0.0,0,C0317,Card,12
T109199,2026-08-24,S02,P102,8,45.0,0.0,0,C0495,UPI,20
T109200,2026-08-24,S02,P102,4,45.0,0.0,0,C0433,Card,21
T109201,2026-08-24,S02,P103,5,95.0,0.0,0,C0264,Card,21
T109202,2026-08-24,S02,P103,9,95.0,0.0,0,C0228,UPI,20
T109203,2026-08-24,S02,P104,8,130.5,10.0,1,C0517,Card,16
T109204,2026-08-24,S02,P104,5,137.75,5.0,1,C0995,Card,18
T109205,2026-08-24,S02,P201,6,120.0,0.0,0,C0213,UPI,9
T109206,2026-08-24,S02,P201,5,120.0,0.0,0,C0540,Card,21
T109207,2026-08-24,S02,P202,6,42.0,0.0,0,C0507,Card,20
T109208,2026-08-24,S02,P202,8,42.0,0.0,0,C0190,Card,21
T109209,2026-08-24,S02,P202,9,42.0,0.0,0,C0393,UPI,12
T109210,2026-08-24,S02,P202,8,42.0,0.0,0,C0955,UPI,17
T109211,2026-08-24,S02,P203,5,95.0,0.0,0,C0925,UPI,17
T109212,2026-08-24,S02,P203,8,95.0,0.0,0,C0099,Cash,13
T109213,2026-08-24,S02,P204,6,165.0,0.0,0,C0181,Card,17
T109214,2026-08-24,S02,P301,7,50.0,0.0,1,C0330,Cash,9
T109215,2026-08-24,S02,P301,9,45.0,10.0,1,C0745,UPI,19
T109216,2026-08-24,S02,P301,10,50.0,0.0,1,C1079,UPI,19
T109217,2026-08-24,S02,P301,5,50.0,0.0,1,C0182,Cash,13
T109218,2026-08-24,S02,P302,6,85.0,0.0,0,C0289,UPI,13
T109219,2026-08-24,S02,P302,7,85.0,0.0,0,C0765,UPI,12
T109220,2026-08-24,S02,P302,4,85.0,0.0,0,C0576,Card,21
T109221,2026-08-24,S02,P303,8,110.0,0.0,0,C0731,Card,17
T109222,2026-08-24,S02,P303,5,110.0,0.0,0,C0154,Card,17
T109223,2026-08-24,S02,P304,13,25.0,0.0,1,C0244,Card,16
T109224,2026-08-24,S02,P304,10,22.5,10.0,1,C0200,Card,21
T109225,2026-08-24,S02,P304,11,25.0,0.0,1,C1116,UPI,17
T109226,2026-08-24,S02,P304,10,23.75,5.0,1,C0993,UPI,11
T109227,2026-08-24,S02,P401,9,35.0,0.0,0,C0718,UPI,21
T109228,2026-08-24,S02,P401,9,35.0,0.0,0,C1038,Card,10
T109229,2026-08-24,S02,P401,8,35.0,0.0,0,C0710,UPI,9
T109230,2026-08-24,S02,P401,13,35.0,0.0,0,C0510,Card,8
T109231,2026-08-24,S02,P402,12,30.0,0.0,0,C0097,Card,9
T109232,2026-08-24,S02,P402,11,30.0,0.0,0,C0115,Card,19
T109233,2026-08-24,S02,P402,5,30.0,0.0,0,C0806,UPI,13
T109234,2026-08-24,S02,P402,8,30.0,0.0,0,C0577,UPI,12
T109235,2026-08-24,S02,P403,8,52.25,5.0,1,C1123,UPI,11
T109236,2026-08-24,S02,P403,5,55.0,0.0,1,C0652,UPI,9
T109237,2026-08-24,S02,P403,9,55.0,0.0,1,C0300,Card,16
T109238,2026-08-24,S02,P403,9,55.0,0.0,1,C0635,UPI,19
T109239,2026-08-24,S02,P501,5,210.0,0.0,0,C0452,UPI,10
T109240,2026-08-24,S02,P501,4,210.0,0.0,0,C0713,UPI,17
T109241,2026-08-24,S02,P501,9,210.0,0.0,0,C1084,UPI,10
T109242,2026-08-24,S02,P502,6,145.0,0.0,0,C0582,Card,18
T109243,2026-08-24,S02,P502,5,145.0,0.0,0,C0758,UPI,16
T109244,2026-08-24,S02,P503,9,95.0,0.0,1,C1069,UPI,11
T109245,2026-08-24,S02,P503,6,90.25,5.0,1,C0315,Cash,18
T109246,2026-08-24,S02,P503,4,95.0,0.0,1,C0750,Card,12
T109247,2026-08-24,S02,P601,7,80.0,0.0,0,C0346,UPI,19
T109248,2026-08-24,S02,P601,8,80.0,0.0,0,C0048,Cash,13
T109249,2026-08-24,S02,P601,4,80.0,0.0,0,C0401,UPI,13
T109250,2026-08-24,S03,P101,6,60.0,0.0,0,C0971,UPI,18
T109251,2026-08-24,S03,P101,7,60.0,0.0,0,C1088,UPI,12
T109252,2026-08-24,S03,P102,7,45.0,0.0,0,C0405,Card,17
T109253,2026-08-24,S03,P102,3,45.0,0.0,0,C0221,UPI,8
T109254,2026-08-24,S03,P103,7,95.0,0.0,0,C0501,UPI,21
T109255,2026-08-24,S03,P104,6,145.0,0.0,0,C1117,Card,21
T109256,2026-08-24,S03,P201,6,120.0,0.0,0,C1169,UPI,8
T109257,2026-08-24,S03,P201,5,120.0,0.0,0,C0539,UPI,19
T109258,2026-08-24,S03,P202,8,42.0,0.0,0,C0160,UPI,17
T109259,2026-08-24,S03,P203,7,90.25,5.0,1,C0948,Card,10
T109260,2026-08-24,S03,P204,4,165.0,0.0,0,C0392,Card,20
T109261,2026-08-24,S03,P301,9,42.5,15.0,1,C0298,Card,18
T109262,2026-08-24,S03,P301,7,50.0,0.0,1,C1195,UPI,21
T109263,2026-08-24,S03,P301,4,50.0,0.0,1,C0844,UPI,18
T109264,2026-08-24,S03,P302,4,85.0,0.0,0,C0008,UPI,11
T109265,2026-08-24,S03,P302,10,85.0,0.0,0,C0078,Card,19
T109266,2026-08-24,S03,P303,4,110.0,0.0,0,C0428,Card,16
T109267,2026-08-24,S03,P304,6,25.0,0.0,0,C0461,UPI,17
T109268,2026-08-24,S03,P304,9,25.0,0.0,0,C0157,Cash,18
T109269,2026-08-24,S03,P401,6,35.0,0.0,0,C0665,Card,13
T109270,2026-08-24,S03,P401,8,35.0,0.0,0,C0559,Cash,21
T109271,2026-08-24,S03,P401,7,35.0,0.0,0,C0666,UPI,11
T109272,2026-08-24,S03,P402,8,30.0,0.0,1,C0466,UPI,11
T109273,2026-08-24,S03,P402,5,27.0,10.0,1,C0765,Card,12
T109274,2026-08-24,S03,P402,6,28.5,5.0,1,C0369,UPI,18
T109275,2026-08-24,S03,P403,6,55.0,0.0,0,C1163,UPI,17
T109276,2026-08-24,S03,P501,4,210.0,0.0,0,C0468,UPI,13
T109277,2026-08-24,S03,P501,8,210.0,0.0,0,C0332,UPI,13
T109278,2026-08-24,S03,P502,3,145.0,0.0,0,C0358,UPI,13
T109279,2026-08-24,S03,P502,6,145.0,0.0,0,C0012,UPI,20
T109280,2026-08-24,S03,P503,4,95.0,0.0,0,C0316,UPI,8
T109281,2026-08-24,S03,P601,8,80.0,0.0,0,C1172,Cash,17
T109282,2026-08-24,S04,P101,6,60.0,0.0,0,C0311,Card,16
T109283,2026-08-24,S04,P101,5,60.0,0.0,0,C0410,UPI,13
T109284,2026-08-24,S04,P101,6,60.0,0.0,0,C0856,UPI,20
T109285,2026-08-24,S04,P102,7,45.0,0.0,0,C1197,UPI,12
T109286,2026-08-24,S04,P102,8,45.0,0.0,0,C0009,UPI,20
T109287,2026-08-24,S04,P103,8,95.0,0.0,1,C0566,Card,21
T109288,2026-08-24,S04,P104,3,145.0,0.0,0,C0231,UPI,9
T109289,2026-08-24,S04,P201,5,120.0,0.0,1,C1147,Card,17
T109290,2026-08-24,S04,P201,4,120.0,0.0,1,C1025,UPI,12
T109291,2026-08-24,S04,P202,6,42.0,0.0,0,C0619,Card,17
T109292,2026-08-24,S04,P202,9,42.0,0.0,0,C0625,UPI,9
T109293,2026-08-24,S04,P202,5,42.0,0.0,0,C1107,Cash,18
T109294,2026-08-24,S04,P202,5,42.0,0.0,0,C0188,Card,16
T109295,2026-08-24,S04,P203,5,95.0,0.0,0,C0299,Card,19
T109296,2026-08-24,S04,P203,7,95.0,0.0,0,C0384,UPI,13
T109297,2026-08-24,S04,P204,3,165.0,0.0,0,C0276,UPI,21
T109298,2026-08-24,S04,P301,7,50.0,0.0,1,C1098,Card,18
T109299,2026-08-24,S04,P301,7,47.5,5.0,1,C0998,UPI,17
T109300,2026-08-24,S04,P301,6,42.5,15.0,1,C0229,UPI,9
T109301,2026-08-24,S04,P302,3,85.0,0.0,0,C0173,Card,18
T109302,2026-08-24,S04,P302,7,85.0,0.0,0,C0607,UPI,9
T109303,2026-08-24,S04,P303,6,99.0,10.0,1,C1040,UPI,12
T109304,2026-08-24,S04,P304,7,23.75,5.0,1,C0503,Card,18
T109305,2026-08-24,S04,P304,9,25.0,0.0,1,C0767,Card,10
T109306,2026-08-24,S04,P304,4,22.5,10.0,1,C1169,UPI,18
T109307,2026-08-24,S04,P304,8,25.0,0.0,1,C0783,Card,10
T109308,2026-08-24,S04,P401,4,35.0,0.0,0,C0271,Card,21
T109309,2026-08-24,S04,P401,8,35.0,0.0,0,C0862,Card,20
T109310,2026-08-24,S04,P401,8,35.0,0.0,0,C0083,Card,13
T109311,2026-08-24,S04,P402,8,30.0,0.0,0,C0824,UPI,11
T109312,2026-08-24,S04,P402,7,30.0,0.0,0,C0767,UPI,8
T109313,2026-08-24,S04,P402,8,30.0,0.0,0,C0093,Card,16
T109314,2026-08-24,S04,P402,8,30.0,0.0,0,C1113,Card,10
T109315,2026-08-24,S04,P403,4,55.0,0.0,0,C0799,UPI,17
T109316,2026-08-24,S04,P403,7,55.0,0.0,0,C0435,UPI,12
T109317,2026-08-24,S04,P501,6,210.0,0.0,0,C0520,Cash,11
T109318,2026-08-24,S04,P502,7,145.0,0.0,0,C0356,UPI,18
T109319,2026-08-24,S04,P503,5,95.0,0.0,0,C0264,Card,12
T109320,2026-08-24,S04,P503,4,95.0,0.0,0,C0827,Cash,18
T109321,2026-08-24,S04,P601,4,80.0,0.0,0,C0276,Card,19
T109322,2026-08-24,S04,P601,8,80.0,0.0,0,C0747,UPI,16
T109323,2026-08-25,S01,P101,4,60.0,0.0,0,C0232,UPI,11
T109324,2026-08-25,S01,P101,7,60.0,0.0,0,C0112,Card,11
T109325,2026-08-25,S01,P101,6,60.0,0.0,0,C1181,Card,11
T109326,2026-08-25,S01,P102,5,45.0,0.0,0,C0887,UPI,20
T109327,2026-08-25,S01,P102,7,45.0,0.0,0,C0457,UPI,21
T109328,2026-08-25,S01,P103,5,95.0,0.0,0,C0840,UPI,21
T109329,2026-08-25,S01,P104,1,145.0,0.0,0,C0667,Card,11
T109330,2026-08-25,S01,P201,6,102.0,15.0,1,C0550,Card,17
T109331,2026-08-25,S01,P202,5,39.9,5.0,1,C0657,Cash,17
T109332,2026-08-25,S01,P202,10,42.0,0.0,1,C0740,UPI,9
T109333,2026-08-25,S01,P203,8,95.0,0.0,0,C1115,UPI,10
T109334,2026-08-25,S01,P204,7,165.0,0.0,0,C0803,UPI,12
T109335,2026-08-25,S01,P301,6,50.0,0.0,0,C0406,Card,20
T109336,2026-08-25,S01,P301,6,50.0,0.0,0,C0222,UPI,17
T109337,2026-08-25,S01,P301,11,50.0,0.0,0,C0716,UPI,11
T109338,2026-08-25,S01,P302,3,85.0,0.0,0,C0004,Card,19
T109339,2026-08-25,S01,P302,6,85.0,0.0,0,C0898,UPI,12
T109340,2026-08-25,S01,P303,3,110.0,0.0,0,C0478,Card,9
T109341,2026-08-25,S01,P303,6,110.0,0.0,0,C0510,UPI,16
T109342,2026-08-25,S01,P304,8,25.0,0.0,0,C0290,UPI,12
T109343,2026-08-25,S01,P304,9,25.0,0.0,0,C0170,Card,21
T109344,2026-08-25,S01,P304,12,25.0,0.0,0,C0357,UPI,8
T109345,2026-08-25,S01,P304,8,25.0,0.0,0,C1195,Cash,21
T109346,2026-08-25,S01,P401,8,35.0,0.0,1,C0982,Card,10
T109347,2026-08-25,S01,P401,9,31.5,10.0,1,C0950,UPI,20
T109348,2026-08-25,S01,P401,5,35.0,0.0,1,C1028,Card,10
T109349,2026-08-25,S01,P402,5,30.0,0.0,0,C0089,Card,13
T109350,2026-08-25,S01,P402,11,30.0,0.0,0,C0028,UPI,21
T109351,2026-08-25,S01,P402,6,30.0,0.0,0,C0292,Card,12
T109352,2026-08-25,S01,P402,9,30.0,0.0,0,C0301,UPI,12
T109353,2026-08-25,S01,P403,9,55.0,0.0,0,C1061,Card,17
T109354,2026-08-25,S01,P403,6,55.0,0.0,0,C0536,Card,8
T109355,2026-08-25,S01,P403,5,55.0,0.0,0,C0086,UPI,10
T109356,2026-08-25,S01,P501,6,178.5,15.0,1,C0124,Card,20
T109357,2026-08-25,S01,P501,4,210.0,0.0,1,C1171,UPI,11
T109358,2026-08-25,S01,P502,4,145.0,0.0,0,C0692,UPI,13
T109359,2026-08-25,S01,P503,6,95.0,0.0,0,C0243,Cash,17
T109360,2026-08-25,S01,P503,7,95.0,0.0,0,C0651,Card,12
T109361,2026-08-25,S01,P503,5,95.0,0.0,0,C0770,Cash,20
T109362,2026-08-25,S01,P601,5,80.0,0.0,0,C0777,UPI,19
T109363,2026-08-25,S01,P601,5,80.0,0.0,0,C0228,UPI,21
T109364,2026-08-25,S01,P601,8,80.0,0.0,0,C0990,Card,16
T109365,2026-08-25,S02,P101,7,60.0,0.0,0,C1061,UPI,21
T109366,2026-08-25,S02,P101,8,60.0,0.0,0,C0367,UPI,10
T109367,2026-08-25,S02,P101,8,60.0,0.0,0,C0572,Card,18
T109368,2026-08-25,S02,P101,5,60.0,0.0,0,C0560,UPI,19
T109369,2026-08-25,S02,P102,10,45.0,0.0,1,C1102,UPI,8
T109370,2026-08-25,S02,P102,6,40.5,10.0,1,C0026,UPI,20
T109371,2026-08-25,S02,P102,8,40.5,10.0,1,C0352,Card,19
T109372,2026-08-25,S02,P103,4,85.5,10.0,1,C0548,UPI,9
T109373,2026-08-25,S02,P103,7,85.5,10.0,1,C0571,UPI,13
T109374,2026-08-25,S02,P104,4,145.0,0.0,1,C0815,Card,21
T109375,2026-08-25,S02,P104,5,145.0,0.0,1,C0606,UPI,13
T109376,2026-08-25,S02,P201,6,120.0,0.0,0,C1131,UPI,16
T109377,2026-08-25,S02,P201,5,120.0,0.0,0,C0932,Card,18
T109378,2026-08-25,S02,P202,6,42.0,0.0,1,C0288,Cash,13
T109379,2026-08-25,S02,P202,8,42.0,0.0,1,C0965,UPI,8
T109380,2026-08-25,S02,P202,9,37.8,10.0,1,C0095,UPI,21
T109381,2026-08-25,S02,P203,8,95.0,0.0,0,C0800,Cash,20
T109382,2026-08-25,S02,P203,5,95.0,0.0,0,C0763,Card,10
T109383,2026-08-25,S02,P204,7,165.0,0.0,0,C0088,UPI,9
T109384,2026-08-25,S02,P301,12,45.0,10.0,1,C1003,Cash,20
T109385,2026-08-25,S02,P301,10,45.0,10.0,1,C1042,Card,8
T109386,2026-08-25,S02,P301,8,50.0,0.0,1,C0099,Card,13
T109387,2026-08-25,S02,P301,6,47.5,5.0,1,C0479,UPI,9
T109388,2026-08-25,S02,P302,5,85.0,0.0,0,C1010,Cash,19
T109389,2026-08-25,S02,P302,13,85.0,0.0,0,C1058,UPI,9
T109390,2026-08-25,S02,P302,5,85.0,0.0,0,C0957,Cash,18
T109391,2026-08-25,S02,P303,5,110.0,0.0,0,C0315,Card,20
T109392,2026-08-25,S02,P303,4,110.0,0.0,0,C1184,Card,17
T109393,2026-08-25,S02,P304,15,25.0,0.0,0,C0053,UPI,18
T109394,2026-08-25,S02,P304,11,25.0,0.0,0,C0046,Card,21
T109395,2026-08-25,S02,P304,7,25.0,0.0,0,C0001,UPI,21
T109396,2026-08-25,S02,P304,15,25.0,0.0,0,C0996,UPI,19
T109397,2026-08-25,S02,P401,10,35.0,0.0,0,C0851,Card,21
T109398,2026-08-25,S02,P401,7,35.0,0.0,0,C0756,Cash,21
T109399,2026-08-25,S02,P401,10,35.0,0.0,0,C0685,UPI,13
T109400,2026-08-25,S02,P401,4,35.0,0.0,0,C0905,UPI,10
T109401,2026-08-25,S02,P402,8,27.0,10.0,1,C0637,UPI,13
T109402,2026-08-25,S02,P402,5,27.0,10.0,1,C0466,Cash,9
T109403,2026-08-25,S02,P402,8,30.0,0.0,1,C0810,UPI,17
T109404,2026-08-25,S02,P402,14,28.5,5.0,1,C0034,UPI,20
T109405,2026-08-25,S02,P403,7,55.0,0.0,1,C0069,UPI,16
T109406,2026-08-25,S02,P403,5,55.0,0.0,1,C1121,Cash,11
T109407,2026-08-25,S02,P403,10,49.5,10.0,1,C1128,Card,8
T109408,2026-08-25,S02,P501,9,210.0,0.0,0,C0623,UPI,8
T109409,2026-08-25,S02,P501,8,210.0,0.0,0,C0670,Cash,13
T109410,2026-08-25,S02,P501,7,210.0,0.0,0,C0591,UPI,8
T109411,2026-08-25,S02,P502,8,145.0,0.0,0,C0088,UPI,13
T109412,2026-08-25,S02,P502,7,145.0,0.0,0,C0994,UPI,9
T109413,2026-08-25,S02,P503,6,95.0,0.0,0,C0108,Card,10
T109414,2026-08-25,S02,P503,10,95.0,0.0,0,C1022,UPI,16
T109415,2026-08-25,S02,P601,5,80.0,0.0,0,C0018,Card,21
T109416,2026-08-25,S02,P601,6,80.0,0.0,0,C0270,UPI,12
T109417,2026-08-25,S02,P601,8,80.0,0.0,0,C1107,Card,8
T109418,2026-08-25,S03,P101,5,60.0,0.0,0,C1064,Card,16
T109419,2026-08-25,S03,P101,6,60.0,0.0,0,C0174,UPI,11
T109420,2026-08-25,S03,P101,7,60.0,0.0,0,C0167,Cash,8
T109421,2026-08-25,S03,P102,7,45.0,0.0,0,C0856,Cash,8
T109422,2026-08-25,S03,P102,4,45.0,0.0,0,C0542,UPI,17
T109423,2026-08-25,S03,P103,5,95.0,0.0,0,C0501,Card,9
T109424,2026-08-25,S03,P104,6,145.0,0.0,0,C0134,Card,16
T109425,2026-08-25,S03,P201,8,120.0,0.0,0,C0014,UPI,16
T109426,2026-08-25,S03,P202,7,42.0,0.0,0,C0937,UPI,17
T109427,2026-08-25,S03,P202,4,42.0,0.0,0,C0633,Card,9
T109428,2026-08-25,S03,P202,6,42.0,0.0,0,C1156,UPI,13
T109429,2026-08-25,S03,P203,7,95.0,0.0,0,C1014,Cash,10
T109430,2026-08-25,S03,P204,7,165.0,0.0,0,C0098,Card,10
T109431,2026-08-25,S03,P301,10,50.0,0.0,0,C0571,Card,17
T109432,2026-08-25,S03,P301,5,50.0,0.0,0,C0941,Cash,13
T109433,2026-08-25,S03,P302,6,85.0,0.0,0,C0090,Card,8
T109434,2026-08-25,S03,P302,6,85.0,0.0,0,C0726,Card,17
T109435,2026-08-25,S03,P303,8,104.5,5.0,1,C0862,Card,9
T109436,2026-08-25,S03,P304,4,25.0,0.0,1,C0763,Cash,13
T109437,2026-08-25,S03,P304,5,25.0,0.0,1,C0785,Cash,8
T109438,2026-08-25,S03,P304,12,25.0,0.0,1,C0004,Card,20
T109439,2026-08-25,S03,P304,7,22.5,10.0,1,C0438,Card,21
T109440,2026-08-25,S03,P401,9,35.0,0.0,0,C1098,UPI,21
T109441,2026-08-25,S03,P401,6,35.0,0.0,0,C1131,Card,19
T109442,2026-08-25,S03,P401,13,35.0,0.0,0,C0459,Cash,16
T109443,2026-08-25,S03,P401,6,35.0,0.0,0,C0911,Card,16
T109444,2026-08-25,S03,P402,8,30.0,0.0,0,C0114,UPI,9
T109445,2026-08-25,S03,P402,8,30.0,0.0,0,C1111,Card,10
T109446,2026-08-25,S03,P402,4,30.0,0.0,0,C0487,UPI,17
T109447,2026-08-25,S03,P403,6,55.0,0.0,0,C0045,UPI,19
T109448,2026-08-25,S03,P403,9,55.0,0.0,0,C1124,UPI,21
T109449,2026-08-25,S03,P501,4,210.0,0.0,1,C1020,UPI,16
T109450,2026-08-25,S03,P502,6,145.0,0.0,0,C0407,UPI,8
T109451,2026-08-25,S03,P503,6,95.0,0.0,0,C0370,UPI,11
T109452,2026-08-25,S03,P503,5,95.0,0.0,0,C0021,Card,13
T109453,2026-08-25,S03,P601,8,80.0,0.0,0,C0039,UPI,8
T109454,2026-08-25,S04,P101,9,60.0,0.0,0,C0173,UPI,17
T109455,2026-08-25,S04,P101,5,60.0,0.0,0,C1171,Card,20
T109456,2026-08-25,S04,P101,6,60.0,0.0,0,C0659,UPI,8
T109457,2026-08-25,S04,P102,7,45.0,0.0,0,C0769,Cash,16
T109458,2026-08-25,S04,P102,6,45.0,0.0,0,C1156,UPI,18
T109459,2026-08-25,S04,P103,6,95.0,0.0,0,C1137,Card,21
T109460,2026-08-25,S04,P104,4,145.0,0.0,0,C0455,UPI,18
T109461,2026-08-25,S04,P104,6,145.0,0.0,0,C1073,UPI,17
T109462,2026-08-25,S04,P201,4,120.0,0.0,0,C0726,Cash,10
T109463,2026-08-25,S04,P202,6,42.0,0.0,0,C0293,UPI,10
T109464,2026-08-25,S04,P202,6,42.0,0.0,0,C0570,Card,12
T109465,2026-08-25,S04,P202,9,42.0,0.0,0,C0018,Cash,12
T109466,2026-08-25,S04,P203,7,95.0,0.0,0,C0174,UPI,18
T109467,2026-08-25,S04,P203,4,95.0,0.0,0,C1054,UPI,16
T109468,2026-08-25,S04,P204,3,165.0,0.0,0,C0459,Card,19
T109469,2026-08-25,S04,P301,8,50.0,0.0,0,C0102,Card,17
T109470,2026-08-25,S04,P301,3,50.0,0.0,0,C0032,Card,9
T109471,2026-08-25,S04,P301,7,50.0,0.0,0,C0139,UPI,8
T109472,2026-08-25,S04,P302,7,85.0,0.0,0,C0303,UPI,17
T109473,2026-08-25,S04,P303,4,110.0,0.0,1,C0469,UPI,21
T109474,2026-08-25,S04,P304,6,25.0,0.0,1,C0135,Card,12
T109475,2026-08-25,S04,P304,10,22.5,10.0,1,C0141,Card,13
T109476,2026-08-25,S04,P401,7,35.0,0.0,0,C0358,Cash,9
T109477,2026-08-25,S04,P401,6,35.0,0.0,0,C0215,UPI,9
T109478,2026-08-25,S04,P401,5,35.0,0.0,0,C0236,UPI,18
T109479,2026-08-25,S04,P402,8,30.0,0.0,0,C0073,Card,8
T109480,2026-08-25,S04,P402,6,30.0,0.0,0,C0419,Card,19
T109481,2026-08-25,S04,P402,8,30.0,0.0,0,C0025,Card,16
T109482,2026-08-25,S04,P403,6,55.0,0.0,0,C0577,UPI,9
T109483,2026-08-25,S04,P403,9,55.0,0.0,0,C0940,UPI,11
T109484,2026-08-25,S04,P501,8,210.0,0.0,0,C0171,Card,19
T109485,2026-08-25,S04,P502,7,145.0,0.0,0,C1178,UPI,21
T109486,2026-08-25,S04,P503,7,95.0,0.0,0,C0104,UPI,18
T109487,2026-08-25,S04,P601,5,80.0,0.0,0,C0452,Cash,13
T109488,2026-08-25,S04,P601,9,80.0,0.0,0,C0880,Card,8
T109489,2026-08-26,S01,P101,8,60.0,0.0,0,C0836,Card,10
T109490,2026-08-26,S01,P101,6,60.0,0.0,0,C0797,Card,21
T109491,2026-08-26,S01,P102,4,45.0,0.0,0,C0118,UPI,18
T109492,2026-08-26,S01,P102,6,45.0,0.0,0,C0556,Card,9
T109493,2026-08-26,S01,P103,8,95.0,0.0,0,C0138,Card,11
T109494,2026-08-26,S01,P104,1,145.0,0.0,0,C0519,Card,10
T109495,2026-08-26,S01,P201,6,120.0,0.0,0,C0002,UPI,8
T109496,2026-08-26,S01,P202,4,39.9,5.0,1,C0618,Card,18
T109497,2026-08-26,S01,P202,10,42.0,0.0,1,C0953,UPI,19
T109498,2026-08-26,S01,P202,5,39.9,5.0,1,C0106,Cash,18
T109499,2026-08-26,S01,P203,7,85.5,10.0,1,C0110,UPI,17
T109500,2026-08-26,S01,P203,8,90.25,5.0,1,C0763,Cash,20
T109501,2026-08-26,S01,P204,3,165.0,0.0,0,C0177,UPI,18
T109502,2026-08-26,S01,P301,9,47.5,5.0,1,C0700,UPI,16
T109503,2026-08-26,S01,P301,7,45.0,10.0,1,C0583,UPI,13
T109504,2026-08-26,S01,P301,6,47.5,5.0,1,C0781,UPI,17
T109505,2026-08-26,S01,P302,6,85.0,0.0,0,C0436,UPI,21
T109506,2026-08-26,S01,P302,5,85.0,0.0,0,C0047,Card,11
T109507,2026-08-26,S01,P303,7,110.0,0.0,0,C0356,UPI,13
T109508,2026-08-26,S01,P304,12,25.0,0.0,0,C0263,UPI,8
T109509,2026-08-26,S01,P304,6,25.0,0.0,0,C1157,UPI,13
T109510,2026-08-26,S01,P304,6,25.0,0.0,0,C0655,Card,17
T109511,2026-08-26,S01,P304,11,25.0,0.0,0,C0402,Card,19
T109512,2026-08-26,S01,P401,9,35.0,0.0,0,C0685,Cash,21
T109513,2026-08-26,S01,P401,8,35.0,0.0,0,C0562,Card,12
T109514,2026-08-26,S01,P401,7,35.0,0.0,0,C0592,UPI,11
T109515,2026-08-26,S01,P402,6,30.0,0.0,1,C0989,UPI,20
T109516,2026-08-26,S01,P402,7,25.5,15.0,1,C0184,UPI,8
T109517,2026-08-26,S01,P402,7,30.0,0.0,1,C0516,Card,19
T109518,2026-08-26,S01,P402,8,27.0,10.0,1,C0839,UPI,17
T109519,2026-08-26,S01,P403,6,55.0,0.0,0,C0871,Card,16
T109520,2026-08-26,S01,P403,8,55.0,0.0,0,C0410,Card,18
T109521,2026-08-26,S01,P403,5,55.0,0.0,0,C0119,Cash,8
T109522,2026-08-26,S01,P501,6,210.0,0.0,0,C0765,UPI,12
T109523,2026-08-26,S01,P501,5,210.0,0.0,0,C0499,Card,16
T109524,2026-08-26,S01,P502,10,145.0,0.0,0,C0757,UPI,17
T109525,2026-08-26,S01,P502,5,145.0,0.0,0,C0530,UPI,10
T109526,2026-08-26,S01,P503,7,95.0,0.0,0,C0125,UPI,17
T109527,2026-08-26,S01,P601,5,80.0,0.0,0,C1121,UPI,9
T109528,2026-08-26,S01,P601,9,80.0,0.0,0,C0263,UPI,9
T109529,2026-08-26,S01,P601,4,80.0,0.0,0,C0027,UPI,19
T109530,2026-08-26,S02,P101,7,60.0,0.0,0,C0839,Card,17
T109531,2026-08-26,S02,P101,5,60.0,0.0,0,C0011,UPI,17
T109532,2026-08-26,S02,P101,6,60.0,0.0,0,C0269,Card,12
T109533,2026-08-26,S02,P101,7,60.0,0.0,0,C0236,Card,9
T109534,2026-08-26,S02,P102,8,45.0,0.0,0,C0814,Card,18
T109535,2026-08-26,S02,P102,7,45.0,0.0,0,C0865,Card,12
T109536,2026-08-26,S02,P102,7,45.0,0.0,0,C0054,Card,16
T109537,2026-08-26,S02,P103,6,95.0,0.0,0,C0489,UPI,11
T109538,2026-08-26,S02,P103,5,95.0,0.0,0,C0942,UPI,18
T109539,2026-08-26,S02,P104,8,145.0,0.0,0,C0170,Card,8
T109540,2026-08-26,S02,P201,3,120.0,0.0,0,C0861,Card,19
T109541,2026-08-26,S02,P201,6,120.0,0.0,0,C1049,Card,10
T109542,2026-08-26,S02,P202,8,42.0,0.0,1,C1142,UPI,19
T109543,2026-08-26,S02,P202,4,42.0,0.0,1,C0161,Card,8
T109544,2026-08-26,S02,P202,5,37.8,10.0,1,C0438,UPI,12
T109545,2026-08-26,S02,P202,8,39.9,5.0,1,C0652,Card,13
T109546,2026-08-26,S02,P203,7,95.0,0.0,0,C0519,UPI,8
T109547,2026-08-26,S02,P203,9,95.0,0.0,0,C0065,UPI,17
T109548,2026-08-26,S02,P204,3,165.0,0.0,0,C0931,UPI,17
T109549,2026-08-26,S02,P301,8,50.0,0.0,0,C1031,UPI,8
T109550,2026-08-26,S02,P301,8,50.0,0.0,0,C0914,UPI,19
T109551,2026-08-26,S02,P301,8,50.0,0.0,0,C0312,Card,11
T109552,2026-08-26,S02,P302,8,85.0,0.0,0,C0852,Card,9
T109553,2026-08-26,S02,P302,6,85.0,0.0,0,C0508,UPI,8
T109554,2026-08-26,S02,P302,4,85.0,0.0,0,C0032,Cash,21
T109555,2026-08-26,S02,P303,7,110.0,0.0,1,C0211,UPI,18
T109556,2026-08-26,S02,P303,6,110.0,0.0,1,C0783,UPI,20
T109557,2026-08-26,S02,P304,13,25.0,0.0,1,C0258,UPI,11
T109558,2026-08-26,S02,P304,12,22.5,10.0,1,C0900,UPI,13
T109559,2026-08-26,S02,P304,7,23.75,5.0,1,C0151,Card,18
T109560,2026-08-26,S02,P304,13,25.0,0.0,1,C0715,UPI,10
T109561,2026-08-26,S02,P401,9,35.0,0.0,0,C0336,Card,17
T109562,2026-08-26,S02,P401,8,35.0,0.0,0,C0887,Card,11
T109563,2026-08-26,S02,P401,14,35.0,0.0,0,C0959,UPI,12
T109564,2026-08-26,S02,P401,9,35.0,0.0,0,C0935,UPI,10
T109565,2026-08-26,S02,P402,15,30.0,0.0,0,C1004,Card,21
T109566,2026-08-26,S02,P402,13,30.0,0.0,0,C1193,Card,12
T109567,2026-08-26,S02,P402,12,30.0,0.0,0,C0521,UPI,10
T109568,2026-08-26,S02,P402,10,30.0,0.0,0,C0019,UPI,9
T109569,2026-08-26,S02,P403,8,55.0,0.0,0,C1126,UPI,8
T109570,2026-08-26,S02,P403,5,55.0,0.0,0,C0038,Card,12
T109571,2026-08-26,S02,P403,9,55.0,0.0,0,C0617,UPI,11
T109572,2026-08-26,S02,P403,6,55.0,0.0,0,C1048,Card,21
T109573,2026-08-26,S02,P501,6,210.0,0.0,0,C0156,UPI,13
T109574,2026-08-26,S02,P501,9,210.0,0.0,0,C1004,UPI,12
T109575,2026-08-26,S02,P502,9,145.0,0.0,0,C0107,Cash,8
T109576,2026-08-26,S02,P502,4,145.0,0.0,0,C0067,Cash,12
T109577,2026-08-26,S02,P502,7,145.0,0.0,0,C1006,UPI,9
T109578,2026-08-26,S02,P503,7,95.0,0.0,0,C1043,UPI,16
T109579,2026-08-26,S02,P503,12,95.0,0.0,0,C0676,Card,10
T109580,2026-08-26,S02,P503,5,95.0,0.0,0,C0269,UPI,11
T109581,2026-08-26,S02,P601,6,80.0,0.0,0,C0308,UPI,21
T109582,2026-08-26,S02,P601,7,80.0,0.0,0,C0888,UPI,10
T109583,2026-08-26,S02,P601,7,80.0,0.0,0,C0954,Card,20
T109584,2026-08-26,S02,P601,6,80.0,0.0,0,C1029,Cash,12
T109585,2026-08-26,S03,P101,6,60.0,0.0,0,C0053,UPI,9
T109586,2026-08-26,S03,P101,8,60.0,0.0,0,C0805,UPI,10
T109587,2026-08-26,S03,P101,10,60.0,0.0,0,C0133,Card,12
T109588,2026-08-26,S03,P102,5,45.0,0.0,0,C0496,Card,18
T109589,2026-08-26,S03,P102,7,45.0,0.0,0,C0944,UPI,9
T109590,2026-08-26,S03,P103,5,95.0,0.0,0,C0425,Card,16
T109591,2026-08-26,S03,P104,3,145.0,0.0,0,C0953,Cash,13
T109592,2026-08-26,S03,P201,4,120.0,0.0,0,C1198,Cash,21
T109593,2026-08-26,S03,P202,6,42.0,0.0,0,C0942,Card,10
T109594,2026-08-26,S03,P202,4,42.0,0.0,0,C0620,Cash,19
T109595,2026-08-26,S03,P203,8,95.0,0.0,0,C0569,UPI,10
T109596,2026-08-26,S03,P204,5,165.0,0.0,0,C0340,UPI,17
T109597,2026-08-26,S03,P204,4,165.0,0.0,0,C0088,UPI,13
T109598,2026-08-26,S03,P301,10,50.0,0.0,1,C0541,Card,16
T109599,2026-08-26,S03,P301,4,47.5,5.0,1,C1065,Card,13
T109600,2026-08-26,S03,P302,4,85.0,0.0,0,C0820,UPI,16
T109601,2026-08-26,S03,P302,9,85.0,0.0,0,C0706,Card,9
T109602,2026-08-26,S03,P303,6,110.0,0.0,1,C0845,Card,21
T109603,2026-08-26,S03,P304,8,25.0,0.0,0,C0945,Card,20
T109604,2026-08-26,S03,P304,8,25.0,0.0,0,C1178,Card,10
T109605,2026-08-26,S03,P401,5,35.0,0.0,0,C0508,UPI,21
T109606,2026-08-26,S03,P401,8,35.0,0.0,0,C0486,UPI,16
T109607,2026-08-26,S03,P401,5,35.0,0.0,0,C1003,UPI,8
T109608,2026-08-26,S03,P402,5,30.0,0.0,1,C1022,UPI,20
T109609,2026-08-26,S03,P402,10,30.0,0.0,1,C0303,Card,9
T109610,2026-08-26,S03,P402,5,28.5,5.0,1,C0730,UPI,12
T109611,2026-08-26,S03,P403,5,55.0,0.0,0,C1136,UPI,19
T109612,2026-08-26,S03,P403,6,55.0,0.0,0,C0331,Card,16
T109613,2026-08-26,S03,P501,2,210.0,0.0,0,C0940,UPI,16
T109614,2026-08-26,S03,P502,6,145.0,0.0,1,C1167,UPI,21
T109615,2026-08-26,S03,P503,5,95.0,0.0,0,C0948,UPI,11
T109616,2026-08-26,S03,P601,3,80.0,0.0,0,C0377,Card,18
T109617,2026-08-26,S03,P601,6,80.0,0.0,0,C0063,UPI,10
T109618,2026-08-26,S04,P101,10,60.0,0.0,0,C0037,Card,20
T109619,2026-08-26,S04,P101,8,60.0,0.0,0,C0844,UPI,17
T109620,2026-08-26,S04,P101,5,60.0,0.0,0,C1018,Card,19
T109621,2026-08-26,S04,P102,8,45.0,0.0,0,C0342,UPI,20
T109622,2026-08-26,S04,P102,3,45.0,0.0,0,C0726,Card,19
T109623,2026-08-26,S04,P103,6,95.0,0.0,0,C1129,UPI,21
T109624,2026-08-26,S04,P103,4,95.0,0.0,0,C0793,UPI,19
T109625,2026-08-26,S04,P104,2,145.0,0.0,0,C0876,Cash,16
T109626,2026-08-26,S04,P201,8,120.0,0.0,0,C0256,Cash,20
T109627,2026-08-26,S04,P202,4,42.0,0.0,0,C0430,Card,12
T109628,2026-08-26,S04,P202,8,42.0,0.0,0,C0511,UPI,19
T109629,2026-08-26,S04,P202,6,42.0,0.0,0,C1014,Cash,12
T109630,2026-08-26,S04,P203,6,95.0,0.0,0,C1109,UPI,20
T109631,2026-08-26,S04,P204,6,165.0,0.0,0,C0936,Card,20
T109632,2026-08-26,S04,P301,8,50.0,0.0,0,C1026,UPI,17
T109633,2026-08-26,S04,P301,5,50.0,0.0,0,C1147,Card,21
T109634,2026-08-26,S04,P301,11,50.0,0.0,0,C0853,UPI,18
T109635,2026-08-26,S04,P302,5,85.0,0.0,0,C1179,Card,20
T109636,2026-08-26,S04,P302,7,85.0,0.0,0,C0004,Cash,10
T109637,2026-08-26,S04,P303,6,110.0,0.0,0,C0003,Card,18
T109638,2026-08-26,S04,P303,4,110.0,0.0,0,C0974,UPI,9
T109639,2026-08-26,S04,P304,7,25.0,0.0,0,C0264,UPI,21
T109640,2026-08-26,S04,P304,6,25.0,0.0,0,C0867,Card,11
T109641,2026-08-26,S04,P304,12,25.0,0.0,0,C0581,Card,8
T109642,2026-08-26,S04,P304,5,25.0,0.0,0,C0208,Card,21
T109643,2026-08-26,S04,P401,5,35.0,0.0,0,C1142,UPI,11
T109644,2026-08-26,S04,P401,8,35.0,0.0,0,C0772,UPI,12
T109645,2026-08-26,S04,P401,11,35.0,0.0,0,C0434,Card,20
T109646,2026-08-26,S04,P401,6,35.0,0.0,0,C0830,Card,20
T109647,2026-08-26,S04,P402,8,30.0,0.0,0,C0887,UPI,10
T109648,2026-08-26,S04,P402,9,30.0,0.0,0,C0442,UPI,8
T109649,2026-08-26,S04,P402,6,30.0,0.0,0,C0608,Cash,12
T109650,2026-08-26,S04,P402,10,30.0,0.0,0,C1087,Card,18
T109651,2026-08-26,S04,P403,7,55.0,0.0,0,C0407,UPI,19
T109652,2026-08-26,S04,P403,7,55.0,0.0,0,C0356,UPI,12
T109653,2026-08-26,S04,P501,4,210.0,0.0,1,C0161,Card,13
T109654,2026-08-26,S04,P501,6,210.0,0.0,1,C0143,UPI,12
T109655,2026-08-26,S04,P502,3,145.0,0.0,0,C0185,UPI,12
T109656,2026-08-26,S04,P502,6,145.0,0.0,0,C0321,UPI,8
T109657,2026-08-26,S04,P503,3,95.0,0.0,0,C0225,UPI,11
T109658,2026-08-26,S04,P503,6,95.0,0.0,0,C0111,UPI,20
T109659,2026-08-26,S04,P601,7,80.0,0.0,0,C0674,Card,21
T109660,2026-08-26,S04,P601,4,80.0,0.0,0,C0436,UPI,21
T109661,2026-08-26,S04,P601,7,80.0,0.0,0,C0861,Card,17
T109662,2026-08-27,S01,P101,5,60.0,0.0,0,C1063,UPI,18
T109663,2026-08-27,S01,P101,6,60.0,0.0,0,C0384,UPI,12
T109664,2026-08-27,S01,P101,7,60.0,0.0,0,C0397,UPI,19
T109665,2026-08-27,S01,P101,8,60.0,0.0,0,C0429,UPI,20
T109666,2026-08-27,S01,P102,5,45.0,0.0,0,C0472,Card,20
T109667,2026-08-27,S01,P102,7,45.0,0.0,0,C0270,UPI,17
T109668,2026-08-27,S01,P102,5,45.0,0.0,0,C0572,UPI,18
T109669,2026-08-27,S01,P103,4,95.0,0.0,0,C0840,UPI,16
T109670,2026-08-27,S01,P103,6,95.0,0.0,0,C1109,Card,19
T109671,2026-08-27,S01,P104,3,145.0,0.0,0,C1137,UPI,16
T109672,2026-08-27,S01,P201,5,120.0,0.0,0,C0692,UPI,11
T109673,2026-08-27,S01,P202,5,42.0,0.0,0,C0169,UPI,11
T109674,2026-08-27,S01,P202,8,42.0,0.0,0,C1115,UPI,12
T109675,2026-08-27,S01,P203,7,95.0,0.0,0,C0444,Cash,8
T109676,2026-08-27,S01,P203,8,95.0,0.0,0,C0513,UPI,19
T109677,2026-08-27,S01,P204,5,165.0,0.0,0,C0492,UPI,21
T109678,2026-08-27,S01,P301,5,50.0,0.0,0,C0359,UPI,20
T109679,2026-08-27,S01,P301,5,50.0,0.0,0,C0043,Card,19
T109680,2026-08-27,S01,P301,7,50.0,0.0,0,C0475,Card,20
T109681,2026-08-27,S01,P302,4,72.25,15.0,1,C0960,Card,16
T109682,2026-08-27,S01,P302,9,85.0,0.0,1,C0202,Card,10
T109683,2026-08-27,S01,P303,6,99.0,10.0,1,C1079,UPI,12
T109684,2026-08-27,S01,P304,6,25.0,0.0,1,C0983,UPI,10
T109685,2026-08-27,S01,P304,12,25.0,0.0,1,C0171,Cash,20
T109686,2026-08-27,S01,P304,10,25.0,0.0,1,C0821,UPI,18
T109687,2026-08-27,S01,P304,9,25.0,0.0,1,C0076,UPI,21
T109688,2026-08-27,S01,P401,5,35.0,0.0,0,C0166,UPI,18
T109689,2026-08-27,S01,P401,5,35.0,0.0,0,C0414,Card,19
T109690,2026-08-27,S01,P401,12,35.0,0.0,0,C0772,Card,18
T109691,2026-08-27,S01,P402,10,30.0,0.0,1,C1112,Card,20
T109692,2026-08-27,S01,P402,10,30.0,0.0,1,C0394,UPI,16
T109693,2026-08-27,S01,P402,5,30.0,0.0,1,C0086,Card,16
T109694,2026-08-27,S01,P402,10,28.5,5.0,1,C1179,UPI,17
T109695,2026-08-27,S01,P403,8,55.0,0.0,0,C0971,Card,17
T109696,2026-08-27,S01,P403,5,55.0,0.0,0,C0873,Card,10
T109697,2026-08-27,S01,P403,4,55.0,0.0,0,C0638,Cash,11
T109698,2026-08-27,S01,P404,8,180.0,0.0,0,C0313,Card,21
T109699,2026-08-27,S01,P501,5,210.0,0.0,0,C0821,Cash,17
T109700,2026-08-27,S01,P501,6,210.0,0.0,0,C0383,UPI,19
T109701,2026-08-27,S01,P502,7,145.0,0.0,0,C0771,Card,8
T109702,2026-08-27,S01,P502,3,145.0,0.0,0,C0869,UPI,20
T109703,2026-08-27,S01,P503,5,95.0,0.0,0,C0648,UPI,20
T109704,2026-08-27,S01,P503,9,95.0,0.0,0,C1116,Card,20
T109705,2026-08-27,S01,P601,7,80.0,0.0,1,C1009,UPI,13
T109706,2026-08-27,S01,P601,9,76.0,5.0,1,C0641,UPI,13
T109707,2026-08-27,S02,P101,6,60.0,0.0,0,C0982,UPI,21
T109708,2026-08-27,S02,P101,9,60.0,0.0,0,C0053,Card,9
T109709,2026-08-27,S02,P101,11,60.0,0.0,0,C0033,Cash,19
T109710,2026-08-27,S02,P101,7,60.0,0.0,0,C0876,UPI,19
T109711,2026-08-27,S02,P102,5,45.0,0.0,0,C0946,Card,9
T109712,2026-08-27,S02,P102,7,45.0,0.0,0,C0508,UPI,8
T109713,2026-08-27,S02,P102,10,45.0,0.0,0,C0403,UPI,13
T109714,2026-08-27,S02,P103,9,95.0,0.0,0,C1066,UPI,21
T109715,2026-08-27,S02,P103,5,95.0,0.0,0,C0028,UPI,12
T109716,2026-08-27,S02,P104,4,145.0,0.0,0,C0823,Card,19
T109717,2026-08-27,S02,P201,4,120.0,0.0,0,C0740,UPI,11
T109718,2026-08-27,S02,P201,8,120.0,0.0,0,C0671,Card,20
T109719,2026-08-27,S02,P202,11,42.0,0.0,0,C0999,UPI,10
T109720,2026-08-27,S02,P202,7,42.0,0.0,0,C1032,UPI,9
T109721,2026-08-27,S02,P202,9,42.0,0.0,0,C0735,Cash,13
T109722,2026-08-27,S02,P202,6,42.0,0.0,0,C0950,UPI,10
T109723,2026-08-27,S02,P203,5,95.0,0.0,0,C1083,UPI,10
T109724,2026-08-27,S02,P204,8,156.75,5.0,1,C0452,Card,17
T109725,2026-08-27,S02,P204,3,148.5,10.0,1,C1136,UPI,20
T109726,2026-08-27,S02,P301,5,50.0,0.0,0,C0139,UPI,9
T109727,2026-08-27,S02,P301,12,50.0,0.0,0,C0406,Cash,18
T109728,2026-08-27,S02,P301,6,50.0,0.0,0,C0906,Card,12
T109729,2026-08-27,S02,P302,4,85.0,0.0,1,C0097,Cash,8
T109730,2026-08-27,S02,P302,5,85.0,0.0,1,C0531,UPI,12
T109731,2026-08-27,S02,P302,8,85.0,0.0,1,C0405,UPI,9
T109732,2026-08-27,S02,P303,3,110.0,0.0,0,C0784,UPI,19
T109733,2026-08-27,S02,P303,8,110.0,0.0,0,C0286,Card,9
T109734,2026-08-27,S02,P304,12,25.0,0.0,0,C0950,Card,16
T109735,2026-08-27,S02,P304,19,25.0,0.0,0,C1116,Cash,9
T109736,2026-08-27,S02,P304,15,25.0,0.0,0,C0118,Card,9
T109737,2026-08-27,S02,P304,8,25.0,0.0,0,C0988,Cash,20
T109738,2026-08-27,S02,P401,10,35.0,0.0,0,C1133,Card,8
T109739,2026-08-27,S02,P401,12,35.0,0.0,0,C1149,Card,13
T109740,2026-08-27,S02,P401,17,35.0,0.0,0,C0245,UPI,13
T109741,2026-08-27,S02,P401,9,35.0,0.0,0,C1175,UPI,17
T109742,2026-08-27,S02,P402,8,30.0,0.0,0,C0728,Card,12
T109743,2026-08-27,S02,P402,6,30.0,0.0,0,C1034,Card,17
T109744,2026-08-27,S02,P402,10,30.0,0.0,0,C0886,Cash,9
T109745,2026-08-27,S02,P402,6,30.0,0.0,0,C1127,UPI,19
T109746,2026-08-27,S02,P403,7,55.0,0.0,0,C1010,Cash,20
T109747,2026-08-27,S02,P403,8,55.0,0.0,0,C0937,UPI,18
T109748,2026-08-27,S02,P403,4,55.0,0.0,0,C0284,Cash,8
T109749,2026-08-27,S02,P404,6,180.0,0.0,1,C0848,Card,21
T109750,2026-08-27,S02,P501,7,210.0,0.0,0,C0205,UPI,18
T109751,2026-08-27,S02,P501,6,210.0,0.0,0,C0023,Card,19
T109752,2026-08-27,S02,P502,7,145.0,0.0,0,C1195,UPI,19
T109753,2026-08-27,S02,P502,5,145.0,0.0,0,C0621,UPI,13
T109754,2026-08-27,S02,P502,5,145.0,0.0,0,C0106,UPI,21
T109755,2026-08-27,S02,P503,10,95.0,0.0,0,C0134,Card,18
T109756,2026-08-27,S02,P503,5,95.0,0.0,0,C1022,Card,20
T109757,2026-08-27,S02,P601,4,80.0,0.0,0,C0236,Card,18
T109758,2026-08-27,S02,P601,8,80.0,0.0,0,C0195,UPI,11
T109759,2026-08-27,S02,P601,5,80.0,0.0,0,C1004,UPI,13
T109760,2026-08-27,S03,P101,5,60.0,0.0,0,C1150,Card,11
T109761,2026-08-27,S03,P101,5,60.0,0.0,0,C0049,UPI,21
T109762,2026-08-27,S03,P101,8,60.0,0.0,0,C0324,UPI,13
T109763,2026-08-27,S03,P102,6,45.0,0.0,0,C0425,UPI,19
T109764,2026-08-27,S03,P102,9,45.0,0.0,0,C0541,Card,19
T109765,2026-08-27,S03,P102,6,45.0,0.0,0,C0671,UPI,9
T109766,2026-08-27,S03,P103,6,95.0,0.0,0,C0671,Card,10
T109767,2026-08-27,S03,P103,5,95.0,0.0,0,C0016,UPI,16
T109768,2026-08-27,S03,P104,5,145.0,0.0,0,C0718,Card,8
T109769,2026-08-27,S03,P201,5,108.0,10.0,1,C0268,Cash,16
T109770,2026-08-27,S03,P202,8,42.0,0.0,0,C1005,UPI,18
T109771,2026-08-27,S03,P202,5,42.0,0.0,0,C0178,Cash,11
T109772,2026-08-27,S03,P203,7,85.5,10.0,1,C0170,Card,8
T109773,2026-08-27,S03,P204,3,165.0,0.0,0,C0575,UPI,16
T109774,2026-08-27,S03,P301,7,50.0,0.0,0,C0242,Card,11
T109775,2026-08-27,S03,P301,8,50.0,0.0,0,C0765,UPI,19
T109776,2026-08-27,S03,P301,6,50.0,0.0,0,C0594,UPI,19
T109777,2026-08-27,S03,P302,3,76.5,10.0,1,C0370,UPI,18
T109778,2026-08-27,S03,P303,3,110.0,0.0,0,C1141,UPI,13
T109779,2026-08-27,S03,P304,9,25.0,0.0,1,C0520,Card,8
T109780,2026-08-27,S03,P304,6,22.5,10.0,1,C1160,UPI,16
T109781,2026-08-27,S03,P304,7,22.5,10.0,1,C0199,UPI,12
T109782,2026-08-27,S03,P401,7,35.0,0.0,0,C0369,Card,21
T109783,2026-08-27,S03,P401,6,35.0,0.0,0,C0047,Card,21
T109784,2026-08-27,S03,P401,10,35.0,0.0,0,C0387,UPI,10
T109785,2026-08-27,S03,P401,6,35.0,0.0,0,C0713,UPI,13
T109786,2026-08-27,S03,P402,8,30.0,0.0,1,C0361,UPI,21
T109787,2026-08-27,S03,P402,5,25.5,15.0,1,C0248,UPI,11
T109788,2026-08-27,S03,P402,10,28.5,5.0,1,C0125,Cash,8
T109789,2026-08-27,S03,P403,3,55.0,0.0,0,C1107,UPI,20
T109790,2026-08-27,S03,P403,7,55.0,0.0,0,C1082,Cash,9
T109791,2026-08-27,S03,P404,2,180.0,0.0,0,C0015,UPI,10
T109792,2026-08-27,S03,P501,7,210.0,0.0,0,C1162,UPI,21
T109793,2026-08-27,S03,P502,4,145.0,0.0,0,C0136,UPI,20
T109794,2026-08-27,S03,P503,4,95.0,0.0,0,C1097,UPI,13
T109795,2026-08-27,S03,P503,5,95.0,0.0,0,C0392,UPI,18
T109796,2026-08-27,S03,P601,4,80.0,0.0,0,C0973,UPI,21
T109797,2026-08-27,S03,P601,5,80.0,0.0,0,C1047,Card,8
T109798,2026-08-27,S04,P101,7,60.0,0.0,0,C0080,Cash,16
T109799,2026-08-27,S04,P101,5,60.0,0.0,0,C0023,Card,10
T109800,2026-08-27,S04,P101,11,60.0,0.0,0,C0765,Card,19
T109801,2026-08-27,S04,P101,5,60.0,0.0,0,C1043,Card,13
T109802,2026-08-27,S04,P102,5,45.0,0.0,0,C0707,UPI,9
T109803,2026-08-27,S04,P102,4,45.0,0.0,0,C1021,UPI,16
T109804,2026-08-27,S04,P102,8,45.0,0.0,0,C0195,UPI,19
T109805,2026-08-27,S04,P103,8,95.0,0.0,0,C0757,UPI,8
T109806,2026-08-27,S04,P104,8,145.0,0.0,0,C1026,UPI,18
T109807,2026-08-27,S04,P201,2,120.0,0.0,0,C0492,UPI,12
T109808,2026-08-27,S04,P202,10,37.8,10.0,1,C0529,UPI,13
T109809,2026-08-27,S04,P202,6,39.9,5.0,1,C1122,UPI,19
T109810,2026-08-27,S04,P203,6,95.0,0.0,0,C0207,UPI,19
T109811,2026-08-27,S04,P203,7,95.0,0.0,0,C0563,UPI,19
T109812,2026-08-27,S04,P204,4,165.0,0.0,0,C0874,UPI,8
T109813,2026-08-27,S04,P301,8,50.0,0.0,0,C0706,UPI,12
T109814,2026-08-27,S04,P301,4,50.0,0.0,0,C0517,UPI,9
T109815,2026-08-27,S04,P301,7,50.0,0.0,0,C0940,Card,10
T109816,2026-08-27,S04,P301,6,50.0,0.0,0,C0396,UPI,19
T109817,2026-08-27,S04,P302,5,85.0,0.0,0,C1167,Card,13
T109818,2026-08-27,S04,P302,5,85.0,0.0,0,C1196,Card,20
T109819,2026-08-27,S04,P302,7,85.0,0.0,0,C0815,UPI,10
T109820,2026-08-27,S04,P303,6,110.0,0.0,0,C0923,Cash,18
T109821,2026-08-27,S04,P304,8,25.0,0.0,0,C0394,Card,11
T109822,2026-08-27,S04,P304,8,25.0,0.0,0,C0048,UPI,21
T109823,2026-08-27,S04,P304,8,25.0,0.0,0,C0791,UPI,9
T109824,2026-08-27,S04,P304,4,25.0,0.0,0,C0628,Cash,21
T109825,2026-08-27,S04,P401,8,35.0,0.0,0,C0238,Cash,16
T109826,2026-08-27,S04,P401,11,35.0,0.0,0,C0154,Card,10
T109827,2026-08-27,S04,P401,5,35.0,0.0,0,C1117,Card,21
T109828,2026-08-27,S04,P402,8,30.0,0.0,0,C0258,UPI,16
T109829,2026-08-27,S04,P402,5,30.0,0.0,0,C1020,UPI,17
T109830,2026-08-27,S04,P402,8,30.0,0.0,0,C0205,Cash,9
T109831,2026-08-27,S04,P402,7,30.0,0.0,0,C0472,Cash,20
T109832,2026-08-27,S04,P403,8,55.0,0.0,0,C1178,Cash,18
T109833,2026-08-27,S04,P404,4,180.0,0.0,0,C0309,UPI,12
T109834,2026-08-27,S04,P404,5,180.0,0.0,0,C0566,Cash,13
T109835,2026-08-27,S04,P501,5,210.0,0.0,0,C0233,Card,18
T109836,2026-08-27,S04,P502,3,145.0,0.0,0,C1009,UPI,8
T109837,2026-08-27,S04,P503,8,95.0,0.0,0,C0703,Card,18
T109838,2026-08-27,S04,P601,7,80.0,0.0,0,C0680,UPI,21
T109839,2026-08-27,S04,P601,7,80.0,0.0,0,C0889,Card,21
T109840,2026-08-28,S01,P101,8,60.0,0.0,0,C0564,Card,19
T109841,2026-08-28,S01,P101,6,60.0,0.0,0,C0295,UPI,13
T109842,2026-08-28,S01,P101,6,60.0,0.0,0,C0361,UPI,21
T109843,2026-08-28,S01,P101,7,60.0,0.0,0,C0570,UPI,18
T109844,2026-08-28,S01,P102,8,45.0,0.0,0,C0018,Card,11
T109845,2026-08-28,S01,P102,3,45.0,0.0,0,C0747,UPI,13
T109846,2026-08-28,S01,P103,6,95.0,0.0,0,C0823,UPI,9
T109847,2026-08-28,S01,P103,8,95.0,0.0,0,C0242,Card,8
T109848,2026-08-28,S01,P104,6,145.0,0.0,0,C0836,UPI,16
T109849,2026-08-28,S01,P201,4,120.0,0.0,0,C0851,UPI,11
T109850,2026-08-28,S01,P202,7,42.0,0.0,0,C0172,UPI,16
T109851,2026-08-28,S01,P202,5,42.0,0.0,0,C0964,UPI,19
T109852,2026-08-28,S01,P202,7,42.0,0.0,0,C0783,Card,9
T109853,2026-08-28,S01,P203,6,85.5,10.0,1,C0011,Cash,16
T109854,2026-08-28,S01,P204,6,165.0,0.0,0,C0350,Card,8
T109855,2026-08-28,S01,P301,7,50.0,0.0,0,C1081,UPI,16
T109856,2026-08-28,S01,P301,5,50.0,0.0,0,C1118,UPI,8
T109857,2026-08-28,S01,P301,8,50.0,0.0,0,C0113,Card,18
T109858,2026-08-28,S01,P302,8,85.0,0.0,0,C0156,UPI,13
T109859,2026-08-28,S01,P302,7,85.0,0.0,0,C0389,UPI,8
T109860,2026-08-28,S01,P303,5,110.0,0.0,0,C0764,Card,16
T109861,2026-08-28,S01,P304,7,25.0,0.0,1,C1148,Card,16
T109862,2026-08-28,S01,P304,8,22.5,10.0,1,C0079,Card,12
T109863,2026-08-28,S01,P304,7,25.0,0.0,1,C0712,UPI,18
T109864,2026-08-28,S01,P304,6,23.75,5.0,1,C0335,Card,10
T109865,2026-08-28,S01,P401,5,35.0,0.0,0,C0463,UPI,13
T109866,2026-08-28,S01,P401,5,35.0,0.0,0,C0210,UPI,17
T109867,2026-08-28,S01,P401,9,35.0,0.0,0,C0948,Card,11
T109868,2026-08-28,S01,P402,7,30.0,0.0,0,C0542,UPI,20
T109869,2026-08-28,S01,P402,6,30.0,0.0,0,C0572,Cash,21
T109870,2026-08-28,S01,P402,8,30.0,0.0,0,C1178,UPI,20
T109871,2026-08-28,S01,P402,11,30.0,0.0,0,C0466,Card,18
T109872,2026-08-28,S01,P403,6,52.25,5.0,1,C0802,UPI,19
T109873,2026-08-28,S01,P403,7,49.5,10.0,1,C0767,Card,16
T109874,2026-08-28,S01,P403,4,49.5,10.0,1,C0570,Cash,20
T109875,2026-08-28,S01,P404,2,180.0,0.0,0,C0226,Card,16
T109876,2026-08-28,S01,P501,8,199.5,5.0,1,C0726,UPI,10
T109877,2026-08-28,S01,P501,5,210.0,0.0,1,C0926,UPI,20
T109878,2026-08-28,S01,P502,4,145.0,0.0,0,C0643,Card,11
T109879,2026-08-28,S01,P502,5,145.0,0.0,0,C0562,Cash,19
T109880,2026-08-28,S01,P503,5,95.0,0.0,0,C0278,Cash,8
T109881,2026-08-28,S01,P503,5,95.0,0.0,0,C0329,UPI,21
T109882,2026-08-28,S01,P601,3,80.0,0.0,0,C0321,UPI,8
T109883,2026-08-28,S01,P601,7,80.0,0.0,0,C1088,Cash,20
T109884,2026-08-28,S02,P101,8,60.0,0.0,0,C0403,UPI,10
T109885,2026-08-28,S02,P101,6,60.0,0.0,0,C0032,Cash,19
T109886,2026-08-28,S02,P101,8,60.0,0.0,0,C0292,Card,11
T109887,2026-08-28,S02,P101,11,60.0,0.0,0,C0368,Card,20
T109888,2026-08-28,S02,P102,6,45.0,0.0,0,C0355,Card,8
T109889,2026-08-28,S02,P102,8,45.0,0.0,0,C0616,UPI,13
T109890,2026-08-28,S02,P102,5,45.0,0.0,0,C1072,Card,11
T109891,2026-08-28,S02,P102,6,45.0,0.0,0,C0384,Card,18
T109892,2026-08-28,S02,P103,5,95.0,0.0,0,C0796,UPI,9
T109893,2026-08-28,S02,P103,7,95.0,0.0,0,C1032,Cash,10
T109894,2026-08-28,S02,P103,7,95.0,0.0,0,C0571,Cash,13
T109895,2026-08-28,S02,P104,6,145.0,0.0,0,C0252,Card,11
T109896,2026-08-28,S02,P201,4,120.0,0.0,0,C0331,Cash,16
T109897,2026-08-28,S02,P201,6,120.0,0.0,0,C0102,UPI,16
T109898,2026-08-28,S02,P202,11,42.0,0.0,0,C0128,Card,20
T109899,2026-08-28,S02,P202,10,42.0,0.0,0,C0352,UPI,17
T109900,2026-08-28,S02,P202,8,42.0,0.0,0,C0259,Cash,10
T109901,2026-08-28,S02,P202,4,42.0,0.0,0,C1185,UPI,13
T109902,2026-08-28,S02,P203,6,95.0,0.0,0,C0014,UPI,9
T109903,2026-08-28,S02,P203,5,95.0,0.0,0,C1122,UPI,9
T109904,2026-08-28,S02,P204,7,165.0,0.0,0,C0066,Card,16
T109905,2026-08-28,S02,P301,6,50.0,0.0,0,C0847,UPI,8
T109906,2026-08-28,S02,P301,9,50.0,0.0,0,C0835,UPI,19
T109907,2026-08-28,S02,P301,10,50.0,0.0,0,C0859,UPI,11
T109908,2026-08-28,S02,P301,4,50.0,0.0,0,C1035,UPI,11
T109909,2026-08-28,S02,P302,5,85.0,0.0,0,C0821,Card,19
T109910,2026-08-28,S02,P302,9,85.0,0.0,0,C1145,Card,12
T109911,2026-08-28,S02,P303,6,110.0,0.0,0,C1103,Card,18
T109912,2026-08-28,S02,P303,4,110.0,0.0,0,C1134,Card,20
T109913,2026-08-28,S02,P304,12,25.0,0.0,0,C0977,UPI,9
T109914,2026-08-28,S02,P304,13,25.0,0.0,0,C0777,UPI,20
T109915,2026-08-28,S02,P304,8,25.0,0.0,0,C0901,UPI,13
T109916,2026-08-28,S02,P304,9,25.0,0.0,0,C0471,UPI,11
T109917,2026-08-28,S02,P401,8,35.0,0.0,0,C0555,Card,19
T109918,2026-08-28,S02,P401,14,35.0,0.0,0,C0840,Card,16
T109919,2026-08-28,S02,P401,10,35.0,0.0,0,C0979,UPI,11
T109920,2026-08-28,S02,P401,11,35.0,0.0,0,C0588,Card,18
T109921,2026-08-28,S02,P402,19,30.0,0.0,0,C0320,Card,9
T109922,2026-08-28,S02,P402,12,30.0,0.0,0,C0550,UPI,19
T109923,2026-08-28,S02,P402,12,30.0,0.0,0,C0111,UPI,13
T109924,2026-08-28,S02,P402,20,30.0,0.0,0,C0684,UPI,13
T109925,2026-08-28,S02,P403,7,55.0,0.0,0,C0687,UPI,11
T109926,2026-08-28,S02,P403,8,55.0,0.0,0,C0629,UPI,20
T109927,2026-08-28,S02,P403,6,55.0,0.0,0,C0421,Card,11
T109928,2026-08-28,S02,P403,5,55.0,0.0,0,C0526,Card,17
T109929,2026-08-28,S02,P404,6,180.0,0.0,0,C0070,Card,12
T109930,2026-08-28,S02,P501,9,210.0,0.0,0,C0240,UPI,16
T109931,2026-08-28,S02,P501,4,210.0,0.0,0,C1036,Card,8
T109932,2026-08-28,S02,P502,4,145.0,0.0,0,C0711,Card,16
T109933,2026-08-28,S02,P502,5,145.0,0.0,0,C0682,UPI,12
T109934,2026-08-28,S02,P503,7,95.0,0.0,0,C1161,Card,9
T109935,2026-08-28,S02,P503,9,95.0,0.0,0,C0935,Card,13
T109936,2026-08-28,S02,P601,8,80.0,0.0,0,C0683,Card,11
T109937,2026-08-28,S02,P601,5,80.0,0.0,0,C0932,UPI,21
T109938,2026-08-28,S02,P601,6,80.0,0.0,0,C0193,Card,13
T109939,2026-08-28,S03,P101,6,60.0,0.0,0,C0317,Card,20
T109940,2026-08-28,S03,P101,8,60.0,0.0,0,C0084,Cash,19
T109941,2026-08-28,S03,P101,4,60.0,0.0,0,C0378,Cash,16
T109942,2026-08-28,S03,P102,3,45.0,0.0,0,C1042,UPI,18
T109943,2026-08-28,S03,P102,6,45.0,0.0,0,C0776,UPI,21
T109944,2026-08-28,S03,P103,7,95.0,0.0,0,C0606,Cash,16
T109945,2026-08-28,S03,P104,5,145.0,0.0,0,C0159,Card,9
T109946,2026-08-28,S03,P201,6,120.0,0.0,0,C0762,UPI,11
T109947,2026-08-28,S03,P202,4,42.0,0.0,0,C0434,UPI,17
T109948,2026-08-28,S03,P202,6,42.0,0.0,0,C0484,Card,11
T109949,2026-08-28,S03,P202,7,42.0,0.0,0,C0568,Card,13
T109950,2026-08-28,S03,P203,5,95.0,0.0,0,C0016,Card,8
T109951,2026-08-28,S03,P204,2,165.0,0.0,0,C0336,Card,12
T109952,2026-08-28,S03,P301,8,47.5,5.0,1,C0550,UPI,18
T109953,2026-08-28,S03,P301,6,45.0,10.0,1,C0025,UPI,20
T109954,2026-08-28,S03,P302,5,85.0,0.0,0,C0224,UPI,16
T109955,2026-08-28,S03,P302,8,85.0,0.0,0,C1055,Cash,13
T109956,2026-08-28,S03,P303,6,99.0,10.0,1,C1079,Card,20
T109957,2026-08-28,S03,P304,9,25.0,0.0,0,C1133,UPI,16
T109958,2026-08-28,S03,P304,7,25.0,0.0,0,C1051,Card,17
T109959,2026-08-28,S03,P304,7,25.0,0.0,0,C0762,UPI,19
T109960,2026-08-28,S03,P401,5,35.0,0.0,0,C0733,UPI,8
T109961,2026-08-28,S03,P401,8,35.0,0.0,0,C1049,Cash,13
T109962,2026-08-28,S03,P402,7,30.0,0.0,0,C0495,Cash,11
T109963,2026-08-28,S03,P402,8,30.0,0.0,0,C0255,Card,21
T109964,2026-08-28,S03,P403,11,55.0,0.0,0,C0918,UPI,12
T109965,2026-08-28,S03,P403,5,55.0,0.0,0,C1091,UPI,9
T109966,2026-08-28,S03,P404,1,180.0,0.0,0,C0153,UPI,13
T109967,2026-08-28,S03,P501,8,210.0,0.0,0,C0793,UPI,11
T109968,2026-08-28,S03,P501,4,210.0,0.0,0,C0432,Card,16
T109969,2026-08-28,S03,P502,5,145.0,0.0,0,C0431,Card,11
T109970,2026-08-28,S03,P503,8,95.0,0.0,1,C0896,Cash,10
T109971,2026-08-28,S03,P601,6,80.0,0.0,0,C0860,Card,13
T109972,2026-08-28,S03,P601,3,80.0,0.0,0,C0944,Card,18
T109973,2026-08-28,S04,P101,5,60.0,0.0,0,C0790,UPI,19
T109974,2026-08-28,S04,P101,7,60.0,0.0,0,C0334,Cash,19
T109975,2026-08-28,S04,P101,8,60.0,0.0,0,C0452,UPI,8
T109976,2026-08-28,S04,P102,8,45.0,0.0,0,C0172,UPI,17
T109977,2026-08-28,S04,P102,4,45.0,0.0,0,C0225,UPI,12
T109978,2026-08-28,S04,P102,5,45.0,0.0,0,C1075,UPI,9
T109979,2026-08-28,S04,P103,7,95.0,0.0,0,C0050,Card,19
T109980,2026-08-28,S04,P104,7,145.0,0.0,0,C0775,UPI,12
T109981,2026-08-28,S04,P201,6,120.0,0.0,0,C1112,Card,9
T109982,2026-08-28,S04,P202,4,42.0,0.0,0,C0407,Card,12
T109983,2026-08-28,S04,P202,8,42.0,0.0,0,C0579,Card,17
T109984,2026-08-28,S04,P202,7,42.0,0.0,0,C0621,UPI,8
T109985,2026-08-28,S04,P203,5,95.0,0.0,0,C0070,UPI,9
T109986,2026-08-28,S04,P203,6,95.0,0.0,0,C0217,UPI,12
T109987,2026-08-28,S04,P204,7,165.0,0.0,0,C0689,Card,20
T109988,2026-08-28,S04,P301,8,50.0,0.0,0,C0666,UPI,10
T109989,2026-08-28,S04,P301,7,50.0,0.0,0,C1070,Cash,18
T109990,2026-08-28,S04,P301,5,50.0,0.0,0,C0893,Cash,20
T109991,2026-08-28,S04,P302,7,85.0,0.0,1,C0487,UPI,19
T109992,2026-08-28,S04,P302,4,76.5,10.0,1,C0889,Card,13
T109993,2026-08-28,S04,P303,3,110.0,0.0,0,C0733,UPI,13
T109994,2026-08-28,S04,P304,6,25.0,0.0,1,C1022,Card,9
T109995,2026-08-28,S04,P304,8,23.75,5.0,1,C0629,Card,18
T109996,2026-08-28,S04,P304,3,22.5,10.0,1,C0548,UPI,20
T109997,2026-08-28,S04,P304,8,25.0,0.0,1,C0228,UPI,18
T109998,2026-08-28,S04,P401,10,35.0,0.0,0,C0884,Card,10
T109999,2026-08-28,S04,P401,5,35.0,0.0,0,C0342,Cash,21
T110000,2026-08-28,S04,P401,10,35.0,0.0,0,C0032,Card,16
T110001,2026-08-28,S04,P401,4,35.0,0.0,0,C0128,UPI,20
T110002,2026-08-28,S04,P402,6,30.0,0.0,1,C0224,UPI,11
T110003,2026-08-28,S04,P402,11,30.0,0.0,1,C0649,Card,13
T110004,2026-08-28,S04,P402,7,28.5,5.0,1,C1049,Card,21
T110005,2026-08-28,S04,P403,5,55.0,0.0,0,C0204,UPI,16
T110006,2026-08-28,S04,P403,9,55.0,0.0,0,C1079,Card,16
T110007,2026-08-28,S04,P403,5,55.0,0.0,0,C1005,UPI,16
T110008,2026-08-28,S04,P404,6,180.0,0.0,0,C0012,UPI,19
T110009,2026-08-28,S04,P501,6,210.0,0.0,0,C0197,Card,8
T110010,2026-08-28,S04,P502,5,145.0,0.0,0,C0069,UPI,12
T110011,2026-08-28,S04,P503,3,95.0,0.0,0,C0594,UPI,10
T110012,2026-08-28,S04,P503,6,95.0,0.0,0,C0990,UPI,19
T110013,2026-08-28,S04,P601,5,80.0,0.0,0,C1128,Cash,19
T110014,2026-08-28,S04,P601,7,80.0,0.0,0,C0338,Cash,17
T110015,2026-08-29,S01,P101,9,60.0,0.0,1,C0003,UPI,19
T110016,2026-08-29,S01,P101,5,60.0,0.0,1,C0180,UPI,17
T110017,2026-08-29,S01,P101,6,54.0,10.0,1,C0385,UPI,20
T110018,2026-08-29,S01,P102,5,45.0,0.0,0,C0610,Card,13
T110019,2026-08-29,S01,P102,8,45.0,0.0,0,C0270,Card,13
T110020,2026-08-29,S01,P102,5,45.0,0.0,0,C0199,UPI,9
T110021,2026-08-29,S01,P103,7,95.0,0.0,0,C0797,UPI,18
T110022,2026-08-29,S01,P104,5,145.0,0.0,1,C0525,UPI,19
T110023,2026-08-29,S01,P201,8,120.0,0.0,0,C1068,Card,16
T110024,2026-08-29,S01,P202,7,42.0,0.0,0,C0108,Card,19
T110025,2026-08-29,S01,P202,6,42.0,0.0,0,C0633,UPI,18
T110026,2026-08-29,S01,P202,6,42.0,0.0,0,C0426,Card,12
T110027,2026-08-29,S01,P203,4,95.0,0.0,0,C0406,UPI,8
T110028,2026-08-29,S01,P203,6,95.0,0.0,0,C0178,Cash,11
T110029,2026-08-29,S01,P204,2,165.0,0.0,0,C0477,UPI,13
T110030,2026-08-29,S01,P301,11,50.0,0.0,0,C1067,Cash,9
T110031,2026-08-29,S01,P301,5,50.0,0.0,0,C0035,Card,16
T110032,2026-08-29,S01,P301,9,50.0,0.0,0,C0372,Card,12
T110033,2026-08-29,S01,P301,8,50.0,0.0,0,C0493,Cash,21
T110034,2026-08-29,S01,P302,4,85.0,0.0,0,C0685,UPI,9
T110035,2026-08-29,S01,P302,9,85.0,0.0,0,C0160,UPI,11
T110036,2026-08-29,S01,P303,7,110.0,0.0,1,C0695,Card,16
T110037,2026-08-29,S01,P304,7,25.0,0.0,0,C0285,UPI,16
T110038,2026-08-29,S01,P304,5,25.0,0.0,0,C1162,UPI,19
T110039,2026-08-29,S01,P304,10,25.0,0.0,0,C1094,Cash,20
T110040,2026-08-29,S01,P304,8,25.0,0.0,0,C1160,UPI,9
T110041,2026-08-29,S01,P401,6,35.0,0.0,0,C0931,UPI,18
T110042,2026-08-29,S01,P401,9,35.0,0.0,0,C1165,UPI,18
T110043,2026-08-29,S01,P401,12,35.0,0.0,0,C0906,Card,19
T110044,2026-08-29,S01,P401,8,35.0,0.0,0,C0792,UPI,13
T110045,2026-08-29,S01,P402,6,30.0,0.0,0,C0985,UPI,12
T110046,2026-08-29,S01,P402,7,30.0,0.0,0,C0505,UPI,10
T110047,2026-08-29,S01,P402,10,30.0,0.0,0,C0217,UPI,8
T110048,2026-08-29,S01,P402,7,30.0,0.0,0,C0411,Card,19
T110049,2026-08-29,S01,P403,8,55.0,0.0,0,C1187,UPI,21
T110050,2026-08-29,S01,P403,7,55.0,0.0,0,C0892,UPI,20
T110051,2026-08-29,S01,P404,8,180.0,0.0,0,C0254,UPI,20
T110052,2026-08-29,S01,P501,4,210.0,0.0,0,C0195,Cash,13
T110053,2026-08-29,S01,P502,6,145.0,0.0,0,C0052,Card,18
T110054,2026-08-29,S01,P503,4,95.0,0.0,0,C1132,UPI,11
T110055,2026-08-29,S01,P503,5,95.0,0.0,0,C0739,Card,12
T110056,2026-08-29,S01,P601,6,80.0,0.0,0,C1113,Card,19
T110057,2026-08-29,S01,P601,4,80.0,0.0,0,C0698,Cash,13
T110058,2026-08-29,S01,P601,8,80.0,0.0,0,C0929,UPI,12
T110059,2026-08-29,S02,P101,7,60.0,0.0,0,C0622,Card,12
T110060,2026-08-29,S02,P101,11,60.0,0.0,0,C0069,Card,8
T110061,2026-08-29,S02,P101,8,60.0,0.0,0,C0292,UPI,11
T110062,2026-08-29,S02,P101,10,60.0,0.0,0,C0733,Card,16
T110063,2026-08-29,S02,P102,9,45.0,0.0,0,C1185,UPI,16
T110064,2026-08-29,S02,P102,7,45.0,0.0,0,C0315,Card,10
T110065,2026-08-29,S02,P102,5,45.0,0.0,0,C0056,UPI,13
T110066,2026-08-29,S02,P103,8,95.0,0.0,0,C0394,UPI,16
T110067,2026-08-29,S02,P104,6,130.5,10.0,1,C0571,Card,19
T110068,2026-08-29,S02,P201,8,120.0,0.0,0,C0139,Card,20
T110069,2026-08-29,S02,P202,8,42.0,0.0,0,C0540,Card,8
T110070,2026-08-29,S02,P202,5,42.0,0.0,0,C1070,UPI,11
T110071,2026-08-29,S02,P202,5,42.0,0.0,0,C0392,UPI,16
T110072,2026-08-29,S02,P202,12,42.0,0.0,0,C1183,UPI,21
T110073,2026-08-29,S02,P203,7,95.0,0.0,0,C0608,Card,11
T110074,2026-08-29,S02,P203,6,95.0,0.0,0,C0544,UPI,13
T110075,2026-08-29,S02,P204,4,165.0,0.0,0,C0584,UPI,20
T110076,2026-08-29,S02,P301,6,50.0,0.0,0,C0361,Card,10
T110077,2026-08-29,S02,P301,11,50.0,0.0,0,C0543,UPI,12
T110078,2026-08-29,S02,P301,7,50.0,0.0,0,C0563,UPI,20
T110079,2026-08-29,S02,P302,8,85.0,0.0,0,C1003,Cash,13
T110080,2026-08-29,S02,P302,9,85.0,0.0,0,C0377,Card,11
T110081,2026-08-29,S02,P302,5,85.0,0.0,0,C0506,Card,13
T110082,2026-08-29,S02,P302,5,85.0,0.0,0,C0178,Card,9
T110083,2026-08-29,S02,P303,4,110.0,0.0,0,C0439,Cash,12
T110084,2026-08-29,S02,P303,7,110.0,0.0,0,C0435,UPI,19
T110085,2026-08-29,S02,P304,11,25.0,0.0,0,C0014,Cash,12
T110086,2026-08-29,S02,P304,14,25.0,0.0,0,C0442,UPI,19
T110087,2026-08-29,S02,P304,9,25.0,0.0,0,C1019,Card,10
T110088,2026-08-29,S02,P304,10,25.0,0.0,0,C0821,Card,11
T110089,2026-08-29,S02,P401,9,35.0,0.0,0,C1025,Cash,21
T110090,2026-08-29,S02,P401,17,35.0,0.0,0,C0557,UPI,9
T110091,2026-08-29,S02,P401,13,35.0,0.0,0,C0941,Cash,12
T110092,2026-08-29,S02,P401,8,35.0,0.0,0,C0156,UPI,18
T110093,2026-08-29,S02,P402,11,30.0,0.0,0,C1044,Card,13
T110094,2026-08-29,S02,P402,11,30.0,0.0,0,C0203,UPI,16
T110095,2026-08-29,S02,P402,6,30.0,0.0,0,C0563,Card,18
T110096,2026-08-29,S02,P402,14,30.0,0.0,0,C0319,UPI,19
T110097,2026-08-29,S02,P403,5,55.0,0.0,0,C0348,Cash,18
T110098,2026-08-29,S02,P403,11,55.0,0.0,0,C1195,UPI,16
T110099,2026-08-29,S02,P403,7,55.0,0.0,0,C1124,UPI,12
T110100,2026-08-29,S02,P404,7,180.0,0.0,0,C0388,Card,21
T110101,2026-08-29,S02,P404,3,180.0,0.0,0,C0151,UPI,21
T110102,2026-08-29,S02,P501,8,210.0,0.0,0,C0628,UPI,17
T110103,2026-08-29,S02,P502,9,145.0,0.0,0,C1087,Card,10
T110104,2026-08-29,S02,P502,5,145.0,0.0,0,C0658,Card,13
T110105,2026-08-29,S02,P502,5,145.0,0.0,0,C0317,Card,18
T110106,2026-08-29,S02,P503,4,95.0,0.0,0,C0877,Cash,18
T110107,2026-08-29,S02,P503,7,95.0,0.0,0,C0233,Card,21
T110108,2026-08-29,S02,P503,10,95.0,0.0,0,C0936,UPI,17
T110109,2026-08-29,S02,P601,9,80.0,0.0,0,C0493,UPI,10
T110110,2026-08-29,S02,P601,5,80.0,0.0,0,C0032,Card,13
T110111,2026-08-29,S02,P601,7,80.0,0.0,0,C0484,Card,18
T110112,2026-08-29,S03,P101,5,60.0,0.0,0,C1087,UPI,12
T110113,2026-08-29,S03,P101,4,60.0,0.0,0,C0375,Cash,10
T110114,2026-08-29,S03,P101,9,60.0,0.0,0,C0809,Card,12
T110115,2026-08-29,S03,P102,10,45.0,0.0,0,C0273,UPI,16
T110116,2026-08-29,S03,P102,5,45.0,0.0,0,C1166,Card,16
T110117,2026-08-29,S03,P103,4,95.0,0.0,0,C0031,Cash,20
T110118,2026-08-29,S03,P104,4,145.0,0.0,0,C0011,UPI,20
T110119,2026-08-29,S03,P201,4,120.0,0.0,0,C1133,UPI,20
T110120,2026-08-29,S03,P202,9,42.0,0.0,0,C0764,Card,9
T110121,2026-08-29,S03,P202,8,42.0,0.0,0,C0869,Card,19
T110122,2026-08-29,S03,P202,4,42.0,0.0,0,C0443,Card,18
T110123,2026-08-29,S03,P203,5,95.0,0.0,0,C0658,UPI,9
T110124,2026-08-29,S03,P204,5,165.0,0.0,0,C1026,Card,9
T110125,2026-08-29,S03,P204,4,165.0,0.0,0,C1104,UPI,16
T110126,2026-08-29,S03,P301,4,50.0,0.0,0,C0427,UPI,20
T110127,2026-08-29,S03,P301,9,50.0,0.0,0,C0912,UPI,16
T110128,2026-08-29,S03,P302,4,85.0,0.0,0,C1057,UPI,8
T110129,2026-08-29,S03,P303,4,110.0,0.0,0,C1032,UPI,12
T110130,2026-08-29,S03,P304,9,25.0,0.0,0,C0507,UPI,19
T110131,2026-08-29,S03,P304,6,25.0,0.0,0,C0065,UPI,11
T110132,2026-08-29,S03,P304,6,25.0,0.0,0,C0279,UPI,12
T110133,2026-08-29,S03,P304,11,25.0,0.0,0,C0499,UPI,19
T110134,2026-08-29,S03,P401,7,35.0,0.0,0,C0084,Card,20
T110135,2026-08-29,S03,P401,5,35.0,0.0,0,C0338,UPI,18
T110136,2026-08-29,S03,P401,9,35.0,0.0,0,C0182,UPI,10
T110137,2026-08-29,S03,P401,6,35.0,0.0,0,C0262,Card,17
T110138,2026-08-29,S03,P402,7,30.0,0.0,1,C0399,UPI,11
T110139,2026-08-29,S03,P402,4,30.0,0.0,1,C0808,Card,10
T110140,2026-08-29,S03,P402,6,30.0,0.0,1,C1088,Card,20
T110141,2026-08-29,S03,P403,7,55.0,0.0,0,C0643,Cash,21
T110142,2026-08-29,S03,P403,9,55.0,0.0,0,C0296,UPI,18
T110143,2026-08-29,S03,P404,2,180.0,0.0,0,C1104,Card,16
T110144,2026-08-29,S03,P501,7,210.0,0.0,0,C1002,UPI,16
T110145,2026-08-29,S03,P501,4,210.0,0.0,0,C0172,UPI,17
T110146,2026-08-29,S03,P502,4,145.0,0.0,0,C0246,Card,10
T110147,2026-08-29,S03,P502,7,145.0,0.0,0,C0503,UPI,11
T110148,2026-08-29,S03,P503,7,95.0,0.0,0,C0396,UPI,17
T110149,2026-08-29,S03,P503,3,95.0,0.0,0,C1012,UPI,19
T110150,2026-08-29,S03,P601,7,80.0,0.0,0,C0458,UPI,9
T110151,2026-08-29,S03,P601,8,80.0,0.0,0,C0793,Cash,12
T110152,2026-08-29,S04,P101,6,60.0,0.0,0,C0906,Cash,16
T110153,2026-08-29,S04,P101,7,60.0,0.0,0,C0656,Card,17
T110154,2026-08-29,S04,P101,6,60.0,0.0,0,C1002,UPI,13
T110155,2026-08-29,S04,P102,4,45.0,0.0,0,C0610,UPI,10
T110156,2026-08-29,S04,P102,6,45.0,0.0,0,C0385,UPI,9
T110157,2026-08-29,S04,P102,7,45.0,0.0,0,C1150,UPI,12
T110158,2026-08-29,S04,P103,4,95.0,0.0,0,C0865,Cash,10
T110159,2026-08-29,S04,P103,8,95.0,0.0,0,C0545,UPI,20
T110160,2026-08-29,S04,P104,8,145.0,0.0,0,C1136,Cash,19
T110161,2026-08-29,S04,P201,7,120.0,0.0,0,C0719,Cash,10
T110162,2026-08-29,S04,P202,10,42.0,0.0,0,C0486,UPI,17
T110163,2026-08-29,S04,P202,4,42.0,0.0,0,C0127,Card,16
T110164,2026-08-29,S04,P202,8,42.0,0.0,0,C0897,UPI,18
T110165,2026-08-29,S04,P203,8,95.0,0.0,0,C0951,UPI,19
T110166,2026-08-29,S04,P204,7,165.0,0.0,0,C0782,UPI,19
T110167,2026-08-29,S04,P301,8,50.0,0.0,0,C0474,Card,17
T110168,2026-08-29,S04,P301,5,50.0,0.0,0,C0216,UPI,16
T110169,2026-08-29,S04,P301,10,50.0,0.0,0,C0104,UPI,20
T110170,2026-08-29,S04,P301,10,50.0,0.0,0,C1101,UPI,8
T110171,2026-08-29,S04,P302,6,85.0,0.0,0,C0493,Cash,12
T110172,2026-08-29,S04,P302,9,85.0,0.0,0,C0281,UPI,8
T110173,2026-08-29,S04,P303,5,110.0,0.0,0,C0090,Card,17
T110174,2026-08-29,S04,P304,9,25.0,0.0,1,C0970,Card,8
T110175,2026-08-29,S04,P304,10,22.5,10.0,1,C0990,Cash,11
T110176,2026-08-29,S04,P304,9,25.0,0.0,1,C1112,UPI,11
T110177,2026-08-29,S04,P304,4,25.0,0.0,1,C0511,UPI,20
T110178,2026-08-29,S04,P401,6,35.0,0.0,0,C0322,UPI,10
T110179,2026-08-29,S04,P401,7,35.0,0.0,0,C1086,Card,20
T110180,2026-08-29,S04,P401,9,35.0,0.0,0,C1005,UPI,13
T110181,2026-08-29,S04,P401,7,35.0,0.0,0,C0670,UPI,13
T110182,2026-08-29,S04,P402,11,28.5,5.0,1,C0450,Card,16
T110183,2026-08-29,S04,P402,9,28.5,5.0,1,C0336,Card,18
T110184,2026-08-29,S04,P402,8,27.0,10.0,1,C0021,UPI,20
T110185,2026-08-29,S04,P402,5,27.0,10.0,1,C0676,Card,12
T110186,2026-08-29,S04,P403,8,55.0,0.0,0,C0152,Card,12
T110187,2026-08-29,S04,P403,7,55.0,0.0,0,C0130,Cash,16
T110188,2026-08-29,S04,P404,7,180.0,0.0,0,C1131,UPI,18
T110189,2026-08-29,S04,P501,8,210.0,0.0,0,C0979,Card,8
T110190,2026-08-29,S04,P501,4,210.0,0.0,0,C0812,UPI,19
T110191,2026-08-29,S04,P502,6,145.0,0.0,0,C0085,Card,17
T110192,2026-08-29,S04,P503,6,95.0,0.0,0,C0502,Card,20
T110193,2026-08-29,S04,P503,4,95.0,0.0,0,C0105,Card,9
T110194,2026-08-29,S04,P503,7,95.0,0.0,0,C0525,UPI,16
T110195,2026-08-29,S04,P601,6,80.0,0.0,0,C1094,UPI,8
T110196,2026-08-29,S04,P601,8,80.0,0.0,0,C0244,Card,8
T110197,2026-08-29,S04,P601,3,80.0,0.0,0,C1099,Cash,13
T110198,2026-08-30,S01,P101,5,60.0,0.0,0,C0951,Cash,20
T110199,2026-08-30,S01,P101,7,60.0,0.0,0,C0370,Card,20
T110200,2026-08-30,S01,P101,7,60.0,0.0,0,C0538,UPI,8
T110201,2026-08-30,S01,P102,7,45.0,0.0,0,C0001,UPI,21
T110202,2026-08-30,S01,P102,10,45.0,0.0,0,C0459,UPI,9
T110203,2026-08-30,S01,P102,6,45.0,0.0,0,C0258,Card,17
T110204,2026-08-30,S01,P103,6,95.0,0.0,0,C0568,Cash,9
T110205,2026-08-30,S01,P103,4,95.0,0.0,0,C0757,UPI,8
T110206,2026-08-30,S01,P104,3,145.0,0.0,1,C0850,Card,19
T110207,2026-08-30,S01,P201,5,120.0,0.0,0,C0052,UPI,8
T110208,2026-08-30,S01,P201,4,120.0,0.0,0,C1129,UPI,11
T110209,2026-08-30,S01,P202,9,42.0,0.0,0,C1091,UPI,13
T110210,2026-08-30,S01,P202,8,42.0,0.0,0,C0013,Card,12
T110211,2026-08-30,S01,P202,7,42.0,0.0,0,C0162,Card,13
T110212,2026-08-30,S01,P203,4,95.0,0.0,0,C1072,Card,18
T110213,2026-08-30,S01,P204,5,165.0,0.0,0,C0546,UPI,12
T110214,2026-08-30,S01,P301,8,45.0,10.0,1,C1170,UPI,20
T110215,2026-08-30,S01,P301,5,50.0,0.0,1,C0074,UPI,16
T110216,2026-08-30,S01,P302,8,85.0,0.0,0,C0693,UPI,18
T110217,2026-08-30,S01,P303,3,110.0,0.0,0,C0005,Card,11
T110218,2026-08-30,S01,P304,9,22.5,10.0,1,C0538,UPI,8
T110219,2026-08-30,S01,P304,9,23.75,5.0,1,C0213,Card,21
T110220,2026-08-30,S01,P304,8,23.75,5.0,1,C0852,UPI,20
T110221,2026-08-30,S01,P304,5,25.0,0.0,1,C0530,UPI,20
T110222,2026-08-30,S01,P401,6,35.0,0.0,0,C0764,Card,20
T110223,2026-08-30,S01,P401,9,35.0,0.0,0,C1108,UPI,10
T110224,2026-08-30,S01,P401,9,35.0,0.0,0,C0851,UPI,21
T110225,2026-08-30,S01,P401,8,35.0,0.0,0,C0549,Cash,21
T110226,2026-08-30,S01,P402,7,30.0,0.0,0,C0448,UPI,11
T110227,2026-08-30,S01,P402,9,30.0,0.0,0,C0580,Cash,13
T110228,2026-08-30,S01,P402,9,30.0,0.0,0,C0070,UPI,21
T110229,2026-08-30,S01,P402,5,30.0,0.0,0,C0127,Cash,18
T110230,2026-08-30,S01,P403,5,55.0,0.0,0,C0138,UPI,13
T110231,2026-08-30,S01,P403,6,55.0,0.0,0,C0994,Card,19
T110232,2026-08-30,S01,P403,5,55.0,0.0,0,C0986,Cash,8
T110233,2026-08-30,S01,P403,11,55.0,0.0,0,C0653,UPI,8
T110234,2026-08-30,S01,P404,3,180.0,0.0,0,C0168,UPI,21
T110235,2026-08-30,S01,P501,9,210.0,0.0,0,C0481,Card,10
T110236,2026-08-30,S01,P501,7,210.0,0.0,0,C0316,UPI,16
T110237,2026-08-30,S01,P502,7,137.75,5.0,1,C0515,Card,20
T110238,2026-08-30,S01,P502,4,145.0,0.0,1,C0846,UPI,8
T110239,2026-08-30,S01,P503,7,95.0,0.0,0,C1178,UPI,18
T110240,2026-08-30,S01,P503,5,95.0,0.0,0,C0694,Cash,19
T110241,2026-08-30,S01,P601,5,80.0,0.0,0,C0360,Cash,10
T110242,2026-08-30,S01,P601,9,80.0,0.0,0,C0577,Card,10
T110243,2026-08-30,S01,P601,5,80.0,0.0,0,C0547,Cash,20
T110244,2026-08-30,S02,P101,11,60.0,0.0,0,C1163,Card,16
T110245,2026-08-30,S02,P101,10,60.0,0.0,0,C0153,UPI,12
T110246,2026-08-30,S02,P101,6,60.0,0.0,0,C0938,Card,9
T110247,2026-08-30,S02,P101,12,60.0,0.0,0,C0477,UPI,21
T110248,2026-08-30,S02,P102,7,45.0,0.0,0,C0097,Cash,18
T110249,2026-08-30,S02,P102,5,45.0,0.0,0,C0260,Card,12
T110250,2026-08-30,S02,P102,6,45.0,0.0,0,C0216,Cash,13
T110251,2026-08-30,S02,P102,8,45.0,0.0,0,C0523,Card,9
T110252,2026-08-30,S02,P103,8,95.0,0.0,0,C0430,UPI,19
T110253,2026-08-30,S02,P103,4,95.0,0.0,0,C0702,UPI,18
T110254,2026-08-30,S02,P104,7,145.0,0.0,0,C0251,Card,13
T110255,2026-08-30,S02,P104,6,145.0,0.0,0,C0832,Cash,11
T110256,2026-08-30,S02,P201,7,120.0,0.0,0,C1186,Card,20
T110257,2026-08-30,S02,P201,5,120.0,0.0,0,C0476,UPI,11
T110258,2026-08-30,S02,P202,8,42.0,0.0,0,C0284,Cash,9
T110259,2026-08-30,S02,P202,5,42.0,0.0,0,C1162,UPI,16
T110260,2026-08-30,S02,P202,5,42.0,0.0,0,C0684,UPI,20
T110261,2026-08-30,S02,P202,7,42.0,0.0,0,C0147,UPI,20
T110262,2026-08-30,S02,P203,6,95.0,0.0,0,C0213,Card,21
T110263,2026-08-30,S02,P203,4,95.0,0.0,0,C0248,UPI,12
T110264,2026-08-30,S02,P204,8,165.0,0.0,0,C0535,Card,18
T110265,2026-08-30,S02,P204,4,165.0,0.0,0,C0125,UPI,13
T110266,2026-08-30,S02,P301,12,50.0,0.0,1,C0839,UPI,18
T110267,2026-08-30,S02,P301,11,45.0,10.0,1,C1098,Card,12
T110268,2026-08-30,S02,P301,13,42.5,15.0,1,C0688,Card,13
T110269,2026-08-30,S02,P301,9,45.0,10.0,1,C1042,Cash,8
T110270,2026-08-30,S02,P302,8,85.0,0.0,1,C0113,Card,20
T110271,2026-08-30,S02,P302,6,85.0,0.0,1,C0413,UPI,10
T110272,2026-08-30,S02,P302,7,80.75,5.0,1,C0717,Card,18
T110273,2026-08-30,S02,P303,5,110.0,0.0,0,C0134,Card,20
T110274,2026-08-30,S02,P303,8,110.0,0.0,0,C0559,UPI,13
T110275,2026-08-30,S02,P304,15,25.0,0.0,0,C1078,UPI,9
T110276,2026-08-30,S02,P304,10,25.0,0.0,0,C1080,Card,13
T110277,2026-08-30,S02,P304,9,25.0,0.0,0,C1152,Card,21
T110278,2026-08-30,S02,P304,16,25.0,0.0,0,C0024,Cash,21
T110279,2026-08-30,S02,P401,12,35.0,0.0,1,C1132,Card,21
T110280,2026-08-30,S02,P401,6,33.25,5.0,1,C0450,Card,12
T110281,2026-08-30,S02,P401,6,31.5,10.0,1,C1007,Card,9
T110282,2026-08-30,S02,P401,10,35.0,0.0,1,C0759,UPI,18
T110283,2026-08-30,S02,P402,9,30.0,0.0,0,C0990,UPI,21
T110284,2026-08-30,S02,P402,20,30.0,0.0,0,C0538,UPI,11
T110285,2026-08-30,S02,P402,11,30.0,0.0,0,C1142,UPI,17
T110286,2026-08-30,S02,P402,18,30.0,0.0,0,C1041,UPI,18
T110287,2026-08-30,S02,P403,7,55.0,0.0,1,C0555,UPI,12
T110288,2026-08-30,S02,P403,8,55.0,0.0,1,C0504,UPI,9
T110289,2026-08-30,S02,P403,9,55.0,0.0,1,C0219,UPI,21
T110290,2026-08-30,S02,P404,7,180.0,0.0,0,C0254,UPI,20
T110291,2026-08-30,S02,P501,9,210.0,0.0,0,C1042,Card,21
T110292,2026-08-30,S02,P501,6,210.0,0.0,0,C0486,UPI,19
T110293,2026-08-30,S02,P502,8,130.5,10.0,1,C0814,UPI,19
T110294,2026-08-30,S02,P502,8,137.75,5.0,1,C0548,UPI,10
T110295,2026-08-30,S02,P503,6,95.0,0.0,0,C0008,Card,13
T110296,2026-08-30,S02,P503,6,95.0,0.0,0,C1069,Card,8
T110297,2026-08-30,S02,P503,10,95.0,0.0,0,C0232,Cash,13
T110298,2026-08-30,S02,P601,9,80.0,0.0,0,C0666,Cash,17
T110299,2026-08-30,S02,P601,4,80.0,0.0,0,C0459,UPI,17
T110300,2026-08-30,S02,P601,7,80.0,0.0,0,C1196,UPI,18
T110301,2026-08-30,S03,P101,9,60.0,0.0,0,C0582,UPI,19
T110302,2026-08-30,S03,P101,5,60.0,0.0,0,C0465,UPI,11
T110303,2026-08-30,S03,P101,8,60.0,0.0,0,C0887,UPI,20
T110304,2026-08-30,S03,P102,5,45.0,0.0,0,C0112,Card,18
T110305,2026-08-30,S03,P102,5,45.0,0.0,0,C0639,Card,11
T110306,2026-08-30,S03,P103,7,95.0,0.0,0,C0468,Cash,20
T110307,2026-08-30,S03,P104,8,145.0,0.0,0,C1160,UPI,18
T110308,2026-08-30,S03,P201,1,120.0,0.0,0,C1183,UPI,8
T110309,2026-08-30,S03,P202,8,42.0,0.0,0,C0720,UPI,20
T110310,2026-08-30,S03,P202,4,42.0,0.0,0,C0621,UPI,21
T110311,2026-08-30,S03,P203,3,95.0,0.0,0,C0093,UPI,12
T110312,2026-08-30,S03,P203,6,95.0,0.0,0,C0111,Card,18
T110313,2026-08-30,S03,P204,6,165.0,0.0,0,C0639,UPI,21
T110314,2026-08-30,S03,P301,5,50.0,0.0,0,C0979,UPI,20
T110315,2026-08-30,S03,P301,5,50.0,0.0,0,C0009,UPI,11
T110316,2026-08-30,S03,P301,8,50.0,0.0,0,C0263,Card,20
T110317,2026-08-30,S03,P302,8,85.0,0.0,0,C0476,UPI,8
T110318,2026-08-30,S03,P303,3,110.0,0.0,0,C0125,UPI,16
T110319,2026-08-30,S03,P304,9,25.0,0.0,0,C0597,UPI,8
T110320,2026-08-30,S03,P304,4,25.0,0.0,0,C1129,UPI,21
T110321,2026-08-30,S03,P304,8,25.0,0.0,0,C1058,Card,10
T110322,2026-08-30,S03,P401,7,35.0,0.0,0,C0866,Card,21
T110323,2026-08-30,S03,P401,3,35.0,0.0,0,C0754,UPI,20
T110324,2026-08-30,S03,P401,7,35.0,0.0,0,C0240,Card,20
T110325,2026-08-30,S03,P402,8,28.5,5.0,1,C0994,UPI,12
T110326,2026-08-30,S03,P402,6,28.5,5.0,1,C0441,UPI,11
T110327,2026-08-30,S03,P402,10,27.0,10.0,1,C0741,UPI,12
T110328,2026-08-30,S03,P403,8,55.0,0.0,0,C0494,UPI,21
T110329,2026-08-30,S03,P403,3,55.0,0.0,0,C0413,UPI,19
T110330,2026-08-30,S03,P404,2,180.0,0.0,1,C1078,UPI,20
T110331,2026-08-30,S03,P501,7,210.0,0.0,0,C0626,UPI,12
T110332,2026-08-30,S03,P502,3,145.0,0.0,0,C0648,Card,11
T110333,2026-08-30,S03,P502,6,145.0,0.0,0,C0190,Cash,8
T110334,2026-08-30,S03,P503,7,95.0,0.0,0,C0829,UPI,9
T110335,2026-08-30,S03,P601,4,80.0,0.0,0,C0083,UPI,21
T110336,2026-08-30,S03,P601,8,80.0,0.0,0,C0222,Card,21
T110337,2026-08-30,S04,P101,6,60.0,0.0,0,C0881,Card,21
T110338,2026-08-30,S04,P101,6,60.0,0.0,0,C0005,UPI,21
T110339,2026-08-30,S04,P101,13,60.0,0.0,0,C0575,Card,19
T110340,2026-08-30,S04,P101,9,60.0,0.0,0,C0213,Card,21
T110341,2026-08-30,S04,P102,6,45.0,0.0,1,C0700,Cash,20
T110342,2026-08-30,S04,P102,9,45.0,0.0,1,C0448,Card,19
T110343,2026-08-30,S04,P103,5,95.0,0.0,0,C0407,UPI,13
T110344,2026-08-30,S04,P103,5,95.0,0.0,0,C0145,Card,16
T110345,2026-08-30,S04,P104,6,145.0,0.0,0,C0527,Card,21
T110346,2026-08-30,S04,P104,4,145.0,0.0,0,C0824,Card,20
T110347,2026-08-30,S04,P201,7,120.0,0.0,0,C0626,Card,9
T110348,2026-08-30,S04,P202,4,42.0,0.0,0,C0413,UPI,16
T110349,2026-08-30,S04,P202,8,42.0,0.0,0,C0340,UPI,20
T110350,2026-08-30,S04,P202,6,42.0,0.0,0,C0454,UPI,20
T110351,2026-08-30,S04,P203,2,95.0,0.0,0,C0076,Cash,9
T110352,2026-08-30,S04,P204,3,165.0,0.0,1,C1043,Card,16
T110353,2026-08-30,S04,P301,9,50.0,0.0,0,C0105,Card,21
T110354,2026-08-30,S04,P301,6,50.0,0.0,0,C0290,Cash,16
T110355,2026-08-30,S04,P301,9,50.0,0.0,0,C0318,Card,11
T110356,2026-08-30,S04,P302,5,85.0,0.0,0,C0413,Cash,16
T110357,2026-08-30,S04,P302,6,85.0,0.0,0,C0528,Card,16
T110358,2026-08-30,S04,P303,4,110.0,0.0,0,C0867,Cash,20
T110359,2026-08-30,S04,P304,12,25.0,0.0,0,C0872,UPI,18
T110360,2026-08-30,S04,P304,7,25.0,0.0,0,C1115,UPI,18
T110361,2026-08-30,S04,P304,6,25.0,0.0,0,C1049,Cash,18
T110362,2026-08-30,S04,P304,11,25.0,0.0,0,C0099,Cash,8
T110363,2026-08-30,S04,P401,9,35.0,0.0,0,C1028,UPI,11
T110364,2026-08-30,S04,P401,6,35.0,0.0,0,C0170,UPI,20
T110365,2026-08-30,S04,P401,7,35.0,0.0,0,C0933,Card,16
T110366,2026-08-30,S04,P401,8,35.0,0.0,0,C0962,UPI,20
T110367,2026-08-30,S04,P402,7,30.0,0.0,1,C0126,Card,12
T110368,2026-08-30,S04,P402,12,30.0,0.0,1,C1041,Card,20
T110369,2026-08-30,S04,P402,10,27.0,10.0,1,C0824,Cash,9
T110370,2026-08-30,S04,P402,12,30.0,0.0,1,C0599,UPI,9
T110371,2026-08-30,S04,P403,6,55.0,0.0,0,C0051,UPI,17
T110372,2026-08-30,S04,P403,9,55.0,0.0,0,C0780,Card,20
T110373,2026-08-30,S04,P404,1,180.0,0.0,0,C0164,UPI,20
T110374,2026-08-30,S04,P501,6,210.0,0.0,0,C0719,Card,13
T110375,2026-08-30,S04,P501,6,210.0,0.0,0,C0995,Card,17
T110376,2026-08-30,S04,P502,6,145.0,0.0,0,C0965,UPI,17
T110377,2026-08-30,S04,P503,5,85.5,10.0,1,C0226,UPI,19
T110378,2026-08-30,S04,P503,4,90.25,5.0,1,C0398,Cash,10
T110379,2026-08-30,S04,P503,9,85.5,10.0,1,C0010,UPI,20
T110380,2026-08-30,S04,P601,5,80.0,0.0,0,C0006,UPI,9
T110381,2026-08-30,S04,P601,4,80.0,0.0,0,C0959,UPI,17
T110382,2026-08-30,S04,P601,8,80.0,0.0,0,C0717,Card,20
T110383,2026-08-31,S01,P101,7,60.0,0.0,0,C1064,Card,16
T110384,2026-08-31,S01,P101,6,60.0,0.0,0,C0065,UPI,12
T110385,2026-08-31,S01,P101,4,60.0,0.0,0,C0267,UPI,9
T110386,2026-08-31,S01,P102,3,45.0,0.0,0,C1186,UPI,11
T110387,2026-08-31,S01,P102,8,45.0,0.0,0,C0824,Card,11
T110388,2026-08-31,S01,P103,7,95.0,0.0,0,C0919,Card,8
T110389,2026-08-31,S01,P104,2,145.0,0.0,0,C0922,UPI,8
T110390,2026-08-31,S01,P201,6,120.0,0.0,0,C0238,Cash,17
T110391,2026-08-31,S01,P202,4,42.0,0.0,0,C0895,Card,9
T110392,2026-08-31,S01,P202,8,42.0,0.0,0,C0828,Cash,20
T110393,2026-08-31,S01,P203,5,95.0,0.0,0,C0905,Card,12
T110394,2026-08-31,S01,P203,4,95.0,0.0,0,C1137,UPI,8
T110395,2026-08-31,S01,P204,6,165.0,0.0,1,C0511,Card,21
T110396,2026-08-31,S01,P301,7,50.0,0.0,0,C0347,UPI,11
T110397,2026-08-31,S01,P301,9,50.0,0.0,0,C0724,UPI,17
T110398,2026-08-31,S01,P301,5,50.0,0.0,0,C0115,Card,9
T110399,2026-08-31,S01,P302,5,85.0,0.0,0,C0895,Card,13
T110400,2026-08-31,S01,P302,8,85.0,0.0,0,C0139,UPI,8
T110401,2026-08-31,S01,P302,4,85.0,0.0,0,C1192,Cash,21
T110402,2026-08-31,S01,P303,4,110.0,0.0,0,C0756,Card,19
T110403,2026-08-31,S01,P303,5,110.0,0.0,0,C0855,UPI,16
T110404,2026-08-31,S01,P304,7,25.0,0.0,0,C0146,UPI,13
T110405,2026-08-31,S01,P304,6,25.0,0.0,0,C0454,UPI,16
T110406,2026-08-31,S01,P304,10,25.0,0.0,0,C0570,UPI,19
T110407,2026-08-31,S01,P401,6,35.0,0.0,0,C0663,UPI,20
T110408,2026-08-31,S01,P401,5,35.0,0.0,0,C1000,Cash,12
T110409,2026-08-31,S01,P401,8,35.0,0.0,0,C0854,Card,21
T110410,2026-08-31,S01,P402,8,30.0,0.0,0,C1126,UPI,8
T110411,2026-08-31,S01,P402,6,30.0,0.0,0,C0639,Card,18
T110412,2026-08-31,S01,P402,7,30.0,0.0,0,C0771,UPI,11
T110413,2026-08-31,S01,P402,5,30.0,0.0,0,C0058,Cash,21
T110414,2026-08-31,S01,P403,6,55.0,0.0,0,C0626,UPI,13
T110415,2026-08-31,S01,P403,10,55.0,0.0,0,C0018,Card,21
T110416,2026-08-31,S01,P404,2,180.0,0.0,1,C0852,UPI,19
T110417,2026-08-31,S01,P501,5,210.0,0.0,0,C1043,UPI,20
T110418,2026-08-31,S01,P501,5,210.0,0.0,0,C1077,UPI,18
T110419,2026-08-31,S01,P502,5,145.0,0.0,0,C0857,Cash,20
T110420,2026-08-31,S01,P502,7,145.0,0.0,0,C0800,UPI,12
T110421,2026-08-31,S01,P503,6,95.0,0.0,0,C1119,UPI,21
T110422,2026-08-31,S01,P601,6,80.0,0.0,0,C0722,UPI,19
T110423,2026-08-31,S01,P601,6,80.0,0.0,0,C0114,UPI,21
T110424,2026-08-31,S02,P101,5,60.0,0.0,0,C0687,Card,13
T110425,2026-08-31,S02,P101,6,60.0,0.0,0,C0135,Cash,18
T110426,2026-08-31,S02,P101,8,60.0,0.0,0,C0301,UPI,21
T110427,2026-08-31,S02,P101,10,60.0,0.0,0,C1015,UPI,20
T110428,2026-08-31,S02,P102,6,45.0,0.0,0,C1198,Card,20
T110429,2026-08-31,S02,P102,5,45.0,0.0,0,C0528,UPI,16
T110430,2026-08-31,S02,P102,6,45.0,0.0,0,C1053,UPI,10
T110431,2026-08-31,S02,P103,10,95.0,0.0,0,C0226,Cash,19
T110432,2026-08-31,S02,P103,5,95.0,0.0,0,C1143,UPI,11
T110433,2026-08-31,S02,P104,4,145.0,0.0,0,C0896,UPI,11
T110434,2026-08-31,S02,P201,5,120.0,0.0,0,C1165,UPI,19
T110435,2026-08-31,S02,P201,5,120.0,0.0,0,C1199,Card,20
T110436,2026-08-31,S02,P202,8,42.0,0.0,0,C1093,Card,10
T110437,2026-08-31,S02,P202,9,42.0,0.0,0,C0008,Card,20
T110438,2026-08-31,S02,P202,9,42.0,0.0,0,C0845,UPI,8
T110439,2026-08-31,S02,P202,10,42.0,0.0,0,C0854,Cash,18
T110440,2026-08-31,S02,P203,4,95.0,0.0,0,C0278,UPI,11
T110441,2026-08-31,S02,P203,7,95.0,0.0,0,C0700,UPI,12
T110442,2026-08-31,S02,P204,6,165.0,0.0,0,C0430,UPI,13
T110443,2026-08-31,S02,P301,9,50.0,0.0,0,C1060,Card,11
T110444,2026-08-31,S02,P301,8,50.0,0.0,0,C0075,UPI,11
T110445,2026-08-31,S02,P301,5,50.0,0.0,0,C0075,UPI,10
T110446,2026-08-31,S02,P302,7,85.0,0.0,1,C0785,Card,17
T110447,2026-08-31,S02,P302,6,85.0,0.0,1,C1036,UPI,19
T110448,2026-08-31,S02,P302,9,80.75,5.0,1,C0155,UPI,8
T110449,2026-08-31,S02,P303,7,110.0,0.0,0,C0298,UPI,20
T110450,2026-08-31,S02,P303,5,110.0,0.0,0,C1065,UPI,20
T110451,2026-08-31,S02,P304,8,25.0,0.0,0,C0781,UPI,18
T110452,2026-08-31,S02,P304,9,25.0,0.0,0,C1119,UPI,17
T110453,2026-08-31,S02,P304,7,25.0,0.0,0,C0881,UPI,9
T110454,2026-08-31,S02,P304,14,25.0,0.0,0,C0291,Card,21
T110455,2026-08-31,S02,P401,9,35.0,0.0,0,C0672,Cash,16
T110456,2026-08-31,S02,P401,11,35.0,0.0,0,C0156,Cash,13
T110457,2026-08-31,S02,P401,11,35.0,0.0,0,C0682,UPI,11
T110458,2026-08-31,S02,P401,7,35.0,0.0,0,C0358,UPI,10
T110459,2026-08-31,S02,P402,10,30.0,0.0,0,C0945,UPI,12
T110460,2026-08-31,S02,P402,15,30.0,0.0,0,C0852,UPI,12
T110461,2026-08-31,S02,P402,12,30.0,0.0,0,C0988,Card,20
T110462,2026-08-31,S02,P402,8,30.0,0.0,0,C0514,UPI,18
T110463,2026-08-31,S02,P403,6,55.0,0.0,0,C0384,Card,21
T110464,2026-08-31,S02,P403,9,55.0,0.0,0,C0257,UPI,21
T110465,2026-08-31,S02,P403,8,55.0,0.0,0,C0997,Card,9
T110466,2026-08-31,S02,P404,5,180.0,0.0,0,C0230,Cash,20
T110467,2026-08-31,S02,P404,4,180.0,0.0,0,C1022,UPI,8
T110468,2026-08-31,S02,P501,7,210.0,0.0,0,C0170,Card,20
T110469,2026-08-31,S02,P502,3,145.0,0.0,0,C1014,UPI,21
T110470,2026-08-31,S02,P503,4,95.0,0.0,0,C1061,UPI,16
T110471,2026-08-31,S02,P503,5,95.0,0.0,0,C0934,UPI,21
T110472,2026-08-31,S02,P503,9,95.0,0.0,0,C0072,Card,9
T110473,2026-08-31,S02,P601,6,80.0,0.0,0,C0907,Card,12
T110474,2026-08-31,S02,P601,4,80.0,0.0,0,C0092,Card,11
T110475,2026-08-31,S02,P601,7,80.0,0.0,0,C0493,Card,9
T110476,2026-08-31,S03,P101,10,60.0,0.0,0,C0946,UPI,10
T110477,2026-08-31,S03,P101,7,60.0,0.0,0,C0880,Card,20
T110478,2026-08-31,S03,P101,5,60.0,0.0,0,C0531,Cash,17
T110479,2026-08-31,S03,P102,7,45.0,0.0,0,C0464,UPI,11
T110480,2026-08-31,S03,P102,7,45.0,0.0,0,C0534,UPI,10
T110481,2026-08-31,S03,P102,4,45.0,0.0,0,C0082,Cash,17
T110482,2026-08-31,S03,P103,7,95.0,0.0,0,C0139,UPI,19
T110483,2026-08-31,S03,P104,3,123.25,15.0,1,C0373,Card,16
T110484,2026-08-31,S03,P201,4,120.0,0.0,0,C0197,UPI,19
T110485,2026-08-31,S03,P202,5,42.0,0.0,0,C1168,Cash,12
T110486,2026-08-31,S03,P202,9,42.0,0.0,0,C0166,Card,18
T110487,2026-08-31,S03,P203,8,95.0,0.0,0,C0841,UPI,9
T110488,2026-08-31,S03,P204,1,165.0,0.0,0,C0554,Card,9
T110489,2026-08-31,S03,P301,8,50.0,0.0,0,C0247,UPI,17
T110490,2026-08-31,S03,P301,5,50.0,0.0,0,C1190,Cash,9
T110491,2026-08-31,S03,P301,4,50.0,0.0,0,C0634,UPI,11
T110492,2026-08-31,S03,P302,8,85.0,0.0,0,C0720,Card,11
T110493,2026-08-31,S03,P303,7,110.0,0.0,0,C0316,Card,17
T110494,2026-08-31,S03,P304,9,25.0,0.0,0,C1120,UPI,11
T110495,2026-08-31,S03,P304,6,25.0,0.0,0,C0754,Cash,9
T110496,2026-08-31,S03,P401,9,31.5,10.0,1,C0159,UPI,21
T110497,2026-08-31,S03,P401,5,31.5,10.0,1,C0872,Cash,20
T110498,2026-08-31,S03,P401,6,31.5,10.0,1,C0959,UPI,9
T110499,2026-08-31,S03,P402,4,30.0,0.0,0,C0298,Card,11
T110500,2026-08-31,S03,P402,6,30.0,0.0,0,C1137,Card,12
T110501,2026-08-31,S03,P402,8,30.0,0.0,0,C0077,Card,18
T110502,2026-08-31,S03,P403,4,55.0,0.0,0,C0023,UPI,9
T110503,2026-08-31,S03,P403,11,55.0,0.0,0,C1143,UPI,18
T110504,2026-08-31,S03,P403,6,55.0,0.0,0,C0074,Card,21
T110505,2026-08-31,S03,P404,6,180.0,0.0,0,C0430,UPI,18
T110506,2026-08-31,S03,P501,5,210.0,0.0,0,C1014,Card,11
T110507,2026-08-31,S03,P502,6,145.0,0.0,0,C0552,Card,16
T110508,2026-08-31,S03,P503,5,95.0,0.0,0,C0912,UPI,20
T110509,2026-08-31,S03,P601,4,80.0,0.0,0,C1176,UPI,21
T110510,2026-08-31,S03,P601,7,80.0,0.0,0,C0511,UPI,9
T110511,2026-08-31,S04,P101,8,60.0,0.0,0,C0763,UPI,17
T110512,2026-08-31,S04,P101,7,60.0,0.0,0,C0205,UPI,12
T110513,2026-08-31,S04,P101,7,60.0,0.0,0,C0957,UPI,20
T110514,2026-08-31,S04,P102,6,45.0,0.0,0,C0509,Card,9
T110515,2026-08-31,S04,P102,5,45.0,0.0,0,C0579,UPI,17
T110516,2026-08-31,S04,P103,3,95.0,0.0,0,C0897,UPI,9
T110517,2026-08-31,S04,P103,6,95.0,0.0,0,C0506,UPI,8
T110518,2026-08-31,S04,P104,4,145.0,0.0,0,C0136,UPI,16
T110519,2026-08-31,S04,P201,7,120.0,0.0,0,C0785,Cash,18
T110520,2026-08-31,S04,P202,4,42.0,0.0,0,C0090,UPI,19
T110521,2026-08-31,S04,P202,6,42.0,0.0,0,C0272,UPI,10
T110522,2026-08-31,S04,P203,7,95.0,0.0,0,C0608,UPI,10
T110523,2026-08-31,S04,P203,3,95.0,0.0,0,C1118,UPI,20
T110524,2026-08-31,S04,P204,4,165.0,0.0,0,C0255,Card,21
T110525,2026-08-31,S04,P301,4,50.0,0.0,0,C0345,Card,21
T110526,2026-08-31,S04,P301,9,50.0,0.0,0,C1056,Card,12
T110527,2026-08-31,S04,P302,4,80.75,5.0,1,C0450,Card,18
T110528,2026-08-31,S04,P302,5,85.0,0.0,1,C0038,UPI,17
T110529,2026-08-31,S04,P303,4,99.0,10.0,1,C1192,UPI,13
T110530,2026-08-31,S04,P303,6,104.5,5.0,1,C0588,UPI,16
T110531,2026-08-31,S04,P304,12,25.0,0.0,0,C0254,Card,17
T110532,2026-08-31,S04,P304,13,25.0,0.0,0,C0271,Card,12
T110533,2026-08-31,S04,P304,10,25.0,0.0,0,C1156,UPI,21
T110534,2026-08-31,S04,P304,9,25.0,0.0,0,C0507,UPI,16
T110535,2026-08-31,S04,P401,6,35.0,0.0,0,C0174,UPI,19
T110536,2026-08-31,S04,P401,8,35.0,0.0,0,C0943,UPI,17
T110537,2026-08-31,S04,P401,9,35.0,0.0,0,C0308,Cash,11
T110538,2026-08-31,S04,P402,4,30.0,0.0,0,C0998,UPI,21
T110539,2026-08-31,S04,P402,8,30.0,0.0,0,C0077,UPI,20
T110540,2026-08-31,S04,P402,6,30.0,0.0,0,C0917,UPI,19
T110541,2026-08-31,S04,P402,9,30.0,0.0,0,C0344,Card,12
T110542,2026-08-31,S04,P403,6,55.0,0.0,0,C1106,UPI,13
T110543,2026-08-31,S04,P403,7,55.0,0.0,0,C0407,Cash,21
T110544,2026-08-31,S04,P403,4,55.0,0.0,0,C0593,Card,21
T110545,2026-08-31,S04,P404,5,162.0,10.0,1,C0895,UPI,13
T110546,2026-08-31,S04,P501,3,210.0,0.0,0,C0500,UPI,18
T110547,2026-08-31,S04,P501,6,210.0,0.0,0,C0994,Card,20
T110548,2026-08-31,S04,P502,4,145.0,0.0,0,C0498,Cash,11
T110549,2026-08-31,S04,P502,7,145.0,0.0,0,C0689,UPI,10
T110550,2026-08-31,S04,P503,6,85.5,10.0,1,C0689,Cash,10
T110551,2026-08-31,S04,P503,4,90.25,5.0,1,C0300,UPI,9
T110552,2026-08-31,S04,P601,8,80.0,0.0,0,C0132,Cash,18
T110553,2026-08-31,S04,P601,5,80.0,0.0,0,C0250,Card,11
T100011,2026-07-01,S01,P202,5,39.9,5.0,1,C0377,Card,21
T100251,2026-07-02,S02,P501,6,210.0,0.0,0,C1087,UPI,18
T100701,2026-07-05,S01,P304,9,25.0,0.0,0,C0301,UPI,18
T101201,2026-07-08,S01,P401,7,35.0,0.0,0,C0833,UPI,13
